statement_id,account_id,cycle_start,cycle_end,transmitted_at,due_date,previous_balance,purchases,credits,payments,fees,closing_balance,minimum_due
STM-CR-00001-202509,ACC-CR-00001,2025-08-31,2025-09-24,2025-09-25T13:00:00Z,2025-10-19,0.00,0.00,0.00,0.00,0.00,0.00,0.00
STM-CR-00001-202510,ACC-CR-00001,2025-09-25,2025-10-24,2025-10-25T13:00:00Z,2025-11-18,0.00,128.60,0.00,0.00,0.00,128.60,35.00
STM-CR-00001-202511,ACC-CR-00001,2025-10-25,2025-11-24,2025-11-25T14:00:00Z,2025-12-19,128.60,189.07,0.00,128.60,0.00,189.07,35.00
STM-CR-00001-202512,ACC-CR-00001,2025-11-25,2025-12-24,2025-12-25T14:00:00Z,2026-01-18,189.07,299.07,0.00,189.07,0.00,299.07,35.00
STM-CR-00001-202601,ACC-CR-00001,2025-12-25,2026-01-24,2026-01-25T14:00:00Z,2026-02-18,299.07,229.18,0.00,299.07,0.00,229.18,35.00
STM-CR-00001-202602,ACC-CR-00001,2026-01-25,2026-02-24,2026-02-25T14:00:00Z,2026-03-21,229.18,120.61,0.00,229.18,0.00,120.61,35.00
STM-CR-00001-202603,ACC-CR-00001,2026-02-25,2026-03-24,2026-03-25T13:00:00Z,2026-04-18,120.61,234.50,0.00,120.61,0.00,234.50,35.00
STM-CR-00001-202604,ACC-CR-00001,2026-03-25,2026-04-24,2026-04-25T13:00:00Z,2026-05-19,234.50,258.37,0.00,234.50,0.00,258.37,35.00
STM-CR-00001-202605,ACC-CR-00001,2026-04-25,2026-05-24,2026-05-25T13:00:00Z,2026-06-18,258.37,72.20,0.00,258.37,0.00,72.20,35.00
STM-CR-00001-202606,ACC-CR-00001,2026-05-25,2026-06-24,2026-06-25T13:00:00Z,2026-07-19,72.20,50.54,0.00,72.20,0.00,50.54,35.00
STM-CR-00001-202607,ACC-CR-00001,2026-06-25,2026-07-24,2026-07-25T13:00:00Z,2026-08-18,50.54,435.60,0.00,50.54,0.00,435.60,35.00
STM-CR-00001-202608,ACC-CR-00001,2026-07-25,2026-08-24,2026-08-25T13:00:00Z,2026-09-18,435.60,2313.90,0.00,435.60,0.00,2313.90,46.28
STM-CR-00001-202609,ACC-CR-00001,2026-08-25,2026-09-24,2026-09-25T13:00:00Z,2026-10-19,2313.90,93.19,0.00,2313.90,0.00,93.19,35.00
STM-CR-00002-202509,ACC-CR-00002,2025-08-31,2025-09-28,2025-09-29T13:00:00Z,2025-10-23,0.00,0.00,0.00,0.00,0.00,0.00,0.00
STM-CR-00002-202510,ACC-CR-00002,2025-09-29,2025-10-28,2025-10-29T13:00:00Z,2025-11-22,0.00,280.92,0.00,0.00,0.00,280.92,35.00
STM-CR-00002-202511,ACC-CR-00002,2025-10-29,2025-11-28,2025-11-29T14:00:00Z,2025-12-23,280.92,521.21,0.00,280.92,0.00,521.21,35.00
STM-CR-00002-202512,ACC-CR-00002,2025-11-29,2025-12-28,2025-12-29T14:00:00Z,2026-01-22,521.21,693.27,0.00,521.21,0.00,693.27,35.00
STM-CR-00002-202601,ACC-CR-00002,2025-12-29,2026-01-28,2026-01-29T14:00:00Z,2026-02-22,693.27,293.75,0.00,693.27,0.00,293.75,35.00
STM-CR-00002-202602,ACC-CR-00002,2026-01-29,2026-02-28,2026-03-01T14:00:00Z,2026-03-25,293.75,255.84,22.24,293.75,0.00,233.60,35.00
STM-CR-00002-202603,ACC-CR-00002,2026-03-01,2026-03-28,2026-03-29T13:00:00Z,2026-04-22,233.60,185.94,0.00,233.60,0.00,185.94,35.00
STM-CR-00002-202604,ACC-CR-00002,2026-03-29,2026-04-28,2026-04-29T13:00:00Z,2026-05-23,185.94,1011.72,0.00,185.94,0.00,1011.72,35.00
STM-CR-00002-202605,ACC-CR-00002,2026-04-29,2026-05-28,2026-05-29T13:00:00Z,2026-06-22,1011.72,238.93,0.00,1011.72,0.00,238.93,35.00
STM-CR-00002-202606,ACC-CR-00002,2026-05-29,2026-06-28,2026-06-29T13:00:00Z,2026-07-23,238.93,123.77,0.00,238.93,0.00,123.77,35.00
STM-CR-00002-202607,ACC-CR-00002,2026-06-29,2026-07-28,2026-07-29T13:00:00Z,2026-08-22,123.77,233.41,0.00,123.77,0.00,233.41,35.00
STM-CR-00002-202608,ACC-CR-00002,2026-07-29,2026-08-28,2026-08-29T13:00:00Z,2026-09-22,233.41,193.12,0.00,233.41,0.00,193.12,35.00
STM-CR-00002-202609,ACC-CR-00002,2026-08-29,2026-09-28,2026-09-29T13:00:00Z,2026-10-23,193.12,160.41,0.00,193.12,0.00,160.41,35.00
STM-CR-00003-202509,ACC-CR-00003,2025-08-31,2025-09-17,2025-09-18T13:00:00Z,2025-10-12,0.00,0.00,0.00,0.00,0.00,0.00,0.00
STM-CR-00003-202510,ACC-CR-00003,2025-09-18,2025-10-17,2025-10-18T13:00:00Z,2025-11-11,0.00,15.99,0.00,0.00,0.00,15.99,35.00
STM-CR-00003-202511,ACC-CR-00003,2025-10-18,2025-11-17,2025-11-18T14:00:00Z,2025-12-12,15.99,347.25,0.00,15.99,0.00,347.25,35.00
STM-CR-00003-202512,ACC-CR-00003,2025-11-18,2025-12-17,2025-12-18T14:00:00Z,2026-01-11,347.25,594.11,0.00,347.25,0.00,594.11,35.00
STM-CR-00003-202601,ACC-CR-00003,2025-12-18,2026-01-17,2026-01-18T14:00:00Z,2026-02-11,594.11,737.85,0.00,594.11,0.00,737.85,35.00
STM-CR-00003-202602,ACC-CR-00003,2026-01-18,2026-02-17,2026-02-18T14:00:00Z,2026-03-14,737.85,228.05,148.28,737.85,0.00,79.77,35.00
STM-CR-00003-202603,ACC-CR-00003,2026-02-18,2026-03-17,2026-03-18T13:00:00Z,2026-04-11,79.77,216.38,0.00,79.77,0.00,216.38,35.00
STM-CR-00003-202604,ACC-CR-00003,2026-03-18,2026-04-17,2026-04-18T13:00:00Z,2026-05-12,216.38,259.81,0.00,216.38,0.00,259.81,35.00
STM-CR-00003-202605,ACC-CR-00003,2026-04-18,2026-05-17,2026-05-18T13:00:00Z,2026-06-11,259.81,787.18,0.00,259.81,0.00,787.18,35.00
STM-CR-00003-202606,ACC-CR-00003,2026-05-18,2026-06-17,2026-06-18T13:00:00Z,2026-07-12,787.18,254.65,0.00,787.18,0.00,254.65,35.00
STM-CR-00003-202607,ACC-CR-00003,2026-06-18,2026-07-17,2026-07-18T13:00:00Z,2026-08-11,254.65,191.23,0.00,254.65,0.00,191.23,35.00
STM-CR-00003-202608,ACC-CR-00003,2026-07-18,2026-08-17,2026-08-18T13:00:00Z,2026-09-11,191.23,198.50,0.00,191.23,0.00,198.50,35.00
STM-CR-00003-202609,ACC-CR-00003,2026-08-18,2026-09-17,2026-09-18T13:00:00Z,2026-10-12,198.50,357.52,0.00,198.50,0.00,357.52,35.00
STM-CR-00003-202610,ACC-CR-00003,2026-09-18,2026-10-17,2026-10-18T13:00:00Z,2026-11-11,357.52,350.89,0.00,357.52,0.00,350.89,35.00
STM-CR-00004-202509,ACC-CR-00004,2025-08-31,2025-09-20,2025-09-21T13:00:00Z,2025-10-15,0.00,0.00,0.00,0.00,0.00,0.00,0.00
STM-CR-00004-202510,ACC-CR-00004,2025-09-21,2025-10-20,2025-10-21T13:00:00Z,2025-11-14,0.00,48.84,0.00,0.00,0.00,48.84,35.00
STM-CR-00004-202511,ACC-CR-00004,2025-10-21,2025-11-20,2025-11-21T14:00:00Z,2025-12-15,48.84,238.80,0.00,48.84,0.00,238.80,35.00
STM-CR-00004-202512,ACC-CR-00004,2025-11-21,2025-12-20,2025-12-21T14:00:00Z,2026-01-14,238.80,313.44,0.00,238.80,0.00,313.44,35.00
STM-CR-00004-202601,ACC-CR-00004,2025-12-21,2026-01-20,2026-01-21T14:00:00Z,2026-02-14,313.44,162.49,0.00,313.44,0.00,162.49,35.00
STM-CR-00004-202602,ACC-CR-00004,2026-01-21,2026-02-20,2026-02-21T14:00:00Z,2026-03-17,162.49,776.17,0.00,162.49,0.00,776.17,35.00
STM-CR-00004-202603,ACC-CR-00004,2026-02-21,2026-03-20,2026-03-21T13:00:00Z,2026-04-14,776.17,149.48,0.00,776.17,0.00,149.48,35.00
STM-CR-00004-202604,ACC-CR-00004,2026-03-21,2026-04-20,2026-04-21T13:00:00Z,2026-05-15,149.48,434.56,0.00,149.48,0.00,434.56,35.00
STM-CR-00004-202605,ACC-CR-00004,2026-04-21,2026-05-20,2026-05-21T13:00:00Z,2026-06-14,434.56,102.06,0.00,434.56,0.00,102.06,35.00
STM-CR-00004-202606,ACC-CR-00004,2026-05-21,2026-06-20,2026-06-21T13:00:00Z,2026-07-15,102.06,421.02,0.00,102.06,0.00,421.02,35.00
STM-CR-00004-202607,ACC-CR-00004,2026-06-21,2026-07-20,2026-07-21T13:00:00Z,2026-08-14,421.02,100.10,0.00,421.02,0.00,100.10,35.00
STM-CR-00004-202608,ACC-CR-00004,2026-07-21,2026-08-20,2026-08-21T13:00:00Z,2026-09-14,100.10,457.80,0.00,100.10,0.00,457.80,35.00
STM-CR-00004-202609,ACC-CR-00004,2026-08-21,2026-09-20,2026-09-21T13:00:00Z,2026-10-15,457.80,367.39,0.00,457.80,0.00,367.39,35.00
STM-CR-00004-202610,ACC-CR-00004,2026-09-21,2026-10-20,2026-10-21T13:00:00Z,2026-11-14,367.39,2496.43,0.00,367.39,0.00,2496.43,49.93
STM-CR-00005-202509,ACC-CR-00005,2025-08-31,2025-09-18,2025-09-19T13:00:00Z,2025-10-13,0.00,0.00,0.00,0.00,0.00,0.00,0.00
STM-CR-00005-202510,ACC-CR-00005,2025-09-19,2025-10-18,2025-10-19T13:00:00Z,2025-11-12,0.00,29.00,0.00,0.00,0.00,29.00,35.00
STM-CR-00005-202511,ACC-CR-00005,2025-10-19,2025-11-18,2025-11-19T14:00:00Z,2025-12-13,29.00,466.03,0.00,11.60,0.00,483.43,35.00
STM-CR-00005-202512,ACC-CR-00005,2025-11-19,2025-12-18,2025-12-19T14:00:00Z,2026-01-12,483.43,221.47,0.00,193.37,0.00,511.53,35.00
STM-CR-00005-202601,ACC-CR-00005,2025-12-19,2026-01-18,2026-01-19T14:00:00Z,2026-02-12,511.53,602.69,0.00,204.61,0.00,909.61,35.00
STM-CR-00005-202602,ACC-CR-00005,2026-01-19,2026-02-18,2026-02-19T14:00:00Z,2026-03-15,909.61,412.24,0.00,363.84,0.00,958.01,35.00
STM-CR-00005-202603,ACC-CR-00005,2026-02-19,2026-03-18,2026-03-19T13:00:00Z,2026-04-12,958.01,790.92,0.00,383.20,0.00,1365.73,35.00
STM-CR-00005-202604,ACC-CR-00005,2026-03-19,2026-04-18,2026-04-19T13:00:00Z,2026-05-13,1365.73,183.99,66.83,546.29,0.00,936.60,35.00
STM-CR-00005-202605,ACC-CR-00005,2026-04-19,2026-05-18,2026-05-19T13:00:00Z,2026-06-12,936.60,1340.54,0.00,374.64,0.00,1902.50,38.05
STM-CR-00005-202606,ACC-CR-00005,2026-05-19,2026-06-18,2026-06-19T13:00:00Z,2026-07-13,1902.50,600.39,0.00,761.00,0.00,1741.89,35.00
STM-CR-00005-202607,ACC-CR-00005,2026-06-19,2026-07-18,2026-07-19T13:00:00Z,2026-08-12,1741.89,456.53,0.00,696.76,0.00,1501.66,35.00
STM-CR-00005-202608,ACC-CR-00005,2026-07-19,2026-08-18,2026-08-19T13:00:00Z,2026-09-12,1501.66,1259.70,0.00,600.66,0.00,2160.70,43.21
STM-CR-00005-202609,ACC-CR-00005,2026-08-19,2026-09-18,2026-09-19T13:00:00Z,2026-10-13,2160.70,406.21,0.00,864.28,0.00,1702.63,35.00
STM-CR-00005-202610,ACC-CR-00005,2026-09-19,2026-10-18,2026-10-19T13:00:00Z,2026-11-12,1702.63,468.96,0.00,681.05,0.00,1490.54,35.00
STM-CR-00006-202509,ACC-CR-00006,2025-08-31,2025-09-17,2025-09-18T13:00:00Z,2025-10-12,0.00,0.00,0.00,0.00,0.00,0.00,0.00
STM-CR-00006-202510,ACC-CR-00006,2025-09-18,2025-10-17,2025-10-18T13:00:00Z,2025-11-11,0.00,262.94,0.00,0.00,0.00,262.94,35.00
STM-CR-00006-202511,ACC-CR-00006,2025-10-18,2025-11-17,2025-11-18T14:00:00Z,2025-12-12,262.94,81.77,0.00,35.00,0.00,309.71,35.00
STM-CR-00006-202512,ACC-CR-00006,2025-11-18,2025-12-17,2025-12-18T14:00:00Z,2026-01-11,309.71,388.76,0.00,35.00,0.00,663.47,35.00
STM-CR-00006-202601,ACC-CR-00006,2025-12-18,2026-01-17,2026-01-18T14:00:00Z,2026-02-11,663.47,422.86,0.00,35.00,0.00,1051.33,35.00
STM-CR-00006-202602,ACC-CR-00006,2026-01-18,2026-02-17,2026-02-18T14:00:00Z,2026-03-14,1051.33,289.21,0.00,35.00,0.00,1305.54,35.00
STM-CR-00006-202603,ACC-CR-00006,2026-02-18,2026-03-17,2026-03-18T13:00:00Z,2026-04-11,1305.54,603.31,0.00,35.00,0.00,1873.85,37.48
STM-CR-00006-202604,ACC-CR-00006,2026-03-18,2026-04-17,2026-04-18T13:00:00Z,2026-05-12,1873.85,107.80,0.00,37.48,0.00,1944.17,38.88
STM-CR-00006-202605,ACC-CR-00006,2026-04-18,2026-05-17,2026-05-18T13:00:00Z,2026-06-11,1944.17,324.48,0.00,38.88,0.00,2229.77,44.60
STM-CR-00006-202606,ACC-CR-00006,2026-05-18,2026-06-17,2026-06-18T13:00:00Z,2026-07-12,2229.77,236.11,0.00,44.60,0.00,2421.28,48.43
STM-CR-00006-202607,ACC-CR-00006,2026-06-18,2026-07-17,2026-07-18T13:00:00Z,2026-08-11,2421.28,269.32,0.00,48.43,0.00,2642.17,52.84
STM-CR-00006-202608,ACC-CR-00006,2026-07-18,2026-08-17,2026-08-18T13:00:00Z,2026-09-11,2642.17,970.65,0.00,52.84,0.00,3559.98,71.20
STM-CR-00006-202609,ACC-CR-00006,2026-08-18,2026-09-17,2026-09-18T13:00:00Z,2026-10-12,3559.98,0.00,0.00,71.20,0.00,3488.78,69.78
STM-CR-00006-202610,ACC-CR-00006,2026-09-18,2026-10-17,2026-10-18T13:00:00Z,2026-11-11,3488.78,462.84,0.00,69.78,0.00,3881.84,77.64
STM-CR-00007-202509,ACC-CR-00007,2025-08-31,2025-09-22,2025-09-23T13:00:00Z,2025-10-17,0.00,0.00,0.00,0.00,0.00,0.00,0.00
STM-CR-00007-202510,ACC-CR-00007,2025-09-23,2025-10-22,2025-10-23T13:00:00Z,2025-11-16,0.00,349.99,0.00,0.00,0.00,349.99,35.00
STM-CR-00007-202511,ACC-CR-00007,2025-10-23,2025-11-22,2025-11-23T14:00:00Z,2025-12-17,349.99,227.08,0.00,140.00,0.00,437.07,35.00
STM-CR-00007-202512,ACC-CR-00007,2025-11-23,2025-12-22,2025-12-23T14:00:00Z,2026-01-16,437.07,358.52,0.00,174.83,0.00,620.76,35.00
STM-CR-00007-202601,ACC-CR-00007,2025-12-23,2026-01-22,2026-01-23T14:00:00Z,2026-02-16,620.76,231.79,0.00,248.30,0.00,604.25,35.00
STM-CR-00007-202602,ACC-CR-00007,2026-01-23,2026-02-22,2026-02-23T14:00:00Z,2026-03-19,604.25,179.39,0.00,241.70,0.00,541.94,35.00
STM-CR-00007-202603,ACC-CR-00007,2026-02-23,2026-03-22,2026-03-23T13:00:00Z,2026-04-16,541.94,196.68,0.00,216.78,0.00,521.84,35.00
STM-CR-00007-202604,ACC-CR-00007,2026-03-23,2026-04-22,2026-04-23T13:00:00Z,2026-05-17,521.84,720.33,0.00,208.74,0.00,1033.43,35.00
STM-CR-00007-202605,ACC-CR-00007,2026-04-23,2026-05-22,2026-05-23T13:00:00Z,2026-06-16,1033.43,343.14,0.00,413.37,0.00,963.20,35.00
STM-CR-00007-202606,ACC-CR-00007,2026-05-23,2026-06-22,2026-06-23T13:00:00Z,2026-07-17,963.20,108.37,0.00,385.28,0.00,686.29,35.00
STM-CR-00007-202607,ACC-CR-00007,2026-06-23,2026-07-22,2026-07-23T13:00:00Z,2026-08-16,686.29,208.29,0.00,274.52,0.00,620.06,35.00
STM-CR-00007-202608,ACC-CR-00007,2026-07-23,2026-08-22,2026-08-23T13:00:00Z,2026-09-16,620.06,161.36,0.00,248.02,0.00,533.40,35.00
STM-CR-00007-202609,ACC-CR-00007,2026-08-23,2026-09-22,2026-09-23T13:00:00Z,2026-10-17,533.40,259.39,0.00,213.36,0.00,579.43,35.00
STM-CR-00008-202509,ACC-CR-00008,2025-08-31,2025-09-28,2025-09-29T13:00:00Z,2025-10-23,0.00,0.00,0.00,0.00,0.00,0.00,0.00
STM-CR-00008-202510,ACC-CR-00008,2025-09-29,2025-10-28,2025-10-29T13:00:00Z,2025-11-22,0.00,478.07,0.00,0.00,0.00,478.07,35.00
STM-CR-00008-202511,ACC-CR-00008,2025-10-29,2025-11-28,2025-11-29T14:00:00Z,2025-12-23,478.07,614.50,0.00,478.07,0.00,614.50,35.00
STM-CR-00008-202512,ACC-CR-00008,2025-11-29,2025-12-28,2025-12-29T14:00:00Z,2026-01-22,614.50,539.23,0.00,614.50,0.00,539.23,35.00
STM-CR-00008-202601,ACC-CR-00008,2025-12-29,2026-01-28,2026-01-29T14:00:00Z,2026-02-22,539.23,581.48,0.00,539.23,0.00,581.48,35.00
STM-CR-00008-202602,ACC-CR-00008,2026-01-29,2026-02-28,2026-03-01T14:00:00Z,2026-03-25,581.48,208.41,0.00,581.48,0.00,208.41,35.00
STM-CR-00008-202603,ACC-CR-00008,2026-03-01,2026-03-28,2026-03-29T13:00:00Z,2026-04-22,208.41,336.21,0.00,208.41,0.00,336.21,35.00
STM-CR-00008-202604,ACC-CR-00008,2026-03-29,2026-04-28,2026-04-29T13:00:00Z,2026-05-23,336.21,289.95,0.00,336.21,0.00,289.95,35.00
STM-CR-00008-202605,ACC-CR-00008,2026-04-29,2026-05-28,2026-05-29T13:00:00Z,2026-06-22,289.95,477.11,0.00,289.95,0.00,477.11,35.00
STM-CR-00008-202606,ACC-CR-00008,2026-05-29,2026-06-28,2026-06-29T13:00:00Z,2026-07-23,477.11,728.23,0.00,477.11,0.00,728.23,35.00
STM-CR-00008-202607,ACC-CR-00008,2026-06-29,2026-07-28,2026-07-29T13:00:00Z,2026-08-22,728.23,451.93,0.00,728.23,0.00,451.93,35.00
STM-CR-00008-202608,ACC-CR-00008,2026-07-29,2026-08-28,2026-08-29T13:00:00Z,2026-09-22,451.93,2308.91,0.00,451.93,0.00,2308.91,46.18
STM-CR-00008-202609,ACC-CR-00008,2026-08-29,2026-09-28,2026-09-29T13:00:00Z,2026-10-23,2308.91,374.78,0.00,2308.91,0.00,374.78,35.00
STM-CR-00009-202509,ACC-CR-00009,2025-08-31,2025-09-12,2025-09-13T13:00:00Z,2025-10-07,0.00,0.00,0.00,0.00,0.00,0.00,0.00
STM-CR-00009-202510,ACC-CR-00009,2025-09-13,2025-10-12,2025-10-13T13:00:00Z,2025-11-06,0.00,106.92,0.00,0.00,0.00,106.92,35.00
STM-CR-00009-202511,ACC-CR-00009,2025-10-13,2025-11-12,2025-11-13T14:00:00Z,2025-12-07,106.92,175.94,0.00,106.92,0.00,175.94,35.00
STM-CR-00009-202512,ACC-CR-00009,2025-11-13,2025-12-12,2025-12-13T14:00:00Z,2026-01-06,175.94,275.15,0.00,175.94,0.00,275.15,35.00
STM-CR-00009-202601,ACC-CR-00009,2025-12-13,2026-01-12,2026-01-13T14:00:00Z,2026-02-06,275.15,207.68,0.00,275.15,0.00,207.68,35.00
STM-CR-00009-202602,ACC-CR-00009,2026-01-13,2026-02-12,2026-02-13T14:00:00Z,2026-03-09,207.68,260.61,0.00,207.68,0.00,260.61,35.00
STM-CR-00009-202603,ACC-CR-00009,2026-02-13,2026-03-12,2026-03-13T13:00:00Z,2026-04-06,260.61,234.97,0.00,260.61,0.00,234.97,35.00
STM-CR-00009-202604,ACC-CR-00009,2026-03-13,2026-04-12,2026-04-13T13:00:00Z,2026-05-07,234.97,246.88,0.00,234.97,0.00,246.88,35.00
STM-CR-00009-202605,ACC-CR-00009,2026-04-13,2026-05-12,2026-05-13T13:00:00Z,2026-06-06,246.88,370.57,0.00,246.88,0.00,370.57,35.00
STM-CR-00009-202606,ACC-CR-00009,2026-05-13,2026-06-12,2026-06-13T13:00:00Z,2026-07-07,370.57,141.18,0.00,370.57,0.00,141.18,35.00
STM-CR-00009-202607,ACC-CR-00009,2026-06-13,2026-07-12,2026-07-13T13:00:00Z,2026-08-06,141.18,218.80,0.00,141.18,0.00,218.80,35.00
STM-CR-00009-202608,ACC-CR-00009,2026-07-13,2026-08-12,2026-08-13T13:00:00Z,2026-09-06,218.80,943.35,0.00,218.80,0.00,943.35,35.00
STM-CR-00009-202609,ACC-CR-00009,2026-08-13,2026-09-12,2026-09-13T13:00:00Z,2026-10-07,943.35,46.87,0.00,943.35,0.00,46.87,35.00
STM-CR-00009-202610,ACC-CR-00009,2026-09-13,2026-10-12,2026-10-13T13:00:00Z,2026-11-06,46.87,419.89,0.00,46.87,0.00,419.89,35.00
STM-CR-00010-202509,ACC-CR-00010,2025-08-31,2025-09-28,2025-09-29T13:00:00Z,2025-10-23,0.00,0.00,0.00,0.00,0.00,0.00,0.00
STM-CR-00010-202510,ACC-CR-00010,2025-09-29,2025-10-28,2025-10-29T13:00:00Z,2025-11-22,0.00,403.54,0.00,0.00,0.00,403.54,35.00
STM-CR-00010-202511,ACC-CR-00010,2025-10-29,2025-11-28,2025-11-29T14:00:00Z,2025-12-23,403.54,540.14,0.00,403.54,0.00,540.14,35.00
STM-CR-00010-202512,ACC-CR-00010,2025-11-29,2025-12-28,2025-12-29T14:00:00Z,2026-01-22,540.14,722.35,0.00,540.14,0.00,722.35,35.00
STM-CR-00010-202601,ACC-CR-00010,2025-12-29,2026-01-28,2026-01-29T14:00:00Z,2026-02-22,722.35,481.35,160.07,722.35,0.00,321.28,35.00
STM-CR-00010-202602,ACC-CR-00010,2026-01-29,2026-02-28,2026-03-01T14:00:00Z,2026-03-25,321.28,419.27,0.00,321.28,0.00,419.27,35.00
STM-CR-00010-202603,ACC-CR-00010,2026-03-01,2026-03-28,2026-03-29T13:00:00Z,2026-04-22,419.27,533.85,0.00,419.27,0.00,533.85,35.00
STM-CR-00010-202604,ACC-CR-00010,2026-03-29,2026-04-28,2026-04-29T13:00:00Z,2026-05-23,533.85,328.72,0.00,533.85,0.00,328.72,35.00
STM-CR-00010-202605,ACC-CR-00010,2026-04-29,2026-05-28,2026-05-29T13:00:00Z,2026-06-22,328.72,619.17,0.00,328.72,0.00,619.17,35.00
STM-CR-00010-202606,ACC-CR-00010,2026-05-29,2026-06-28,2026-06-29T13:00:00Z,2026-07-23,619.17,291.43,0.00,619.17,0.00,291.43,35.00
STM-CR-00010-202607,ACC-CR-00010,2026-06-29,2026-07-28,2026-07-29T13:00:00Z,2026-08-22,291.43,421.97,0.00,291.43,0.00,421.97,35.00
STM-CR-00010-202608,ACC-CR-00010,2026-07-29,2026-08-28,2026-08-29T13:00:00Z,2026-09-22,421.97,239.13,0.00,421.97,0.00,239.13,35.00
STM-CR-00010-202609,ACC-CR-00010,2026-08-29,2026-09-28,2026-09-29T13:00:00Z,2026-10-23,239.13,1214.52,0.00,239.13,0.00,1214.52,35.00
STM-CR-00011-202509,ACC-CR-00011,2025-08-31,2025-09-28,2025-09-29T13:00:00Z,2025-10-23,0.00,0.00,0.00,0.00,0.00,0.00,0.00
STM-CR-00011-202510,ACC-CR-00011,2025-09-29,2025-10-28,2025-10-29T13:00:00Z,2025-11-22,0.00,355.52,0.00,0.00,0.00,355.52,35.00
STM-CR-00011-202511,ACC-CR-00011,2025-10-29,2025-11-28,2025-11-29T14:00:00Z,2025-12-23,355.52,266.92,0.00,355.52,0.00,266.92,35.00
STM-CR-00011-202512,ACC-CR-00011,2025-11-29,2025-12-28,2025-12-29T14:00:00Z,2026-01-22,266.92,365.78,0.00,266.92,0.00,365.78,35.00
STM-CR-00011-202601,ACC-CR-00011,2025-12-29,2026-01-28,2026-01-29T14:00:00Z,2026-02-22,365.78,407.59,0.00,365.78,0.00,407.59,35.00
STM-CR-00011-202602,ACC-CR-00011,2026-01-29,2026-02-28,2026-03-01T14:00:00Z,2026-03-25,407.59,434.27,0.00,407.59,0.00,434.27,35.00
STM-CR-00011-202603,ACC-CR-00011,2026-03-01,2026-03-28,2026-03-29T13:00:00Z,2026-04-22,434.27,403.36,0.00,434.27,0.00,403.36,35.00
STM-CR-00011-202604,ACC-CR-00011,2026-03-29,2026-04-28,2026-04-29T13:00:00Z,2026-05-23,403.36,372.74,0.00,403.36,0.00,372.74,35.00
STM-CR-00011-202605,ACC-CR-00011,2026-04-29,2026-05-28,2026-05-29T13:00:00Z,2026-06-22,372.74,1226.29,0.00,372.74,0.00,1226.29,35.00
STM-CR-00011-202606,ACC-CR-00011,2026-05-29,2026-06-28,2026-06-29T13:00:00Z,2026-07-23,1226.29,436.02,0.00,1226.29,0.00,436.02,35.00
STM-CR-00011-202607,ACC-CR-00011,2026-06-29,2026-07-28,2026-07-29T13:00:00Z,2026-08-22,436.02,529.70,0.00,436.02,0.00,529.70,35.00
STM-CR-00011-202608,ACC-CR-00011,2026-07-29,2026-08-28,2026-08-29T13:00:00Z,2026-09-22,529.70,480.37,0.00,529.70,0.00,480.37,35.00
STM-CR-00011-202609,ACC-CR-00011,2026-08-29,2026-09-28,2026-09-29T13:00:00Z,2026-10-23,480.37,1273.09,132.60,480.37,0.00,1140.49,35.00
STM-CR-00012-202509,ACC-CR-00012,2025-08-31,2025-09-14,2025-09-15T13:00:00Z,2025-10-09,0.00,0.00,0.00,0.00,0.00,0.00,0.00
STM-CR-00012-202510,ACC-CR-00012,2025-09-15,2025-10-14,2025-10-15T13:00:00Z,2025-11-08,0.00,17.99,0.00,0.00,0.00,17.99,35.00
STM-CR-00012-202511,ACC-CR-00012,2025-10-15,2025-11-14,2025-11-15T14:00:00Z,2025-12-09,17.99,580.29,0.00,17.99,0.00,580.29,35.00
STM-CR-00012-202512,ACC-CR-00012,2025-11-15,2025-12-14,2025-12-15T14:00:00Z,2026-01-08,580.29,433.13,0.00,580.29,0.00,433.13,35.00
STM-CR-00012-202601,ACC-CR-00012,2025-12-15,2026-01-14,2026-01-15T14:00:00Z,2026-02-08,433.13,325.62,0.00,433.13,0.00,325.62,35.00
STM-CR-00012-202602,ACC-CR-00012,2026-01-15,2026-02-14,2026-02-15T14:00:00Z,2026-03-11,325.62,45.75,0.00,325.62,0.00,45.75,35.00
STM-CR-00012-202603,ACC-CR-00012,2026-02-15,2026-03-14,2026-03-15T13:00:00Z,2026-04-08,45.75,748.92,0.00,45.75,0.00,748.92,35.00
STM-CR-00012-202604,ACC-CR-00012,2026-03-15,2026-04-14,2026-04-15T13:00:00Z,2026-05-09,748.92,691.37,0.00,748.92,0.00,691.37,35.00
STM-CR-00012-202605,ACC-CR-00012,2026-04-15,2026-05-14,2026-05-15T13:00:00Z,2026-06-08,691.37,341.16,0.00,691.37,0.00,341.16,35.00
STM-CR-00012-202606,ACC-CR-00012,2026-05-15,2026-06-14,2026-06-15T13:00:00Z,2026-07-09,341.16,238.03,0.00,341.16,0.00,238.03,35.00
STM-CR-00012-202607,ACC-CR-00012,2026-06-15,2026-07-14,2026-07-15T13:00:00Z,2026-08-08,238.03,409.47,0.00,238.03,0.00,409.47,35.00
STM-CR-00012-202608,ACC-CR-00012,2026-07-15,2026-08-14,2026-08-15T13:00:00Z,2026-09-08,409.47,355.20,0.00,409.47,0.00,355.20,35.00
STM-CR-00012-202609,ACC-CR-00012,2026-08-15,2026-09-14,2026-09-15T13:00:00Z,2026-10-09,355.20,625.69,0.00,355.20,0.00,625.69,35.00
STM-CR-00012-202610,ACC-CR-00012,2026-09-15,2026-10-14,2026-10-15T13:00:00Z,2026-11-08,625.69,2185.04,0.00,625.69,0.00,2185.04,43.70
STM-CR-00013-202509,ACC-CR-00013,2025-08-31,2025-09-15,2025-09-16T13:00:00Z,2025-10-10,0.00,0.00,0.00,0.00,0.00,0.00,0.00
STM-CR-00013-202510,ACC-CR-00013,2025-09-16,2025-10-15,2025-10-16T13:00:00Z,2025-11-09,0.00,403.41,0.00,0.00,0.00,403.41,35.00
STM-CR-00013-202511,ACC-CR-00013,2025-10-16,2025-11-15,2025-11-16T14:00:00Z,2025-12-10,403.41,777.53,0.00,403.41,0.00,777.53,35.00
STM-CR-00013-202512,ACC-CR-00013,2025-11-16,2025-12-15,2025-12-16T14:00:00Z,2026-01-09,777.53,151.00,0.00,777.53,0.00,151.00,35.00
STM-CR-00013-202601,ACC-CR-00013,2025-12-16,2026-01-15,2026-01-16T14:00:00Z,2026-02-09,151.00,203.94,0.00,151.00,0.00,203.94,35.00
STM-CR-00013-202602,ACC-CR-00013,2026-01-16,2026-02-15,2026-02-16T14:00:00Z,2026-03-12,203.94,499.86,0.00,203.94,0.00,499.86,35.00
STM-CR-00013-202603,ACC-CR-00013,2026-02-16,2026-03-15,2026-03-16T13:00:00Z,2026-04-09,499.86,283.53,0.00,499.86,0.00,283.53,35.00
STM-CR-00013-202604,ACC-CR-00013,2026-03-16,2026-04-15,2026-04-16T13:00:00Z,2026-05-10,283.53,400.11,0.00,283.53,0.00,400.11,35.00
STM-CR-00013-202605,ACC-CR-00013,2026-04-16,2026-05-15,2026-05-16T13:00:00Z,2026-06-09,400.11,299.50,0.00,400.11,0.00,299.50,35.00
STM-CR-00013-202606,ACC-CR-00013,2026-05-16,2026-06-15,2026-06-16T13:00:00Z,2026-07-10,299.50,1605.45,0.00,299.50,0.00,1605.45,35.00
STM-CR-00013-202607,ACC-CR-00013,2026-06-16,2026-07-15,2026-07-16T13:00:00Z,2026-08-09,1605.45,476.94,0.00,1605.45,0.00,476.94,35.00
STM-CR-00013-202608,ACC-CR-00013,2026-07-16,2026-08-15,2026-08-16T13:00:00Z,2026-09-09,476.94,496.60,0.00,476.94,0.00,496.60,35.00
STM-CR-00013-202609,ACC-CR-00013,2026-08-16,2026-09-15,2026-09-16T13:00:00Z,2026-10-10,496.60,564.80,0.00,496.60,0.00,564.80,35.00
STM-CR-00013-202610,ACC-CR-00013,2026-09-16,2026-10-15,2026-10-16T13:00:00Z,2026-11-09,564.80,117.65,0.00,564.80,0.00,117.65,35.00
STM-CR-00014-202509,ACC-CR-00014,2025-08-31,2025-09-28,2025-09-29T13:00:00Z,2025-10-23,0.00,0.00,0.00,0.00,0.00,0.00,0.00
STM-CR-00014-202510,ACC-CR-00014,2025-09-29,2025-10-28,2025-10-29T13:00:00Z,2025-11-22,0.00,270.66,0.00,0.00,0.00,270.66,35.00
STM-CR-00014-202511,ACC-CR-00014,2025-10-29,2025-11-28,2025-11-29T14:00:00Z,2025-12-23,270.66,410.05,0.00,108.26,0.00,572.45,35.00
STM-CR-00014-202512,ACC-CR-00014,2025-11-29,2025-12-28,2025-12-29T14:00:00Z,2026-01-22,572.45,322.22,0.00,228.98,0.00,665.69,35.00
STM-CR-00014-202601,ACC-CR-00014,2025-12-29,2026-01-28,2026-01-29T14:00:00Z,2026-02-22,665.69,325.82,0.00,266.28,0.00,725.23,35.00
STM-CR-00014-202602,ACC-CR-00014,2026-01-29,2026-02-28,2026-03-01T14:00:00Z,2026-03-25,725.23,304.55,0.00,290.09,0.00,739.69,35.00
STM-CR-00014-202603,ACC-CR-00014,2026-03-01,2026-03-28,2026-03-29T13:00:00Z,2026-04-22,739.69,265.25,0.00,295.88,0.00,709.06,35.00
STM-CR-00014-202604,ACC-CR-00014,2026-03-29,2026-04-28,2026-04-29T13:00:00Z,2026-05-23,709.06,262.14,0.00,283.62,0.00,687.58,35.00
STM-CR-00014-202605,ACC-CR-00014,2026-04-29,2026-05-28,2026-05-29T13:00:00Z,2026-06-22,687.58,628.13,0.00,275.03,0.00,1040.68,35.00
STM-CR-00014-202606,ACC-CR-00014,2026-05-29,2026-06-28,2026-06-29T13:00:00Z,2026-07-23,1040.68,363.31,0.00,416.27,0.00,987.72,35.00
STM-CR-00014-202607,ACC-CR-00014,2026-06-29,2026-07-28,2026-07-29T13:00:00Z,2026-08-22,987.72,376.45,0.00,395.09,0.00,969.08,35.00
STM-CR-00014-202608,ACC-CR-00014,2026-07-29,2026-08-28,2026-08-29T13:00:00Z,2026-09-22,969.08,375.88,0.00,387.63,0.00,957.33,35.00
STM-CR-00014-202609,ACC-CR-00014,2026-08-29,2026-09-28,2026-09-29T13:00:00Z,2026-10-23,957.33,351.84,0.00,382.93,0.00,926.24,35.00
STM-CR-00015-202509,ACC-CR-00015,2025-08-31,2025-09-12,2025-09-13T13:00:00Z,2025-10-07,0.00,0.00,0.00,0.00,0.00,0.00,0.00
STM-CR-00015-202510,ACC-CR-00015,2025-09-13,2025-10-12,2025-10-13T13:00:00Z,2025-11-06,0.00,12.33,0.00,0.00,0.00,12.33,35.00
STM-CR-00015-202511,ACC-CR-00015,2025-10-13,2025-11-12,2025-11-13T14:00:00Z,2025-12-07,12.33,269.62,0.00,4.93,0.00,277.02,35.00
STM-CR-00015-202512,ACC-CR-00015,2025-11-13,2025-12-12,2025-12-13T14:00:00Z,2026-01-06,277.02,456.25,0.00,110.81,0.00,622.46,35.00
STM-CR-00015-202601,ACC-CR-00015,2025-12-13,2026-01-12,2026-01-13T14:00:00Z,2026-02-06,622.46,442.01,0.00,248.98,0.00,815.49,35.00
STM-CR-00015-202602,ACC-CR-00015,2026-01-13,2026-02-12,2026-02-13T14:00:00Z,2026-03-09,815.49,213.31,0.00,326.20,0.00,702.60,35.00
STM-CR-00015-202603,ACC-CR-00015,2026-02-13,2026-03-12,2026-03-13T13:00:00Z,2026-04-06,702.60,273.51,0.00,281.04,0.00,695.07,35.00
STM-CR-00015-202604,ACC-CR-00015,2026-03-13,2026-04-12,2026-04-13T13:00:00Z,2026-05-07,695.07,274.48,0.00,278.03,0.00,691.52,35.00
STM-CR-00015-202605,ACC-CR-00015,2026-04-13,2026-05-12,2026-05-13T13:00:00Z,2026-06-06,691.52,335.46,0.00,276.61,0.00,750.37,35.00
STM-CR-00015-202606,ACC-CR-00015,2026-05-13,2026-06-12,2026-06-13T13:00:00Z,2026-07-07,750.37,467.96,0.00,300.15,0.00,918.18,35.00
STM-CR-00015-202607,ACC-CR-00015,2026-06-13,2026-07-12,2026-07-13T13:00:00Z,2026-08-06,918.18,856.18,0.00,367.27,0.00,1407.09,35.00
STM-CR-00015-202608,ACC-CR-00015,2026-07-13,2026-08-12,2026-08-13T13:00:00Z,2026-09-06,1407.09,189.48,0.00,562.84,0.00,1033.73,35.00
STM-CR-00015-202609,ACC-CR-00015,2026-08-13,2026-09-12,2026-09-13T13:00:00Z,2026-10-07,1033.73,93.04,0.00,413.49,0.00,713.28,35.00
STM-CR-00015-202610,ACC-CR-00015,2026-09-13,2026-10-12,2026-10-13T13:00:00Z,2026-11-06,713.28,1275.54,0.00,285.31,0.00,1703.51,35.00
STM-CR-00016-202509,ACC-CR-00016,2025-08-31,2025-09-07,2025-09-08T13:00:00Z,2025-10-02,0.00,0.00,0.00,0.00,0.00,0.00,0.00
STM-CR-00016-202510,ACC-CR-00016,2025-09-08,2025-10-07,2025-10-08T13:00:00Z,2025-11-01,0.00,0.00,0.00,0.00,0.00,0.00,0.00
STM-CR-00016-202511,ACC-CR-00016,2025-10-08,2025-11-07,2025-11-08T14:00:00Z,2025-12-02,0.00,389.78,0.00,0.00,0.00,389.78,35.00
STM-CR-00016-202512,ACC-CR-00016,2025-11-08,2025-12-07,2025-12-08T14:00:00Z,2026-01-01,389.78,175.31,0.00,155.91,0.00,409.18,35.00
STM-CR-00016-202601,ACC-CR-00016,2025-12-08,2026-01-07,2026-01-08T14:00:00Z,2026-02-01,409.18,284.57,0.00,163.67,0.00,530.08,35.00
STM-CR-00016-202602,ACC-CR-00016,2026-01-08,2026-02-07,2026-02-08T14:00:00Z,2026-03-04,530.08,124.16,0.00,212.03,0.00,442.21,35.00
STM-CR-00016-202603,ACC-CR-00016,2026-02-08,2026-03-07,2026-03-08T13:00:00Z,2026-04-01,442.21,161.53,0.00,176.88,0.00,426.86,35.00
STM-CR-00016-202604,ACC-CR-00016,2026-03-08,2026-04-07,2026-04-08T13:00:00Z,2026-05-02,426.86,266.91,0.00,170.74,0.00,523.03,35.00
STM-CR-00016-202605,ACC-CR-00016,2026-04-08,2026-05-07,2026-05-08T13:00:00Z,2026-06-01,523.03,425.27,0.00,209.21,0.00,739.09,35.00
STM-CR-00016-202606,ACC-CR-00016,2026-05-08,2026-06-07,2026-06-08T13:00:00Z,2026-07-02,739.09,191.51,0.00,295.64,0.00,634.96,35.00
STM-CR-00016-202607,ACC-CR-00016,2026-06-08,2026-07-07,2026-07-08T13:00:00Z,2026-08-01,634.96,376.71,0.00,253.98,0.00,757.69,35.00
STM-CR-00016-202608,ACC-CR-00016,2026-07-08,2026-08-07,2026-08-08T13:00:00Z,2026-09-01,757.69,294.98,0.00,303.08,0.00,749.59,35.00
STM-CR-00016-202609,ACC-CR-00016,2026-08-08,2026-09-07,2026-09-08T13:00:00Z,2026-10-02,749.59,300.79,0.00,299.84,0.00,750.54,35.00
STM-CR-00016-202610,ACC-CR-00016,2026-09-08,2026-10-07,2026-10-08T13:00:00Z,2026-11-01,750.54,199.88,0.00,300.22,0.00,650.20,35.00
STM-CR-00017-202509,ACC-CR-00017,2025-08-31,2025-09-06,2025-09-07T13:00:00Z,2025-10-01,0.00,0.00,0.00,0.00,0.00,0.00,0.00
STM-CR-00017-202510,ACC-CR-00017,2025-09-07,2025-10-06,2025-10-07T13:00:00Z,2025-10-31,0.00,59.11,0.00,0.00,0.00,59.11,35.00
STM-CR-00017-202511,ACC-CR-00017,2025-10-07,2025-11-06,2025-11-07T14:00:00Z,2025-12-01,59.11,38.25,0.00,59.11,0.00,38.25,35.00
STM-CR-00017-202512,ACC-CR-00017,2025-11-07,2025-12-06,2025-12-07T14:00:00Z,2025-12-31,38.25,220.20,0.00,38.25,0.00,220.20,35.00
STM-CR-00017-202601,ACC-CR-00017,2025-12-07,2026-01-06,2026-01-07T14:00:00Z,2026-01-31,220.20,53.30,0.00,220.20,0.00,53.30,35.00
STM-CR-00017-202602,ACC-CR-00017,2026-01-07,2026-02-06,2026-02-07T14:00:00Z,2026-03-03,53.30,135.64,0.00,53.30,0.00,135.64,35.00
STM-CR-00017-202603,ACC-CR-00017,2026-02-07,2026-03-06,2026-03-07T14:00:00Z,2026-03-31,135.64,105.05,0.00,135.64,0.00,105.05,35.00
STM-CR-00017-202604,ACC-CR-00017,2026-03-07,2026-04-06,2026-04-07T13:00:00Z,2026-05-01,105.05,182.68,0.00,105.05,0.00,182.68,35.00
STM-CR-00017-202605,ACC-CR-00017,2026-04-07,2026-05-06,2026-05-07T13:00:00Z,2026-05-31,182.68,1088.53,0.00,182.68,0.00,1088.53,35.00
STM-CR-00017-202606,ACC-CR-00017,2026-05-07,2026-06-06,2026-06-07T13:00:00Z,2026-07-01,1088.53,175.91,109.70,1088.53,0.00,66.21,35.00
STM-CR-00017-202607,ACC-CR-00017,2026-06-07,2026-07-06,2026-07-07T13:00:00Z,2026-07-31,66.21,101.28,0.00,66.21,0.00,101.28,35.00
STM-CR-00017-202608,ACC-CR-00017,2026-07-07,2026-08-06,2026-08-07T13:00:00Z,2026-08-31,101.28,291.18,0.00,101.28,0.00,291.18,35.00
STM-CR-00017-202609,ACC-CR-00017,2026-08-07,2026-09-06,2026-09-07T13:00:00Z,2026-10-01,291.18,134.97,0.00,291.18,0.00,134.97,35.00
STM-CR-00017-202610,ACC-CR-00017,2026-09-07,2026-10-06,2026-10-07T13:00:00Z,2026-10-31,134.97,234.25,0.00,134.97,0.00,234.25,35.00
STM-CR-00018-202509,ACC-CR-00018,2025-08-31,2025-09-11,2025-09-12T13:00:00Z,2025-10-06,0.00,0.00,0.00,0.00,0.00,0.00,0.00
STM-CR-00018-202510,ACC-CR-00018,2025-09-12,2025-10-11,2025-10-12T13:00:00Z,2025-11-05,0.00,253.10,0.00,0.00,0.00,253.10,35.00
STM-CR-00018-202511,ACC-CR-00018,2025-10-12,2025-11-11,2025-11-12T14:00:00Z,2025-12-06,253.10,138.51,0.00,253.10,0.00,138.51,35.00
STM-CR-00018-202512,ACC-CR-00018,2025-11-12,2025-12-11,2025-12-12T14:00:00Z,2026-01-05,138.51,964.27,0.00,138.51,0.00,964.27,35.00
STM-CR-00018-202601,ACC-CR-00018,2025-12-12,2026-01-11,2026-01-12T14:00:00Z,2026-02-05,964.27,316.97,0.00,964.27,0.00,316.97,35.00
STM-CR-00018-202602,ACC-CR-00018,2026-01-12,2026-02-11,2026-02-12T14:00:00Z,2026-03-08,316.97,519.97,10.49,316.97,0.00,509.48,35.00
STM-CR-00018-202603,ACC-CR-00018,2026-02-12,2026-03-11,2026-03-12T13:00:00Z,2026-04-05,509.48,312.54,0.00,509.48,0.00,312.54,35.00
STM-CR-00018-202604,ACC-CR-00018,2026-03-12,2026-04-11,2026-04-12T13:00:00Z,2026-05-06,312.54,148.15,0.00,312.54,0.00,148.15,35.00
STM-CR-00018-202605,ACC-CR-00018,2026-04-12,2026-05-11,2026-05-12T13:00:00Z,2026-06-05,148.15,848.72,0.00,148.15,0.00,848.72,35.00
STM-CR-00018-202606,ACC-CR-00018,2026-05-12,2026-06-11,2026-06-12T13:00:00Z,2026-07-06,848.72,187.77,0.00,848.72,0.00,187.77,35.00
STM-CR-00018-202607,ACC-CR-00018,2026-06-12,2026-07-11,2026-07-12T13:00:00Z,2026-08-05,187.77,305.27,0.00,187.77,0.00,305.27,35.00
STM-CR-00018-202608,ACC-CR-00018,2026-07-12,2026-08-11,2026-08-12T13:00:00Z,2026-09-05,305.27,1023.71,0.00,305.27,0.00,1023.71,35.00
STM-CR-00018-202609,ACC-CR-00018,2026-08-12,2026-09-11,2026-09-12T13:00:00Z,2026-10-06,1023.71,396.98,0.00,1023.71,0.00,396.98,35.00
STM-CR-00018-202610,ACC-CR-00018,2026-09-12,2026-10-11,2026-10-12T13:00:00Z,2026-11-05,396.98,1303.85,0.00,396.98,0.00,1303.85,35.00
STM-CR-00019-202509,ACC-CR-00019,2025-08-31,2025-09-20,2025-09-21T13:00:00Z,2025-10-15,0.00,0.00,0.00,0.00,0.00,0.00,0.00
STM-CR-00019-202510,ACC-CR-00019,2025-09-21,2025-10-20,2025-10-21T13:00:00Z,2025-11-14,0.00,262.60,0.00,0.00,0.00,262.60,35.00
STM-CR-00019-202511,ACC-CR-00019,2025-10-21,2025-11-20,2025-11-21T14:00:00Z,2025-12-15,262.60,156.99,0.00,262.60,0.00,156.99,35.00
STM-CR-00019-202512,ACC-CR-00019,2025-11-21,2025-12-20,2025-12-21T14:00:00Z,2026-01-14,156.99,518.49,0.00,156.99,0.00,518.49,35.00
STM-CR-00019-202601,ACC-CR-00019,2025-12-21,2026-01-20,2026-01-21T14:00:00Z,2026-02-14,518.49,334.23,142.65,518.49,0.00,191.58,35.00
STM-CR-00019-202602,ACC-CR-00019,2026-01-21,2026-02-20,2026-02-21T14:00:00Z,2026-03-17,191.58,292.86,0.00,191.58,0.00,292.86,35.00
STM-CR-00019-202603,ACC-CR-00019,2026-02-21,2026-03-20,2026-03-21T13:00:00Z,2026-04-14,292.86,626.42,0.00,292.86,0.00,626.42,35.00
STM-CR-00019-202604,ACC-CR-00019,2026-03-21,2026-04-20,2026-04-21T13:00:00Z,2026-05-15,626.42,342.59,0.00,626.42,0.00,342.59,35.00
STM-CR-00019-202605,ACC-CR-00019,2026-04-21,2026-05-20,2026-05-21T13:00:00Z,2026-06-14,342.59,397.15,0.00,342.59,0.00,397.15,35.00
STM-CR-00019-202606,ACC-CR-00019,2026-05-21,2026-06-20,2026-06-21T13:00:00Z,2026-07-15,397.15,407.90,0.00,397.15,0.00,407.90,35.00
STM-CR-00019-202607,ACC-CR-00019,2026-06-21,2026-07-20,2026-07-21T13:00:00Z,2026-08-14,407.90,156.99,0.00,407.90,0.00,156.99,35.00
STM-CR-00019-202608,ACC-CR-00019,2026-07-21,2026-08-20,2026-08-21T13:00:00Z,2026-09-14,156.99,393.73,0.00,156.99,0.00,393.73,35.00
STM-CR-00019-202609,ACC-CR-00019,2026-08-21,2026-09-20,2026-09-21T13:00:00Z,2026-10-15,393.73,707.90,0.00,393.73,0.00,707.90,35.00
STM-CR-00019-202610,ACC-CR-00019,2026-09-21,2026-10-20,2026-10-21T13:00:00Z,2026-11-14,707.90,628.24,0.00,707.90,0.00,628.24,35.00
STM-CR-00020-202509,ACC-CR-00020,2025-08-31,2025-09-10,2025-09-11T13:00:00Z,2025-10-05,0.00,0.00,0.00,0.00,0.00,0.00,0.00
STM-CR-00020-202510,ACC-CR-00020,2025-09-11,2025-10-10,2025-10-11T13:00:00Z,2025-11-04,0.00,61.30,0.00,0.00,0.00,61.30,35.00
STM-CR-00020-202511,ACC-CR-00020,2025-10-11,2025-11-10,2025-11-11T14:00:00Z,2025-12-05,61.30,489.83,0.00,61.30,0.00,489.83,35.00
STM-CR-00020-202512,ACC-CR-00020,2025-11-11,2025-12-10,2025-12-11T14:00:00Z,2026-01-04,489.83,385.07,0.00,489.83,0.00,385.07,35.00
STM-CR-00020-202601,ACC-CR-00020,2025-12-11,2026-01-10,2026-01-11T14:00:00Z,2026-02-04,385.07,276.81,0.00,385.07,0.00,276.81,35.00
STM-CR-00020-202602,ACC-CR-00020,2026-01-11,2026-02-10,2026-02-11T14:00:00Z,2026-03-07,276.81,231.05,0.00,276.81,0.00,231.05,35.00
STM-CR-00020-202603,ACC-CR-00020,2026-02-11,2026-03-10,2026-03-11T13:00:00Z,2026-04-04,231.05,979.87,0.00,231.05,0.00,979.87,35.00
STM-CR-00020-202604,ACC-CR-00020,2026-03-11,2026-04-10,2026-04-11T13:00:00Z,2026-05-05,979.87,256.39,0.00,979.87,0.00,256.39,35.00
STM-CR-00020-202605,ACC-CR-00020,2026-04-11,2026-05-10,2026-05-11T13:00:00Z,2026-06-04,256.39,324.80,0.00,256.39,0.00,324.80,35.00
STM-CR-00020-202606,ACC-CR-00020,2026-05-11,2026-06-10,2026-06-11T13:00:00Z,2026-07-05,324.80,234.52,0.00,324.80,0.00,234.52,35.00
STM-CR-00020-202607,ACC-CR-00020,2026-06-11,2026-07-10,2026-07-11T13:00:00Z,2026-08-04,234.52,244.50,0.00,234.52,0.00,244.50,35.00
STM-CR-00020-202608,ACC-CR-00020,2026-07-11,2026-08-10,2026-08-11T13:00:00Z,2026-09-04,244.50,614.01,0.00,244.50,0.00,614.01,35.00
STM-CR-00020-202609,ACC-CR-00020,2026-08-11,2026-09-10,2026-09-11T13:00:00Z,2026-10-05,614.01,306.46,0.00,614.01,0.00,306.46,35.00
STM-CR-00020-202610,ACC-CR-00020,2026-09-11,2026-10-10,2026-10-11T13:00:00Z,2026-11-04,306.46,379.98,40.96,306.46,0.00,339.02,35.00
STM-CR-00021-202509,ACC-CR-00021,2025-08-31,2025-09-03,2025-09-04T13:00:00Z,2025-09-28,0.00,0.00,0.00,0.00,0.00,0.00,0.00
STM-CR-00021-202510,ACC-CR-00021,2025-09-04,2025-10-03,2025-10-04T13:00:00Z,2025-10-28,0.00,38.05,0.00,0.00,0.00,38.05,35.00
STM-CR-00021-202511,ACC-CR-00021,2025-10-04,2025-11-03,2025-11-04T14:00:00Z,2025-11-28,38.05,313.29,0.00,38.05,0.00,313.29,35.00
STM-CR-00021-202512,ACC-CR-00021,2025-11-04,2025-12-03,2025-12-04T14:00:00Z,2025-12-28,313.29,104.03,0.00,313.29,0.00,104.03,35.00
STM-CR-00021-202601,ACC-CR-00021,2025-12-04,2026-01-03,2026-01-04T14:00:00Z,2026-01-28,104.03,298.04,0.00,104.03,0.00,298.04,35.00
STM-CR-00021-202602,ACC-CR-00021,2026-01-04,2026-02-03,2026-02-04T14:00:00Z,2026-02-28,298.04,258.83,0.00,298.04,0.00,258.83,35.00
STM-CR-00021-202603,ACC-CR-00021,2026-02-04,2026-03-03,2026-03-04T14:00:00Z,2026-03-28,258.83,97.71,0.00,258.83,0.00,97.71,35.00
STM-CR-00021-202604,ACC-CR-00021,2026-03-04,2026-04-03,2026-04-04T13:00:00Z,2026-04-28,97.71,54.79,0.00,97.71,0.00,54.79,35.00
STM-CR-00021-202605,ACC-CR-00021,2026-04-04,2026-05-03,2026-05-04T13:00:00Z,2026-05-28,54.79,234.16,0.00,54.79,0.00,234.16,35.00
STM-CR-00021-202606,ACC-CR-00021,2026-05-04,2026-06-03,2026-06-04T13:00:00Z,2026-06-28,234.16,84.63,0.00,234.16,0.00,84.63,35.00
STM-CR-00021-202607,ACC-CR-00021,2026-06-04,2026-07-03,2026-07-04T13:00:00Z,2026-07-28,84.63,230.13,0.00,84.63,0.00,230.13,35.00
STM-CR-00021-202608,ACC-CR-00021,2026-07-04,2026-08-03,2026-08-04T13:00:00Z,2026-08-28,230.13,50.90,0.00,230.13,0.00,50.90,35.00
STM-CR-00021-202609,ACC-CR-00021,2026-08-04,2026-09-03,2026-09-04T13:00:00Z,2026-09-28,50.90,201.04,0.00,50.90,0.00,201.04,35.00
STM-CR-00021-202610,ACC-CR-00021,2026-09-04,2026-10-03,2026-10-04T13:00:00Z,2026-10-28,201.04,586.62,0.00,201.04,0.00,586.62,35.00
STM-CR-00022-202509,ACC-CR-00022,2025-08-31,2025-09-28,2025-09-29T13:00:00Z,2025-10-23,0.00,0.00,0.00,0.00,0.00,0.00,0.00
STM-CR-00022-202510,ACC-CR-00022,2025-09-29,2025-10-28,2025-10-29T13:00:00Z,2025-11-22,0.00,1155.50,0.00,0.00,0.00,1155.50,35.00
STM-CR-00022-202511,ACC-CR-00022,2025-10-29,2025-11-28,2025-11-29T14:00:00Z,2025-12-23,1155.50,373.95,0.00,462.20,0.00,1067.25,35.00
STM-CR-00022-202512,ACC-CR-00022,2025-11-29,2025-12-28,2025-12-29T14:00:00Z,2026-01-22,1067.25,377.95,0.00,426.90,0.00,1018.30,35.00
STM-CR-00022-202601,ACC-CR-00022,2025-12-29,2026-01-28,2026-01-29T14:00:00Z,2026-02-22,1018.30,391.56,0.00,407.32,0.00,1002.54,35.00
STM-CR-00022-202602,ACC-CR-00022,2026-01-29,2026-02-28,2026-03-01T14:00:00Z,2026-03-25,1002.54,667.92,0.00,401.02,0.00,1269.44,35.00
STM-CR-00022-202603,ACC-CR-00022,2026-03-01,2026-03-28,2026-03-29T13:00:00Z,2026-04-22,1269.44,355.16,0.00,507.78,0.00,1116.82,35.00
STM-CR-00022-202604,ACC-CR-00022,2026-03-29,2026-04-28,2026-04-29T13:00:00Z,2026-05-23,1116.82,634.32,0.00,446.73,0.00,1304.41,35.00
STM-CR-00022-202605,ACC-CR-00022,2026-04-29,2026-05-28,2026-05-29T13:00:00Z,2026-06-22,1304.41,365.18,0.00,521.76,0.00,1147.83,35.00
STM-CR-00022-202606,ACC-CR-00022,2026-05-29,2026-06-28,2026-06-29T13:00:00Z,2026-07-23,1147.83,663.80,0.00,459.13,0.00,1352.50,35.00
STM-CR-00022-202607,ACC-CR-00022,2026-06-29,2026-07-28,2026-07-29T13:00:00Z,2026-08-22,1352.50,510.62,0.00,541.00,0.00,1322.12,35.00
STM-CR-00022-202608,ACC-CR-00022,2026-07-29,2026-08-28,2026-08-29T13:00:00Z,2026-09-22,1322.12,705.27,0.00,528.85,0.00,1498.54,35.00
STM-CR-00022-202609,ACC-CR-00022,2026-08-29,2026-09-28,2026-09-29T13:00:00Z,2026-10-23,1498.54,725.33,0.00,599.42,0.00,1624.45,35.00
STM-CR-00023-202602,ACC-CR-00023,2026-01-12,2026-02-04,2026-02-05T14:00:00Z,2026-03-01,0.00,129.39,0.00,0.00,0.00,129.39,35.00
STM-CR-00023-202603,ACC-CR-00023,2026-02-05,2026-03-04,2026-03-05T14:00:00Z,2026-03-29,129.39,190.33,0.00,51.76,0.00,267.96,35.00
STM-CR-00023-202604,ACC-CR-00023,2026-03-05,2026-04-04,2026-04-05T13:00:00Z,2026-04-29,267.96,283.02,96.27,107.18,0.00,347.53,35.00
STM-CR-00023-202605,ACC-CR-00023,2026-04-05,2026-05-04,2026-05-05T13:00:00Z,2026-05-29,347.53,25.54,0.00,139.01,0.00,234.06,35.00
STM-CR-00023-202606,ACC-CR-00023,2026-05-05,2026-06-04,2026-06-05T13:00:00Z,2026-06-29,234.06,236.75,0.00,93.62,0.00,377.19,35.00
STM-CR-00023-202607,ACC-CR-00023,2026-06-05,2026-07-04,2026-07-05T13:00:00Z,2026-07-29,377.19,111.64,0.00,150.88,0.00,337.95,35.00
STM-CR-00023-202608,ACC-CR-00023,2026-07-05,2026-08-04,2026-08-05T13:00:00Z,2026-08-29,337.95,273.86,119.89,135.18,0.00,356.74,35.00
STM-CR-00023-202609,ACC-CR-00023,2026-08-05,2026-09-04,2026-09-05T13:00:00Z,2026-09-29,356.74,307.76,0.00,142.70,0.00,521.80,35.00
STM-CR-00023-202610,ACC-CR-00023,2026-09-05,2026-10-04,2026-10-05T13:00:00Z,2026-10-29,521.80,484.18,0.00,208.72,0.00,797.26,35.00
STM-CR-00024-202509,ACC-CR-00024,2025-08-31,2025-09-27,2025-09-28T13:00:00Z,2025-10-22,0.00,0.00,0.00,0.00,0.00,0.00,0.00
STM-CR-00024-202510,ACC-CR-00024,2025-09-28,2025-10-27,2025-10-28T13:00:00Z,2025-11-21,0.00,175.67,0.00,0.00,0.00,175.67,35.00
STM-CR-00024-202511,ACC-CR-00024,2025-10-28,2025-11-27,2025-11-28T14:00:00Z,2025-12-22,175.67,486.95,0.00,35.00,0.00,627.62,35.00
STM-CR-00024-202512,ACC-CR-00024,2025-11-28,2025-12-27,2025-12-28T14:00:00Z,2026-01-21,627.62,99.76,9.55,35.00,0.00,682.83,35.00
STM-CR-00024-202601,ACC-CR-00024,2025-12-28,2026-01-27,2026-01-28T14:00:00Z,2026-02-21,682.83,471.24,0.00,35.00,0.00,1119.07,35.00
STM-CR-00024-202602,ACC-CR-00024,2026-01-28,2026-02-27,2026-02-28T14:00:00Z,2026-03-24,1119.07,340.12,0.00,35.00,0.00,1424.19,35.00
STM-CR-00024-202603,ACC-CR-00024,2026-02-28,2026-03-27,2026-03-28T13:00:00Z,2026-04-21,1424.19,319.02,0.00,35.00,0.00,1708.21,35.00
STM-CR-00024-202604,ACC-CR-00024,2026-03-28,2026-04-27,2026-04-28T13:00:00Z,2026-05-22,1708.21,1356.84,0.00,35.00,0.00,3030.05,60.60
STM-CR-00024-202605,ACC-CR-00024,2026-04-28,2026-05-27,2026-05-28T13:00:00Z,2026-06-21,3030.05,286.36,0.00,60.60,0.00,3255.81,65.12
STM-CR-00024-202606,ACC-CR-00024,2026-05-28,2026-06-27,2026-06-28T13:00:00Z,2026-07-22,3255.81,145.03,0.00,65.12,0.00,3335.72,66.71
STM-CR-00024-202607,ACC-CR-00024,2026-06-28,2026-07-27,2026-07-28T13:00:00Z,2026-08-21,3335.72,1101.02,0.00,66.71,0.00,4370.03,87.40
STM-CR-00024-202608,ACC-CR-00024,2026-07-28,2026-08-27,2026-08-28T13:00:00Z,2026-09-21,4370.03,955.78,0.00,87.40,0.00,5238.41,104.77
STM-CR-00024-202609,ACC-CR-00024,2026-08-28,2026-09-27,2026-09-28T13:00:00Z,2026-10-22,5238.41,1113.54,0.00,104.77,0.00,6247.18,124.94
STM-CR-00025-202509,ACC-CR-00025,2025-08-31,2025-09-28,2025-09-29T13:00:00Z,2025-10-23,0.00,0.00,0.00,0.00,0.00,0.00,0.00
STM-CR-00025-202510,ACC-CR-00025,2025-09-29,2025-10-28,2025-10-29T13:00:00Z,2025-11-22,0.00,289.22,0.00,0.00,0.00,289.22,35.00
STM-CR-00025-202511,ACC-CR-00025,2025-10-29,2025-11-28,2025-11-29T14:00:00Z,2025-12-23,289.22,154.15,0.00,289.22,0.00,154.15,35.00
STM-CR-00025-202512,ACC-CR-00025,2025-11-29,2025-12-28,2025-12-29T14:00:00Z,2026-01-22,154.15,149.35,0.00,154.15,0.00,149.35,35.00
STM-CR-00025-202601,ACC-CR-00025,2025-12-29,2026-01-28,2026-01-29T14:00:00Z,2026-02-22,149.35,97.73,0.00,149.35,0.00,97.73,35.00
STM-CR-00025-202602,ACC-CR-00025,2026-01-29,2026-02-28,2026-03-01T14:00:00Z,2026-03-25,97.73,146.76,0.00,97.73,0.00,146.76,35.00
STM-CR-00025-202603,ACC-CR-00025,2026-03-01,2026-03-28,2026-03-29T13:00:00Z,2026-04-22,146.76,186.20,0.00,146.76,0.00,186.20,35.00
STM-CR-00025-202604,ACC-CR-00025,2026-03-29,2026-04-28,2026-04-29T13:00:00Z,2026-05-23,186.20,134.60,0.00,186.20,0.00,134.60,35.00
STM-CR-00025-202605,ACC-CR-00025,2026-04-29,2026-05-28,2026-05-29T13:00:00Z,2026-06-22,134.60,68.59,0.00,134.60,0.00,68.59,35.00
STM-CR-00025-202606,ACC-CR-00025,2026-05-29,2026-06-28,2026-06-29T13:00:00Z,2026-07-23,68.59,147.76,0.00,68.59,0.00,147.76,35.00
STM-CR-00025-202607,ACC-CR-00025,2026-06-29,2026-07-28,2026-07-29T13:00:00Z,2026-08-22,147.76,253.50,0.00,147.76,0.00,253.50,35.00
STM-CR-00025-202608,ACC-CR-00025,2026-07-29,2026-08-28,2026-08-29T13:00:00Z,2026-09-22,253.50,305.84,0.00,253.50,0.00,305.84,35.00
STM-CR-00025-202609,ACC-CR-00025,2026-08-29,2026-09-28,2026-09-29T13:00:00Z,2026-10-23,305.84,181.28,0.00,305.84,0.00,181.28,35.00
STM-CR-00026-202509,ACC-CR-00026,2025-08-31,2025-09-07,2025-09-08T13:00:00Z,2025-10-02,0.00,0.00,0.00,0.00,0.00,0.00,0.00
STM-CR-00026-202510,ACC-CR-00026,2025-09-08,2025-10-07,2025-10-08T13:00:00Z,2025-11-01,0.00,0.00,0.00,0.00,0.00,0.00,0.00
STM-CR-00026-202511,ACC-CR-00026,2025-10-08,2025-11-07,2025-11-08T14:00:00Z,2025-12-02,0.00,326.01,0.00,0.00,0.00,326.01,35.00
STM-CR-00026-202512,ACC-CR-00026,2025-11-08,2025-12-07,2025-12-08T14:00:00Z,2026-01-01,326.01,749.09,0.00,326.01,0.00,749.09,35.00
STM-CR-00026-202601,ACC-CR-00026,2025-12-08,2026-01-07,2026-01-08T14:00:00Z,2026-02-01,749.09,302.79,0.00,749.09,0.00,302.79,35.00
STM-CR-00026-202602,ACC-CR-00026,2026-01-08,2026-02-07,2026-02-08T14:00:00Z,2026-03-04,302.79,417.97,0.00,302.79,0.00,417.97,35.00
STM-CR-00026-202603,ACC-CR-00026,2026-02-08,2026-03-07,2026-03-08T13:00:00Z,2026-04-01,417.97,311.56,0.00,417.97,0.00,311.56,35.00
STM-CR-00026-202604,ACC-CR-00026,2026-03-08,2026-04-07,2026-04-08T13:00:00Z,2026-05-02,311.56,431.95,0.00,311.56,0.00,431.95,35.00
STM-CR-00026-202605,ACC-CR-00026,2026-04-08,2026-05-07,2026-05-08T13:00:00Z,2026-06-01,431.95,141.69,0.00,431.95,0.00,141.69,35.00
STM-CR-00026-202606,ACC-CR-00026,2026-05-08,2026-06-07,2026-06-08T13:00:00Z,2026-07-02,141.69,211.87,0.00,141.69,0.00,211.87,35.00
STM-CR-00026-202607,ACC-CR-00026,2026-06-08,2026-07-07,2026-07-08T13:00:00Z,2026-08-01,211.87,277.35,0.00,211.87,0.00,277.35,35.00
STM-CR-00026-202608,ACC-CR-00026,2026-07-08,2026-08-07,2026-08-08T13:00:00Z,2026-09-01,277.35,176.74,0.00,277.35,0.00,176.74,35.00
STM-CR-00026-202609,ACC-CR-00026,2026-08-08,2026-09-07,2026-09-08T13:00:00Z,2026-10-02,176.74,306.58,0.00,176.74,0.00,306.58,35.00
STM-CR-00026-202610,ACC-CR-00026,2026-09-08,2026-10-07,2026-10-08T13:00:00Z,2026-11-01,306.58,182.33,0.00,306.58,0.00,182.33,35.00
STM-CR-00027-202509,ACC-CR-00027,2025-08-31,2025-09-20,2025-09-21T13:00:00Z,2025-10-15,0.00,0.00,0.00,0.00,0.00,0.00,0.00
STM-CR-00027-202510,ACC-CR-00027,2025-09-21,2025-10-20,2025-10-21T13:00:00Z,2025-11-14,0.00,102.36,0.00,0.00,0.00,102.36,35.00
STM-CR-00027-202511,ACC-CR-00027,2025-10-21,2025-11-20,2025-11-21T14:00:00Z,2025-12-15,102.36,574.45,0.00,35.00,0.00,641.81,35.00
STM-CR-00027-202512,ACC-CR-00027,2025-11-21,2025-12-20,2025-12-21T14:00:00Z,2026-01-14,641.81,681.01,159.77,35.00,0.00,1128.05,35.00
STM-CR-00027-202601,ACC-CR-00027,2025-12-21,2026-01-20,2026-01-21T14:00:00Z,2026-02-14,1128.05,1317.61,0.00,35.00,0.00,2410.66,48.21
STM-CR-00027-202602,ACC-CR-00027,2026-01-21,2026-02-20,2026-02-21T14:00:00Z,2026-03-17,2410.66,851.35,0.00,48.21,0.00,3213.80,64.28
STM-CR-00027-202603,ACC-CR-00027,2026-02-21,2026-03-20,2026-03-21T13:00:00Z,2026-04-14,3213.80,426.40,0.00,64.28,0.00,3575.92,71.52
STM-CR-00027-202604,ACC-CR-00027,2026-03-21,2026-04-20,2026-04-21T13:00:00Z,2026-05-15,3575.92,1087.23,0.00,71.52,0.00,4591.63,91.83
STM-CR-00027-202605,ACC-CR-00027,2026-04-21,2026-05-20,2026-05-21T13:00:00Z,2026-06-14,4591.63,555.35,0.00,91.83,0.00,5055.15,101.10
STM-CR-00027-202606,ACC-CR-00027,2026-05-21,2026-06-20,2026-06-21T13:00:00Z,2026-07-15,5055.15,885.87,0.00,101.10,0.00,5839.92,116.80
STM-CR-00027-202607,ACC-CR-00027,2026-06-21,2026-07-20,2026-07-21T13:00:00Z,2026-08-14,5839.92,411.70,0.00,116.80,0.00,6134.82,122.70
STM-CR-00027-202608,ACC-CR-00027,2026-07-21,2026-08-20,2026-08-21T13:00:00Z,2026-09-14,6134.82,1115.70,0.00,122.70,0.00,7127.82,142.56
STM-CR-00027-202609,ACC-CR-00027,2026-08-21,2026-09-20,2026-09-21T13:00:00Z,2026-10-15,7127.82,281.94,0.00,142.56,0.00,7267.20,145.34
STM-CR-00027-202610,ACC-CR-00027,2026-09-21,2026-10-20,2026-10-21T13:00:00Z,2026-11-14,7267.20,457.68,0.00,145.34,0.00,7579.54,151.59
STM-CR-00028-202509,ACC-CR-00028,2025-08-31,2025-09-09,2025-09-10T13:00:00Z,2025-10-04,0.00,0.00,0.00,0.00,0.00,0.00,0.00
STM-CR-00028-202510,ACC-CR-00028,2025-09-10,2025-10-09,2025-10-10T13:00:00Z,2025-11-03,0.00,0.00,0.00,0.00,0.00,0.00,0.00
STM-CR-00028-202511,ACC-CR-00028,2025-10-10,2025-11-09,2025-11-10T14:00:00Z,2025-12-04,0.00,333.83,0.00,0.00,0.00,333.83,35.00
STM-CR-00028-202512,ACC-CR-00028,2025-11-10,2025-12-09,2025-12-10T14:00:00Z,2026-01-03,333.83,358.37,0.00,133.53,0.00,558.67,35.00
STM-CR-00028-202601,ACC-CR-00028,2025-12-10,2026-01-09,2026-01-10T14:00:00Z,2026-02-03,558.67,438.55,0.00,223.47,0.00,773.75,35.00
STM-CR-00028-202602,ACC-CR-00028,2026-01-10,2026-02-09,2026-02-10T14:00:00Z,2026-03-06,773.75,125.02,0.00,309.50,0.00,589.27,35.00
STM-CR-00028-202603,ACC-CR-00028,2026-02-10,2026-03-09,2026-03-10T13:00:00Z,2026-04-03,589.27,591.57,0.00,235.71,0.00,945.13,35.00
STM-CR-00028-202604,ACC-CR-00028,2026-03-10,2026-04-09,2026-04-10T13:00:00Z,2026-05-04,945.13,72.43,0.00,378.05,0.00,639.51,35.00
STM-CR-00028-202605,ACC-CR-00028,2026-04-10,2026-05-09,2026-05-10T13:00:00Z,2026-06-03,639.51,83.10,0.00,255.80,0.00,466.81,35.00
STM-CR-00028-202606,ACC-CR-00028,2026-05-10,2026-06-09,2026-06-10T13:00:00Z,2026-07-04,466.81,121.52,0.00,186.72,0.00,401.61,35.00
STM-CR-00028-202607,ACC-CR-00028,2026-06-10,2026-07-09,2026-07-10T13:00:00Z,2026-08-03,401.61,393.69,0.00,160.64,0.00,634.66,35.00
STM-CR-00028-202608,ACC-CR-00028,2026-07-10,2026-08-09,2026-08-10T13:00:00Z,2026-09-03,634.66,781.26,0.00,253.86,0.00,1162.06,35.00
STM-CR-00028-202609,ACC-CR-00028,2026-08-10,2026-09-09,2026-09-10T13:00:00Z,2026-10-04,1162.06,258.93,0.00,464.82,0.00,956.17,35.00
STM-CR-00028-202610,ACC-CR-00028,2026-09-10,2026-10-09,2026-10-10T13:00:00Z,2026-11-03,956.17,168.98,0.00,382.47,0.00,742.68,35.00
STM-CR-00029-202509,ACC-CR-00029,2025-08-31,2025-09-18,2025-09-19T13:00:00Z,2025-10-13,0.00,0.00,0.00,0.00,0.00,0.00,0.00
STM-CR-00029-202510,ACC-CR-00029,2025-09-19,2025-10-18,2025-10-19T13:00:00Z,2025-11-12,0.00,43.51,0.00,0.00,0.00,43.51,35.00
STM-CR-00029-202511,ACC-CR-00029,2025-10-19,2025-11-18,2025-11-19T14:00:00Z,2025-12-13,43.51,265.69,0.00,43.51,0.00,265.69,35.00
STM-CR-00029-202512,ACC-CR-00029,2025-11-19,2025-12-18,2025-12-19T14:00:00Z,2026-01-12,265.69,501.73,0.00,265.69,0.00,501.73,35.00
STM-CR-00029-202601,ACC-CR-00029,2025-12-19,2026-01-18,2026-01-19T14:00:00Z,2026-02-12,501.73,382.59,0.00,501.73,0.00,382.59,35.00
STM-CR-00029-202602,ACC-CR-00029,2026-01-19,2026-02-18,2026-02-19T14:00:00Z,2026-03-15,382.59,151.09,0.00,382.59,0.00,151.09,35.00
STM-CR-00029-202603,ACC-CR-00029,2026-02-19,2026-03-18,2026-03-19T13:00:00Z,2026-04-12,151.09,75.19,0.00,151.09,0.00,75.19,35.00
STM-CR-00029-202604,ACC-CR-00029,2026-03-19,2026-04-18,2026-04-19T13:00:00Z,2026-05-13,75.19,176.38,0.00,75.19,0.00,176.38,35.00
STM-CR-00029-202605,ACC-CR-00029,2026-04-19,2026-05-18,2026-05-19T13:00:00Z,2026-06-12,176.38,478.88,0.00,176.38,0.00,478.88,35.00
STM-CR-00029-202606,ACC-CR-00029,2026-05-19,2026-06-18,2026-06-19T13:00:00Z,2026-07-13,478.88,112.11,0.00,478.88,0.00,112.11,35.00
STM-CR-00029-202607,ACC-CR-00029,2026-06-19,2026-07-18,2026-07-19T13:00:00Z,2026-08-12,112.11,494.70,0.00,112.11,0.00,494.70,35.00
STM-CR-00029-202608,ACC-CR-00029,2026-07-19,2026-08-18,2026-08-19T13:00:00Z,2026-09-12,494.70,633.96,0.00,494.70,0.00,633.96,35.00
STM-CR-00029-202609,ACC-CR-00029,2026-08-19,2026-09-18,2026-09-19T13:00:00Z,2026-10-13,633.96,369.60,0.00,633.96,0.00,369.60,35.00
STM-CR-00029-202610,ACC-CR-00029,2026-09-19,2026-10-18,2026-10-19T13:00:00Z,2026-11-12,369.60,122.18,0.00,369.60,0.00,122.18,35.00
STM-CR-00030-202509,ACC-CR-00030,2025-08-31,2025-09-13,2025-09-14T13:00:00Z,2025-10-08,0.00,0.00,0.00,0.00,0.00,0.00,0.00
STM-CR-00030-202510,ACC-CR-00030,2025-09-14,2025-10-13,2025-10-14T13:00:00Z,2025-11-07,0.00,156.55,0.00,0.00,0.00,156.55,35.00
STM-CR-00030-202511,ACC-CR-00030,2025-10-14,2025-11-13,2025-11-14T14:00:00Z,2025-12-08,156.55,73.44,0.00,156.55,0.00,73.44,35.00
STM-CR-00030-202512,ACC-CR-00030,2025-11-14,2025-12-13,2025-12-14T14:00:00Z,2026-01-07,73.44,0.00,0.00,73.44,0.00,0.00,0.00
STM-CR-00030-202601,ACC-CR-00030,2025-12-14,2026-01-13,2026-01-14T14:00:00Z,2026-02-07,0.00,44.64,0.00,0.00,0.00,44.64,35.00
STM-CR-00030-202602,ACC-CR-00030,2026-01-14,2026-02-13,2026-02-14T14:00:00Z,2026-03-10,44.64,374.90,0.00,44.64,0.00,374.90,35.00
STM-CR-00030-202603,ACC-CR-00030,2026-02-14,2026-03-13,2026-03-14T13:00:00Z,2026-04-07,374.90,478.02,0.00,374.90,0.00,478.02,35.00
STM-CR-00030-202604,ACC-CR-00030,2026-03-14,2026-04-13,2026-04-14T13:00:00Z,2026-05-08,478.02,40.91,0.00,478.02,0.00,40.91,35.00
STM-CR-00030-202605,ACC-CR-00030,2026-04-14,2026-05-13,2026-05-14T13:00:00Z,2026-06-07,40.91,0.00,0.00,40.91,0.00,0.00,0.00
STM-CR-00030-202606,ACC-CR-00030,2026-05-14,2026-06-13,2026-06-14T13:00:00Z,2026-07-08,0.00,67.64,0.00,0.00,0.00,67.64,35.00
STM-CR-00030-202607,ACC-CR-00030,2026-06-14,2026-07-13,2026-07-14T13:00:00Z,2026-08-07,67.64,284.33,0.00,67.64,0.00,284.33,35.00
STM-CR-00030-202608,ACC-CR-00030,2026-07-14,2026-08-13,2026-08-14T13:00:00Z,2026-09-07,284.33,571.87,24.51,284.33,0.00,547.36,35.00
STM-CR-00030-202609,ACC-CR-00030,2026-08-14,2026-09-13,2026-09-14T13:00:00Z,2026-10-08,547.36,151.36,0.00,547.36,0.00,151.36,35.00
STM-CR-00030-202610,ACC-CR-00030,2026-09-14,2026-10-13,2026-10-14T13:00:00Z,2026-11-07,151.36,262.08,0.00,151.36,0.00,262.08,35.00
STM-CR-00031-202509,ACC-CR-00031,2025-08-31,2025-09-28,2025-09-29T13:00:00Z,2025-10-23,0.00,0.00,0.00,0.00,0.00,0.00,0.00
STM-CR-00031-202510,ACC-CR-00031,2025-09-29,2025-10-28,2025-10-29T13:00:00Z,2025-11-22,0.00,155.53,0.00,0.00,0.00,155.53,35.00
STM-CR-00031-202511,ACC-CR-00031,2025-10-29,2025-11-28,2025-11-29T14:00:00Z,2025-12-23,155.53,99.37,0.00,155.53,0.00,99.37,35.00
STM-CR-00031-202512,ACC-CR-00031,2025-11-29,2025-12-28,2025-12-29T14:00:00Z,2026-01-22,99.37,74.11,0.00,99.37,0.00,74.11,35.00
STM-CR-00031-202601,ACC-CR-00031,2025-12-29,2026-01-28,2026-01-29T14:00:00Z,2026-02-22,74.11,531.97,0.00,74.11,0.00,531.97,35.00
STM-CR-00031-202602,ACC-CR-00031,2026-01-29,2026-02-28,2026-03-01T14:00:00Z,2026-03-25,531.97,155.36,0.00,531.97,0.00,155.36,35.00
STM-CR-00031-202603,ACC-CR-00031,2026-03-01,2026-03-28,2026-03-29T13:00:00Z,2026-04-22,155.36,86.74,0.00,155.36,0.00,86.74,35.00
STM-CR-00031-202604,ACC-CR-00031,2026-03-29,2026-04-28,2026-04-29T13:00:00Z,2026-05-23,86.74,279.73,0.00,86.74,0.00,279.73,35.00
STM-CR-00031-202605,ACC-CR-00031,2026-04-29,2026-05-28,2026-05-29T13:00:00Z,2026-06-22,279.73,216.19,0.00,279.73,0.00,216.19,35.00
STM-CR-00031-202606,ACC-CR-00031,2026-05-29,2026-06-28,2026-06-29T13:00:00Z,2026-07-23,216.19,216.09,0.00,216.19,0.00,216.09,35.00
STM-CR-00031-202607,ACC-CR-00031,2026-06-29,2026-07-28,2026-07-29T13:00:00Z,2026-08-22,216.09,163.71,0.00,216.09,0.00,163.71,35.00
STM-CR-00031-202608,ACC-CR-00031,2026-07-29,2026-08-28,2026-08-29T13:00:00Z,2026-09-22,163.71,133.88,0.00,163.71,0.00,133.88,35.00
STM-CR-00031-202609,ACC-CR-00031,2026-08-29,2026-09-28,2026-09-29T13:00:00Z,2026-10-23,133.88,294.07,0.00,133.88,0.00,294.07,35.00
STM-CR-00032-202509,ACC-CR-00032,2025-08-31,2025-09-06,2025-09-07T13:00:00Z,2025-10-01,0.00,0.00,0.00,0.00,0.00,0.00,0.00
STM-CR-00032-202510,ACC-CR-00032,2025-09-07,2025-10-06,2025-10-07T13:00:00Z,2025-10-31,0.00,17.99,0.00,0.00,0.00,17.99,35.00
STM-CR-00032-202511,ACC-CR-00032,2025-10-07,2025-11-06,2025-11-07T14:00:00Z,2025-12-01,17.99,455.44,0.00,17.99,0.00,455.44,35.00
STM-CR-00032-202512,ACC-CR-00032,2025-11-07,2025-12-06,2025-12-07T14:00:00Z,2025-12-31,455.44,479.10,0.00,455.44,0.00,479.10,35.00
STM-CR-00032-202601,ACC-CR-00032,2025-12-07,2026-01-06,2026-01-07T14:00:00Z,2026-01-31,479.10,446.98,0.00,479.10,0.00,446.98,35.00
STM-CR-00032-202602,ACC-CR-00032,2026-01-07,2026-02-06,2026-02-07T14:00:00Z,2026-03-03,446.98,551.12,0.00,446.98,0.00,551.12,35.00
STM-CR-00032-202603,ACC-CR-00032,2026-02-07,2026-03-06,2026-03-07T14:00:00Z,2026-03-31,551.12,1288.03,0.00,551.12,0.00,1288.03,35.00
STM-CR-00032-202604,ACC-CR-00032,2026-03-07,2026-04-06,2026-04-07T13:00:00Z,2026-05-01,1288.03,362.90,0.00,1288.03,0.00,362.90,35.00
STM-CR-00032-202605,ACC-CR-00032,2026-04-07,2026-05-06,2026-05-07T13:00:00Z,2026-05-31,362.90,329.36,0.00,362.90,0.00,329.36,35.00
STM-CR-00032-202606,ACC-CR-00032,2026-05-07,2026-06-06,2026-06-07T13:00:00Z,2026-07-01,329.36,189.16,0.00,329.36,0.00,189.16,35.00
STM-CR-00032-202607,ACC-CR-00032,2026-06-07,2026-07-06,2026-07-07T13:00:00Z,2026-07-31,189.16,341.20,0.00,189.16,0.00,341.20,35.00
STM-CR-00032-202608,ACC-CR-00032,2026-07-07,2026-08-06,2026-08-07T13:00:00Z,2026-08-31,341.20,429.24,0.00,341.20,0.00,429.24,35.00
STM-CR-00032-202609,ACC-CR-00032,2026-08-07,2026-09-06,2026-09-07T13:00:00Z,2026-10-01,429.24,211.79,0.00,429.24,0.00,211.79,35.00
STM-CR-00032-202610,ACC-CR-00032,2026-09-07,2026-10-06,2026-10-07T13:00:00Z,2026-10-31,211.79,234.50,0.00,211.79,0.00,234.50,35.00
STM-CR-00033-202509,ACC-CR-00033,2025-08-31,2025-09-14,2025-09-15T13:00:00Z,2025-10-09,0.00,0.00,0.00,0.00,0.00,0.00,0.00
STM-CR-00033-202510,ACC-CR-00033,2025-09-15,2025-10-14,2025-10-15T13:00:00Z,2025-11-08,0.00,372.42,0.00,0.00,0.00,372.42,35.00
STM-CR-00033-202511,ACC-CR-00033,2025-10-15,2025-11-14,2025-11-15T14:00:00Z,2025-12-09,372.42,265.62,0.00,148.97,0.00,489.07,35.00
STM-CR-00033-202512,ACC-CR-00033,2025-11-15,2025-12-14,2025-12-15T14:00:00Z,2026-01-08,489.07,539.12,20.11,195.63,0.00,812.45,35.00
STM-CR-00033-202601,ACC-CR-00033,2025-12-15,2026-01-14,2026-01-15T14:00:00Z,2026-02-08,812.45,300.81,0.00,324.98,0.00,788.28,35.00
STM-CR-00033-202602,ACC-CR-00033,2026-01-15,2026-02-14,2026-02-15T14:00:00Z,2026-03-11,788.28,528.82,0.00,315.31,0.00,1001.79,35.00
STM-CR-00033-202603,ACC-CR-00033,2026-02-15,2026-03-14,2026-03-15T13:00:00Z,2026-04-08,1001.79,418.15,0.00,400.72,0.00,1019.22,35.00
STM-CR-00033-202604,ACC-CR-00033,2026-03-15,2026-04-14,2026-04-15T13:00:00Z,2026-05-09,1019.22,391.74,0.00,407.69,0.00,1003.27,35.00
STM-CR-00033-202605,ACC-CR-00033,2026-04-15,2026-05-14,2026-05-15T13:00:00Z,2026-06-08,1003.27,147.15,0.00,401.31,0.00,749.11,35.00
STM-CR-00033-202606,ACC-CR-00033,2026-05-15,2026-06-14,2026-06-15T13:00:00Z,2026-07-09,749.11,448.04,0.00,299.64,0.00,897.51,35.00
STM-CR-00033-202607,ACC-CR-00033,2026-06-15,2026-07-14,2026-07-15T13:00:00Z,2026-08-08,897.51,394.59,0.00,359.00,0.00,933.10,35.00
STM-CR-00033-202608,ACC-CR-00033,2026-07-15,2026-08-14,2026-08-15T13:00:00Z,2026-09-08,933.10,362.39,0.00,373.24,0.00,922.25,35.00
STM-CR-00033-202609,ACC-CR-00033,2026-08-15,2026-09-14,2026-09-15T13:00:00Z,2026-10-09,922.25,133.48,0.00,368.90,0.00,686.83,35.00
STM-CR-00033-202610,ACC-CR-00033,2026-09-15,2026-10-14,2026-10-15T13:00:00Z,2026-11-08,686.83,479.32,0.00,274.73,0.00,891.42,35.00
STM-CR-00034-202509,ACC-CR-00034,2025-08-31,2025-09-16,2025-09-17T13:00:00Z,2025-10-11,0.00,0.00,0.00,0.00,0.00,0.00,0.00
STM-CR-00034-202510,ACC-CR-00034,2025-09-17,2025-10-16,2025-10-17T13:00:00Z,2025-11-10,0.00,155.11,0.00,0.00,0.00,155.11,35.00
STM-CR-00034-202511,ACC-CR-00034,2025-10-17,2025-11-16,2025-11-17T14:00:00Z,2025-12-11,155.11,268.22,0.00,35.00,0.00,388.33,35.00
STM-CR-00034-202512,ACC-CR-00034,2025-11-17,2025-12-16,2025-12-17T14:00:00Z,2026-01-10,388.33,162.87,0.00,35.00,0.00,516.20,35.00
STM-CR-00034-202601,ACC-CR-00034,2025-12-17,2026-01-16,2026-01-17T14:00:00Z,2026-02-10,516.20,422.51,0.00,35.00,0.00,903.71,35.00
STM-CR-00034-202602,ACC-CR-00034,2026-01-17,2026-02-16,2026-02-17T14:00:00Z,2026-03-13,903.71,374.85,0.00,35.00,0.00,1243.56,35.00
STM-CR-00034-202603,ACC-CR-00034,2026-02-17,2026-03-16,2026-03-17T13:00:00Z,2026-04-10,1243.56,294.50,0.00,35.00,0.00,1503.06,35.00
STM-CR-00034-202604,ACC-CR-00034,2026-03-17,2026-04-16,2026-04-17T13:00:00Z,2026-05-11,1503.06,367.65,0.00,35.00,0.00,1835.71,36.71
STM-CR-00034-202605,ACC-CR-00034,2026-04-17,2026-05-16,2026-05-17T13:00:00Z,2026-06-10,1835.71,893.92,0.00,36.71,0.00,2692.92,53.86
STM-CR-00034-202606,ACC-CR-00034,2026-05-17,2026-06-16,2026-06-17T13:00:00Z,2026-07-11,2692.92,302.33,0.00,53.86,0.00,2941.39,58.83
STM-CR-00034-202607,ACC-CR-00034,2026-06-17,2026-07-16,2026-07-17T13:00:00Z,2026-08-10,2941.39,267.91,0.00,58.83,0.00,3150.47,63.01
STM-CR-00034-202608,ACC-CR-00034,2026-07-17,2026-08-16,2026-08-17T13:00:00Z,2026-09-10,3150.47,281.24,0.00,63.01,0.00,3368.70,67.37
STM-CR-00034-202609,ACC-CR-00034,2026-08-17,2026-09-16,2026-09-17T13:00:00Z,2026-10-11,3368.70,155.47,0.00,67.37,0.00,3456.80,69.14
STM-CR-00034-202610,ACC-CR-00034,2026-09-17,2026-10-16,2026-10-17T13:00:00Z,2026-11-10,3456.80,368.70,0.00,69.14,0.00,3756.36,75.13
STM-CR-00035-202509,ACC-CR-00035,2025-08-31,2025-09-10,2025-09-11T13:00:00Z,2025-10-05,0.00,0.00,0.00,0.00,0.00,0.00,0.00
STM-CR-00035-202510,ACC-CR-00035,2025-09-11,2025-10-10,2025-10-11T13:00:00Z,2025-11-04,0.00,156.39,0.00,0.00,0.00,156.39,35.00
STM-CR-00035-202511,ACC-CR-00035,2025-10-11,2025-11-10,2025-11-11T14:00:00Z,2025-12-05,156.39,22.99,0.00,156.39,0.00,22.99,35.00
STM-CR-00035-202512,ACC-CR-00035,2025-11-11,2025-12-10,2025-12-11T14:00:00Z,2026-01-04,22.99,387.49,0.00,22.99,0.00,387.49,35.00
STM-CR-00035-202601,ACC-CR-00035,2025-12-11,2026-01-10,2026-01-11T14:00:00Z,2026-02-04,387.49,105.17,0.00,387.49,0.00,105.17,35.00
STM-CR-00035-202602,ACC-CR-00035,2026-01-11,2026-02-10,2026-02-11T14:00:00Z,2026-03-07,105.17,349.80,0.00,105.17,0.00,349.80,35.00
STM-CR-00035-202603,ACC-CR-00035,2026-02-11,2026-03-10,2026-03-11T13:00:00Z,2026-04-04,349.80,179.92,0.00,349.80,0.00,179.92,35.00
STM-CR-00035-202604,ACC-CR-00035,2026-03-11,2026-04-10,2026-04-11T13:00:00Z,2026-05-05,179.92,314.63,0.00,179.92,0.00,314.63,35.00
STM-CR-00035-202605,ACC-CR-00035,2026-04-11,2026-05-10,2026-05-11T13:00:00Z,2026-06-04,314.63,559.40,0.00,314.63,0.00,559.40,35.00
STM-CR-00035-202606,ACC-CR-00035,2026-05-11,2026-06-10,2026-06-11T13:00:00Z,2026-07-05,559.40,474.25,0.00,559.40,0.00,474.25,35.00
STM-CR-00035-202607,ACC-CR-00035,2026-06-11,2026-07-10,2026-07-11T13:00:00Z,2026-08-04,474.25,391.64,0.00,474.25,0.00,391.64,35.00
STM-CR-00035-202608,ACC-CR-00035,2026-07-11,2026-08-10,2026-08-11T13:00:00Z,2026-09-04,391.64,372.68,0.00,391.64,0.00,372.68,35.00
STM-CR-00035-202609,ACC-CR-00035,2026-08-11,2026-09-10,2026-09-11T13:00:00Z,2026-10-05,372.68,289.50,0.00,372.68,0.00,289.50,35.00
STM-CR-00035-202610,ACC-CR-00035,2026-09-11,2026-10-10,2026-10-11T13:00:00Z,2026-11-04,289.50,99.90,0.00,289.50,0.00,99.90,35.00
STM-CR-00036-202509,ACC-CR-00036,2025-08-31,2025-09-01,2025-09-02T13:00:00Z,2025-09-26,0.00,0.00,0.00,0.00,0.00,0.00,0.00
STM-CR-00036-202510,ACC-CR-00036,2025-09-02,2025-10-01,2025-10-02T13:00:00Z,2025-10-26,0.00,0.00,0.00,0.00,0.00,0.00,0.00
STM-CR-00036-202511,ACC-CR-00036,2025-10-02,2025-11-01,2025-11-02T14:00:00Z,2025-11-26,0.00,151.13,0.00,0.00,0.00,151.13,35.00
STM-CR-00036-202512,ACC-CR-00036,2025-11-02,2025-12-01,2025-12-02T14:00:00Z,2025-12-26,151.13,543.48,0.00,151.13,0.00,543.48,35.00
STM-CR-00036-202601,ACC-CR-00036,2025-12-02,2026-01-01,2026-01-02T14:00:00Z,2026-01-26,543.48,227.58,106.24,543.48,0.00,121.34,35.00
STM-CR-00036-202602,ACC-CR-00036,2026-01-02,2026-02-01,2026-02-02T14:00:00Z,2026-02-26,121.34,113.96,0.00,121.34,0.00,113.96,35.00
STM-CR-00036-202603,ACC-CR-00036,2026-02-02,2026-03-01,2026-03-02T14:00:00Z,2026-03-26,113.96,108.49,0.00,113.96,0.00,108.49,35.00
STM-CR-00036-202604,ACC-CR-00036,2026-03-02,2026-04-01,2026-04-02T13:00:00Z,2026-04-26,108.49,201.84,0.00,108.49,0.00,201.84,35.00
STM-CR-00036-202605,ACC-CR-00036,2026-04-02,2026-05-01,2026-05-02T13:00:00Z,2026-05-26,201.84,268.25,0.00,201.84,0.00,268.25,35.00
STM-CR-00036-202606,ACC-CR-00036,2026-05-02,2026-06-01,2026-06-02T13:00:00Z,2026-06-26,268.25,235.34,0.00,268.25,0.00,235.34,35.00
STM-CR-00036-202607,ACC-CR-00036,2026-06-02,2026-07-01,2026-07-02T13:00:00Z,2026-07-26,235.34,218.70,0.00,235.34,0.00,218.70,35.00
STM-CR-00036-202608,ACC-CR-00036,2026-07-02,2026-08-01,2026-08-02T13:00:00Z,2026-08-26,218.70,184.14,0.00,218.70,0.00,184.14,35.00
STM-CR-00036-202609,ACC-CR-00036,2026-08-02,2026-09-01,2026-09-02T13:00:00Z,2026-09-26,184.14,168.51,0.00,184.14,0.00,168.51,35.00
STM-CR-00036-202610,ACC-CR-00036,2026-09-02,2026-10-01,2026-10-02T13:00:00Z,2026-10-26,168.51,279.94,0.00,168.51,0.00,279.94,35.00
STM-CR-00037-202509,ACC-CR-00037,2025-08-31,2025-09-12,2025-09-13T13:00:00Z,2025-10-07,0.00,0.00,0.00,0.00,0.00,0.00,0.00
STM-CR-00037-202510,ACC-CR-00037,2025-09-13,2025-10-12,2025-10-13T13:00:00Z,2025-11-06,0.00,132.93,0.00,0.00,0.00,132.93,35.00
STM-CR-00037-202511,ACC-CR-00037,2025-10-13,2025-11-12,2025-11-13T14:00:00Z,2025-12-07,132.93,160.85,0.00,132.93,0.00,160.85,35.00
STM-CR-00037-202512,ACC-CR-00037,2025-11-13,2025-12-12,2025-12-13T14:00:00Z,2026-01-06,160.85,267.35,0.00,160.85,0.00,267.35,35.00
STM-CR-00037-202601,ACC-CR-00037,2025-12-13,2026-01-12,2026-01-13T14:00:00Z,2026-02-06,267.35,765.22,0.00,267.35,0.00,765.22,35.00
STM-CR-00037-202602,ACC-CR-00037,2026-01-13,2026-02-12,2026-02-13T14:00:00Z,2026-03-09,765.22,152.01,0.00,765.22,0.00,152.01,35.00
STM-CR-00037-202603,ACC-CR-00037,2026-02-13,2026-03-12,2026-03-13T13:00:00Z,2026-04-06,152.01,337.11,0.00,152.01,0.00,337.11,35.00
STM-CR-00037-202604,ACC-CR-00037,2026-03-13,2026-04-12,2026-04-13T13:00:00Z,2026-05-07,337.11,746.26,0.00,337.11,0.00,746.26,35.00
STM-CR-00037-202605,ACC-CR-00037,2026-04-13,2026-05-12,2026-05-13T13:00:00Z,2026-06-06,746.26,132.44,0.00,746.26,0.00,132.44,35.00
STM-CR-00037-202606,ACC-CR-00037,2026-05-13,2026-06-12,2026-06-13T13:00:00Z,2026-07-07,132.44,980.73,0.00,132.44,0.00,980.73,35.00
STM-CR-00037-202607,ACC-CR-00037,2026-06-13,2026-07-12,2026-07-13T13:00:00Z,2026-08-06,980.73,321.57,0.00,980.73,0.00,321.57,35.00
STM-CR-00037-202608,ACC-CR-00037,2026-07-13,2026-08-12,2026-08-13T13:00:00Z,2026-09-06,321.57,557.28,0.00,321.57,0.00,557.28,35.00
STM-CR-00037-202609,ACC-CR-00037,2026-08-13,2026-09-12,2026-09-13T13:00:00Z,2026-10-07,557.28,274.01,0.00,557.28,0.00,274.01,35.00
STM-CR-00037-202610,ACC-CR-00037,2026-09-13,2026-10-12,2026-10-13T13:00:00Z,2026-11-06,274.01,278.03,0.00,274.01,0.00,278.03,35.00
STM-CR-00038-202509,ACC-CR-00038,2025-08-31,2025-09-15,2025-09-16T13:00:00Z,2025-10-10,0.00,0.00,0.00,0.00,0.00,0.00,0.00
STM-CR-00038-202510,ACC-CR-00038,2025-09-16,2025-10-15,2025-10-16T13:00:00Z,2025-11-09,0.00,132.70,0.00,0.00,0.00,132.70,35.00
STM-CR-00038-202511,ACC-CR-00038,2025-10-16,2025-11-15,2025-11-16T14:00:00Z,2025-12-10,132.70,1011.39,0.00,35.00,0.00,1109.09,35.00
STM-CR-00038-202512,ACC-CR-00038,2025-11-16,2025-12-15,2025-12-16T14:00:00Z,2026-01-09,1109.09,258.06,0.00,35.00,0.00,1332.15,35.00
STM-CR-00038-202601,ACC-CR-00038,2025-12-16,2026-01-15,2026-01-16T14:00:00Z,2026-02-09,1332.15,241.44,0.00,35.00,0.00,1538.59,35.00
STM-CR-00038-202602,ACC-CR-00038,2026-01-16,2026-02-15,2026-02-16T14:00:00Z,2026-03-12,1538.59,78.87,0.00,35.00,0.00,1582.46,35.00
STM-CR-00038-202603,ACC-CR-00038,2026-02-16,2026-03-15,2026-03-16T13:00:00Z,2026-04-09,1582.46,379.92,0.00,35.00,0.00,1927.38,38.55
STM-CR-00038-202604,ACC-CR-00038,2026-03-16,2026-04-15,2026-04-16T13:00:00Z,2026-05-10,1927.38,536.60,0.00,38.55,0.00,2425.43,48.51
STM-CR-00038-202605,ACC-CR-00038,2026-04-16,2026-05-15,2026-05-16T13:00:00Z,2026-06-09,2425.43,228.96,0.00,48.51,0.00,2605.88,52.12
STM-CR-00038-202606,ACC-CR-00038,2026-05-16,2026-06-15,2026-06-16T13:00:00Z,2026-07-10,2605.88,209.28,0.00,52.12,0.00,2763.04,55.26
STM-CR-00038-202607,ACC-CR-00038,2026-06-16,2026-07-15,2026-07-16T13:00:00Z,2026-08-09,2763.04,317.76,0.00,55.26,0.00,3025.54,60.51
STM-CR-00038-202608,ACC-CR-00038,2026-07-16,2026-08-15,2026-08-16T13:00:00Z,2026-09-09,3025.54,244.09,0.00,60.51,0.00,3209.12,64.18
STM-CR-00038-202609,ACC-CR-00038,2026-08-16,2026-09-15,2026-09-16T13:00:00Z,2026-10-10,3209.12,251.69,0.00,64.18,0.00,3396.63,67.93
STM-CR-00038-202610,ACC-CR-00038,2026-09-16,2026-10-15,2026-10-16T13:00:00Z,2026-11-09,3396.63,857.86,0.00,67.93,0.00,4186.56,83.73
STM-CR-00039-202509,ACC-CR-00039,2025-08-31,2025-09-28,2025-09-29T13:00:00Z,2025-10-23,0.00,0.00,0.00,0.00,0.00,0.00,0.00
STM-CR-00039-202510,ACC-CR-00039,2025-09-29,2025-10-28,2025-10-29T13:00:00Z,2025-11-22,0.00,378.17,0.00,0.00,0.00,378.17,35.00
STM-CR-00039-202511,ACC-CR-00039,2025-10-29,2025-11-28,2025-11-29T14:00:00Z,2025-12-23,378.17,248.20,0.00,35.00,0.00,591.37,35.00
STM-CR-00039-202512,ACC-CR-00039,2025-11-29,2025-12-28,2025-12-29T14:00:00Z,2026-01-22,591.37,224.59,0.00,35.00,0.00,780.96,35.00
STM-CR-00039-202601,ACC-CR-00039,2025-12-29,2026-01-28,2026-01-29T14:00:00Z,2026-02-22,780.96,466.51,0.00,35.00,0.00,1212.47,35.00
STM-CR-00039-202602,ACC-CR-00039,2026-01-29,2026-02-28,2026-03-01T14:00:00Z,2026-03-25,1212.47,237.09,0.00,35.00,0.00,1414.56,35.00
STM-CR-00039-202603,ACC-CR-00039,2026-03-01,2026-03-28,2026-03-29T13:00:00Z,2026-04-22,1414.56,341.83,0.00,35.00,0.00,1721.39,35.00
STM-CR-00039-202604,ACC-CR-00039,2026-03-29,2026-04-28,2026-04-29T13:00:00Z,2026-05-23,1721.39,486.54,0.00,35.00,0.00,2172.93,43.46
STM-CR-00039-202605,ACC-CR-00039,2026-04-29,2026-05-28,2026-05-29T13:00:00Z,2026-06-22,2172.93,613.68,0.00,43.46,0.00,2743.15,54.86
STM-CR-00039-202606,ACC-CR-00039,2026-05-29,2026-06-28,2026-06-29T13:00:00Z,2026-07-23,2743.15,287.06,0.00,54.86,0.00,2975.35,59.51
STM-CR-00039-202607,ACC-CR-00039,2026-06-29,2026-07-28,2026-07-29T13:00:00Z,2026-08-22,2975.35,238.27,0.00,59.51,0.00,3154.11,63.08
STM-CR-00039-202608,ACC-CR-00039,2026-07-29,2026-08-28,2026-08-29T13:00:00Z,2026-09-22,3154.11,547.61,0.00,63.08,0.00,3638.64,72.77
STM-CR-00039-202609,ACC-CR-00039,2026-08-29,2026-09-28,2026-09-29T13:00:00Z,2026-10-23,3638.64,411.61,0.00,72.77,0.00,3977.48,79.55
STM-CR-00040-202605,ACC-CR-00040,2026-04-18,2026-05-16,2026-05-17T13:00:00Z,2026-06-10,0.00,259.91,0.00,0.00,0.00,259.91,35.00
STM-CR-00040-202606,ACC-CR-00040,2026-05-17,2026-06-16,2026-06-17T13:00:00Z,2026-07-11,259.91,252.32,0.00,103.96,0.00,408.27,35.00
STM-CR-00040-202607,ACC-CR-00040,2026-06-17,2026-07-16,2026-07-17T13:00:00Z,2026-08-10,408.27,34.78,0.00,163.31,0.00,279.74,35.00
STM-CR-00040-202608,ACC-CR-00040,2026-07-17,2026-08-16,2026-08-17T13:00:00Z,2026-09-10,279.74,9.99,0.00,111.90,0.00,177.83,35.00
STM-CR-00040-202609,ACC-CR-00040,2026-08-17,2026-09-16,2026-09-17T13:00:00Z,2026-10-11,177.83,108.16,0.00,71.13,0.00,214.86,35.00
STM-CR-00040-202610,ACC-CR-00040,2026-09-17,2026-10-16,2026-10-17T13:00:00Z,2026-11-10,214.86,56.49,0.00,85.94,0.00,185.41,35.00
STM-CR-00041-202509,ACC-CR-00041,2025-08-31,2025-09-20,2025-09-21T13:00:00Z,2025-10-15,0.00,0.00,0.00,0.00,0.00,0.00,0.00
STM-CR-00041-202510,ACC-CR-00041,2025-09-21,2025-10-20,2025-10-21T13:00:00Z,2025-11-14,0.00,143.57,0.00,0.00,0.00,143.57,35.00
STM-CR-00041-202511,ACC-CR-00041,2025-10-21,2025-11-20,2025-11-21T14:00:00Z,2025-12-15,143.57,281.14,0.00,57.43,0.00,367.28,35.00
STM-CR-00041-202512,ACC-CR-00041,2025-11-21,2025-12-20,2025-12-21T14:00:00Z,2026-01-14,367.28,171.15,0.00,146.91,0.00,391.52,35.00
STM-CR-00041-202601,ACC-CR-00041,2025-12-21,2026-01-20,2026-01-21T14:00:00Z,2026-02-14,391.52,602.90,0.00,156.61,0.00,837.81,35.00
STM-CR-00041-202602,ACC-CR-00041,2026-01-21,2026-02-20,2026-02-21T14:00:00Z,2026-03-17,837.81,406.04,0.00,335.12,0.00,908.73,35.00
STM-CR-00041-202603,ACC-CR-00041,2026-02-21,2026-03-20,2026-03-21T13:00:00Z,2026-04-14,908.73,309.21,0.00,363.49,0.00,854.45,35.00
STM-CR-00041-202604,ACC-CR-00041,2026-03-21,2026-04-20,2026-04-21T13:00:00Z,2026-05-15,854.45,247.72,0.00,341.78,0.00,760.39,35.00
STM-CR-00041-202605,ACC-CR-00041,2026-04-21,2026-05-20,2026-05-21T13:00:00Z,2026-06-14,760.39,260.95,0.00,304.16,0.00,717.18,35.00
STM-CR-00041-202606,ACC-CR-00041,2026-05-21,2026-06-20,2026-06-21T13:00:00Z,2026-07-15,717.18,94.28,0.00,286.87,0.00,524.59,35.00
STM-CR-00041-202607,ACC-CR-00041,2026-06-21,2026-07-20,2026-07-21T13:00:00Z,2026-08-14,524.59,130.00,0.00,209.84,0.00,444.75,35.00
STM-CR-00041-202608,ACC-CR-00041,2026-07-21,2026-08-20,2026-08-21T13:00:00Z,2026-09-14,444.75,299.74,0.00,177.90,0.00,566.59,35.00
STM-CR-00041-202609,ACC-CR-00041,2026-08-21,2026-09-20,2026-09-21T13:00:00Z,2026-10-15,566.59,344.43,0.00,226.64,0.00,684.38,35.00
STM-CR-00041-202610,ACC-CR-00041,2026-09-21,2026-10-20,2026-10-21T13:00:00Z,2026-11-14,684.38,281.98,0.00,273.75,0.00,692.61,35.00
STM-CR-00042-202509,ACC-CR-00042,2025-08-31,2025-09-01,2025-09-02T13:00:00Z,2025-09-26,0.00,0.00,0.00,0.00,0.00,0.00,0.00
STM-CR-00042-202510,ACC-CR-00042,2025-09-02,2025-10-01,2025-10-02T13:00:00Z,2025-10-26,0.00,0.00,0.00,0.00,0.00,0.00,0.00
STM-CR-00042-202511,ACC-CR-00042,2025-10-02,2025-11-01,2025-11-02T14:00:00Z,2025-11-26,0.00,480.43,0.00,0.00,0.00,480.43,35.00
STM-CR-00042-202512,ACC-CR-00042,2025-11-02,2025-12-01,2025-12-02T14:00:00Z,2025-12-26,480.43,74.99,0.00,35.00,0.00,520.42,35.00
STM-CR-00042-202601,ACC-CR-00042,2025-12-02,2026-01-01,2026-01-02T14:00:00Z,2026-01-26,520.42,911.45,0.00,35.00,0.00,1396.87,35.00
STM-CR-00042-202602,ACC-CR-00042,2026-01-02,2026-02-01,2026-02-02T14:00:00Z,2026-02-26,1396.87,279.65,0.00,35.00,0.00,1641.52,35.00
STM-CR-00042-202603,ACC-CR-00042,2026-02-02,2026-03-01,2026-03-02T14:00:00Z,2026-03-26,1641.52,334.94,0.00,35.00,0.00,1941.46,38.83
STM-CR-00042-202604,ACC-CR-00042,2026-03-02,2026-04-01,2026-04-02T13:00:00Z,2026-04-26,1941.46,304.75,0.00,38.83,0.00,2207.38,44.15
STM-CR-00042-202605,ACC-CR-00042,2026-04-02,2026-05-01,2026-05-02T13:00:00Z,2026-05-26,2207.38,178.49,0.00,44.15,0.00,2341.72,46.83
STM-CR-00042-202606,ACC-CR-00042,2026-05-02,2026-06-01,2026-06-02T13:00:00Z,2026-06-26,2341.72,288.73,0.00,46.83,0.00,2583.62,51.67
STM-CR-00042-202607,ACC-CR-00042,2026-06-02,2026-07-01,2026-07-02T13:00:00Z,2026-07-26,2583.62,218.98,0.00,51.67,0.00,2750.93,55.02
STM-CR-00042-202608,ACC-CR-00042,2026-07-02,2026-08-01,2026-08-02T13:00:00Z,2026-08-26,2750.93,414.22,0.00,55.02,0.00,3110.13,62.20
STM-CR-00042-202609,ACC-CR-00042,2026-08-02,2026-09-01,2026-09-02T13:00:00Z,2026-09-26,3110.13,307.08,0.00,62.20,0.00,3355.01,67.10
STM-CR-00042-202610,ACC-CR-00042,2026-09-02,2026-10-01,2026-10-02T13:00:00Z,2026-10-26,3355.01,373.13,0.00,67.10,0.00,3661.04,73.22
STM-CR-00043-202509,ACC-CR-00043,2025-08-31,2025-09-21,2025-09-22T13:00:00Z,2025-10-16,0.00,0.00,0.00,0.00,0.00,0.00,0.00
STM-CR-00043-202510,ACC-CR-00043,2025-09-22,2025-10-21,2025-10-22T13:00:00Z,2025-11-15,0.00,127.28,0.00,0.00,0.00,127.28,35.00
STM-CR-00043-202511,ACC-CR-00043,2025-10-22,2025-11-21,2025-11-22T14:00:00Z,2025-12-16,127.28,706.09,0.00,50.91,0.00,782.46,35.00
STM-CR-00043-202512,ACC-CR-00043,2025-11-22,2025-12-21,2025-12-22T14:00:00Z,2026-01-15,782.46,1004.73,0.00,312.98,0.00,1474.21,35.00
STM-CR-00043-202601,ACC-CR-00043,2025-12-22,2026-01-21,2026-01-22T14:00:00Z,2026-02-15,1474.21,260.29,0.00,589.68,0.00,1144.82,35.00
STM-CR-00043-202602,ACC-CR-00043,2026-01-22,2026-02-21,2026-02-22T14:00:00Z,2026-03-18,1144.82,99.17,0.00,457.93,0.00,786.06,35.00
STM-CR-00043-202603,ACC-CR-00043,2026-02-22,2026-03-21,2026-03-22T13:00:00Z,2026-04-15,786.06,442.32,0.00,314.42,0.00,913.96,35.00
STM-CR-00043-202604,ACC-CR-00043,2026-03-22,2026-04-21,2026-04-22T13:00:00Z,2026-05-16,913.96,840.91,0.00,365.58,0.00,1389.29,35.00
STM-CR-00043-202605,ACC-CR-00043,2026-04-22,2026-05-21,2026-05-22T13:00:00Z,2026-06-15,1389.29,219.68,130.94,555.72,0.00,922.31,35.00
STM-CR-00043-202606,ACC-CR-00043,2026-05-22,2026-06-21,2026-06-22T13:00:00Z,2026-07-16,922.31,81.74,0.00,368.92,0.00,635.13,35.00
STM-CR-00043-202607,ACC-CR-00043,2026-06-22,2026-07-21,2026-07-22T13:00:00Z,2026-08-15,635.13,1042.11,0.00,254.05,0.00,1423.19,35.00
STM-CR-00043-202608,ACC-CR-00043,2026-07-22,2026-08-21,2026-08-22T13:00:00Z,2026-09-15,1423.19,386.10,0.00,569.28,0.00,1240.01,35.00
STM-CR-00043-202609,ACC-CR-00043,2026-08-22,2026-09-21,2026-09-22T13:00:00Z,2026-10-16,1240.01,484.57,0.00,496.00,0.00,1228.58,35.00
STM-CR-00044-202509,ACC-CR-00044,2025-08-31,2025-09-07,2025-09-08T13:00:00Z,2025-10-02,0.00,0.00,0.00,0.00,0.00,0.00,0.00
STM-CR-00044-202510,ACC-CR-00044,2025-09-08,2025-10-07,2025-10-08T13:00:00Z,2025-11-01,0.00,175.87,0.00,0.00,0.00,175.87,35.00
STM-CR-00044-202511,ACC-CR-00044,2025-10-08,2025-11-07,2025-11-08T14:00:00Z,2025-12-02,175.87,315.28,0.00,175.87,0.00,315.28,35.00
STM-CR-00044-202512,ACC-CR-00044,2025-11-08,2025-12-07,2025-12-08T14:00:00Z,2026-01-01,315.28,355.12,0.00,315.28,0.00,355.12,35.00
STM-CR-00044-202601,ACC-CR-00044,2025-12-08,2026-01-07,2026-01-08T14:00:00Z,2026-02-01,355.12,472.36,0.00,355.12,0.00,472.36,35.00
STM-CR-00044-202602,ACC-CR-00044,2026-01-08,2026-02-07,2026-02-08T14:00:00Z,2026-03-04,472.36,565.57,0.00,472.36,0.00,565.57,35.00
STM-CR-00044-202603,ACC-CR-00044,2026-02-08,2026-03-07,2026-03-08T13:00:00Z,2026-04-01,565.57,757.56,0.00,565.57,0.00,757.56,35.00
STM-CR-00044-202604,ACC-CR-00044,2026-03-08,2026-04-07,2026-04-08T13:00:00Z,2026-05-02,757.56,398.26,0.00,757.56,0.00,398.26,35.00
STM-CR-00044-202605,ACC-CR-00044,2026-04-08,2026-05-07,2026-05-08T13:00:00Z,2026-06-01,398.26,373.38,0.00,398.26,0.00,373.38,35.00
STM-CR-00044-202606,ACC-CR-00044,2026-05-08,2026-06-07,2026-06-08T13:00:00Z,2026-07-02,373.38,142.75,0.00,373.38,0.00,142.75,35.00
STM-CR-00044-202607,ACC-CR-00044,2026-06-08,2026-07-07,2026-07-08T13:00:00Z,2026-08-01,142.75,708.05,248.60,142.75,0.00,459.45,35.00
STM-CR-00044-202608,ACC-CR-00044,2026-07-08,2026-08-07,2026-08-08T13:00:00Z,2026-09-01,459.45,408.89,0.00,459.45,0.00,408.89,35.00
STM-CR-00044-202609,ACC-CR-00044,2026-08-08,2026-09-07,2026-09-08T13:00:00Z,2026-10-02,408.89,455.98,0.00,408.89,0.00,455.98,35.00
STM-CR-00044-202610,ACC-CR-00044,2026-09-08,2026-10-07,2026-10-08T13:00:00Z,2026-11-01,455.98,341.25,0.00,455.98,0.00,341.25,35.00
STM-CR-00045-202509,ACC-CR-00045,2025-08-31,2025-09-22,2025-09-23T13:00:00Z,2025-10-17,0.00,0.00,0.00,0.00,0.00,0.00,0.00
STM-CR-00045-202510,ACC-CR-00045,2025-09-23,2025-10-22,2025-10-23T13:00:00Z,2025-11-16,0.00,352.42,0.00,0.00,0.00,352.42,35.00
STM-CR-00045-202511,ACC-CR-00045,2025-10-23,2025-11-22,2025-11-23T14:00:00Z,2025-12-17,352.42,159.80,0.00,352.42,0.00,159.80,35.00
STM-CR-00045-202512,ACC-CR-00045,2025-11-23,2025-12-22,2025-12-23T14:00:00Z,2026-01-16,159.80,326.79,0.00,159.80,0.00,326.79,35.00
STM-CR-00045-202601,ACC-CR-00045,2025-12-23,2026-01-22,2026-01-23T14:00:00Z,2026-02-16,326.79,457.04,0.00,326.79,0.00,457.04,35.00
STM-CR-00045-202602,ACC-CR-00045,2026-01-23,2026-02-22,2026-02-23T14:00:00Z,2026-03-19,457.04,1697.34,0.00,457.04,0.00,1697.34,35.00
STM-CR-00045-202603,ACC-CR-00045,2026-02-23,2026-03-22,2026-03-23T13:00:00Z,2026-04-16,1697.34,566.56,0.00,1697.34,0.00,566.56,35.00
STM-CR-00045-202604,ACC-CR-00045,2026-03-23,2026-04-22,2026-04-23T13:00:00Z,2026-05-17,566.56,156.90,0.00,566.56,0.00,156.90,35.00
STM-CR-00045-202605,ACC-CR-00045,2026-04-23,2026-05-22,2026-05-23T13:00:00Z,2026-06-16,156.90,372.18,165.52,156.90,0.00,206.66,35.00
STM-CR-00045-202606,ACC-CR-00045,2026-05-23,2026-06-22,2026-06-23T13:00:00Z,2026-07-17,206.66,124.93,0.00,206.66,0.00,124.93,35.00
STM-CR-00045-202607,ACC-CR-00045,2026-06-23,2026-07-22,2026-07-23T13:00:00Z,2026-08-16,124.93,318.36,0.00,124.93,0.00,318.36,35.00
STM-CR-00045-202608,ACC-CR-00045,2026-07-23,2026-08-22,2026-08-23T13:00:00Z,2026-09-16,318.36,319.98,0.00,318.36,0.00,319.98,35.00
STM-CR-00045-202609,ACC-CR-00045,2026-08-23,2026-09-22,2026-09-23T13:00:00Z,2026-10-17,319.98,168.94,0.00,319.98,0.00,168.94,35.00
STM-CR-00046-202509,ACC-CR-00046,2025-08-31,2025-09-10,2025-09-11T13:00:00Z,2025-10-05,0.00,0.00,0.00,0.00,0.00,0.00,0.00
STM-CR-00046-202510,ACC-CR-00046,2025-09-11,2025-10-10,2025-10-11T13:00:00Z,2025-11-04,0.00,53.76,0.00,0.00,0.00,53.76,35.00
STM-CR-00046-202511,ACC-CR-00046,2025-10-11,2025-11-10,2025-11-11T14:00:00Z,2025-12-05,53.76,427.26,0.00,53.76,0.00,427.26,35.00
STM-CR-00046-202512,ACC-CR-00046,2025-11-11,2025-12-10,2025-12-11T14:00:00Z,2026-01-04,427.26,698.99,0.00,427.26,0.00,698.99,35.00
STM-CR-00046-202601,ACC-CR-00046,2025-12-11,2026-01-10,2026-01-11T14:00:00Z,2026-02-04,698.99,303.73,0.00,698.99,0.00,303.73,35.00
STM-CR-00046-202602,ACC-CR-00046,2026-01-11,2026-02-10,2026-02-11T14:00:00Z,2026-03-07,303.73,426.04,0.00,303.73,0.00,426.04,35.00
STM-CR-00046-202603,ACC-CR-00046,2026-02-11,2026-03-10,2026-03-11T13:00:00Z,2026-04-04,426.04,358.54,0.00,426.04,0.00,358.54,35.00
STM-CR-00046-202604,ACC-CR-00046,2026-03-11,2026-04-10,2026-04-11T13:00:00Z,2026-05-05,358.54,310.78,0.00,358.54,0.00,310.78,35.00
STM-CR-00046-202605,ACC-CR-00046,2026-04-11,2026-05-10,2026-05-11T13:00:00Z,2026-06-04,310.78,393.83,0.00,310.78,0.00,393.83,35.00
STM-CR-00046-202606,ACC-CR-00046,2026-05-11,2026-06-10,2026-06-11T13:00:00Z,2026-07-05,393.83,268.94,0.00,393.83,0.00,268.94,35.00
STM-CR-00046-202607,ACC-CR-00046,2026-06-11,2026-07-10,2026-07-11T13:00:00Z,2026-08-04,268.94,1114.31,0.00,268.94,0.00,1114.31,35.00
STM-CR-00046-202608,ACC-CR-00046,2026-07-11,2026-08-10,2026-08-11T13:00:00Z,2026-09-04,1114.31,345.07,0.00,1114.31,0.00,345.07,35.00
STM-CR-00046-202609,ACC-CR-00046,2026-08-11,2026-09-10,2026-09-11T13:00:00Z,2026-10-05,345.07,368.77,0.00,345.07,0.00,368.77,35.00
STM-CR-00046-202610,ACC-CR-00046,2026-09-11,2026-10-10,2026-10-11T13:00:00Z,2026-11-04,368.77,197.29,0.00,368.77,0.00,197.29,35.00
STM-CR-00047-202509,ACC-CR-00047,2025-08-31,2025-09-24,2025-09-25T13:00:00Z,2025-10-19,0.00,0.00,0.00,0.00,0.00,0.00,0.00
STM-CR-00047-202510,ACC-CR-00047,2025-09-25,2025-10-24,2025-10-25T13:00:00Z,2025-11-18,0.00,281.21,0.00,0.00,0.00,281.21,35.00
STM-CR-00047-202511,ACC-CR-00047,2025-10-25,2025-11-24,2025-11-25T14:00:00Z,2025-12-19,281.21,326.02,0.00,112.48,0.00,494.75,35.00
STM-CR-00047-202512,ACC-CR-00047,2025-11-25,2025-12-24,2025-12-25T14:00:00Z,2026-01-18,494.75,393.98,0.00,197.90,0.00,690.83,35.00
STM-CR-00047-202601,ACC-CR-00047,2025-12-25,2026-01-24,2026-01-25T14:00:00Z,2026-02-18,690.83,188.94,0.00,276.33,0.00,603.44,35.00
STM-CR-00047-202602,ACC-CR-00047,2026-01-25,2026-02-24,2026-02-25T14:00:00Z,2026-03-21,603.44,99.73,0.00,241.38,0.00,461.79,35.00
STM-CR-00047-202603,ACC-CR-00047,2026-02-25,2026-03-24,2026-03-25T13:00:00Z,2026-04-18,461.79,308.65,0.00,184.72,0.00,585.72,35.00
STM-CR-00047-202604,ACC-CR-00047,2026-03-25,2026-04-24,2026-04-25T13:00:00Z,2026-05-19,585.72,516.91,0.00,234.29,0.00,868.34,35.00
STM-CR-00047-202605,ACC-CR-00047,2026-04-25,2026-05-24,2026-05-25T13:00:00Z,2026-06-18,868.34,146.70,0.00,347.34,0.00,667.70,35.00
STM-CR-00047-202606,ACC-CR-00047,2026-05-25,2026-06-24,2026-06-25T13:00:00Z,2026-07-19,667.70,220.23,0.00,267.08,0.00,620.85,35.00
STM-CR-00047-202607,ACC-CR-00047,2026-06-25,2026-07-24,2026-07-25T13:00:00Z,2026-08-18,620.85,1150.70,0.00,248.34,0.00,1523.21,35.00
STM-CR-00047-202608,ACC-CR-00047,2026-07-25,2026-08-24,2026-08-25T13:00:00Z,2026-09-18,1523.21,564.62,0.00,609.28,0.00,1478.55,35.00
STM-CR-00047-202609,ACC-CR-00047,2026-08-25,2026-09-24,2026-09-25T13:00:00Z,2026-10-19,1478.55,852.24,0.00,591.42,0.00,1739.37,35.00
STM-CR-00048-202509,ACC-CR-00048,2025-08-31,2025-09-28,2025-09-29T13:00:00Z,2025-10-23,0.00,0.00,0.00,0.00,0.00,0.00,0.00
STM-CR-00048-202510,ACC-CR-00048,2025-09-29,2025-10-28,2025-10-29T13:00:00Z,2025-11-22,0.00,241.17,0.00,0.00,0.00,241.17,35.00
STM-CR-00048-202511,ACC-CR-00048,2025-10-29,2025-11-28,2025-11-29T14:00:00Z,2025-12-23,241.17,258.81,0.00,96.47,0.00,403.51,35.00
STM-CR-00048-202512,ACC-CR-00048,2025-11-29,2025-12-28,2025-12-29T14:00:00Z,2026-01-22,403.51,262.36,0.00,161.40,0.00,504.47,35.00
STM-CR-00048-202601,ACC-CR-00048,2025-12-29,2026-01-28,2026-01-29T14:00:00Z,2026-02-22,504.47,234.31,0.00,201.79,0.00,536.99,35.00
STM-CR-00048-202602,ACC-CR-00048,2026-01-29,2026-02-28,2026-03-01T14:00:00Z,2026-03-25,536.99,161.42,0.00,214.80,0.00,483.61,35.00
STM-CR-00048-202603,ACC-CR-00048,2026-03-01,2026-03-28,2026-03-29T13:00:00Z,2026-04-22,483.61,239.35,0.00,193.44,0.00,529.52,35.00
STM-CR-00048-202604,ACC-CR-00048,2026-03-29,2026-04-28,2026-04-29T13:00:00Z,2026-05-23,529.52,263.78,0.00,211.81,0.00,581.49,35.00
STM-CR-00048-202605,ACC-CR-00048,2026-04-29,2026-05-28,2026-05-29T13:00:00Z,2026-06-22,581.49,313.77,0.00,232.60,0.00,662.66,35.00
STM-CR-00048-202606,ACC-CR-00048,2026-05-29,2026-06-28,2026-06-29T13:00:00Z,2026-07-23,662.66,190.23,0.00,265.06,0.00,587.83,35.00
STM-CR-00048-202607,ACC-CR-00048,2026-06-29,2026-07-28,2026-07-29T13:00:00Z,2026-08-22,587.83,547.63,0.00,235.13,0.00,900.33,35.00
STM-CR-00048-202608,ACC-CR-00048,2026-07-29,2026-08-28,2026-08-29T13:00:00Z,2026-09-22,900.33,420.84,0.00,360.13,0.00,961.04,35.00
STM-CR-00048-202609,ACC-CR-00048,2026-08-29,2026-09-28,2026-09-29T13:00:00Z,2026-10-23,961.04,87.19,0.00,384.42,0.00,663.81,35.00
STM-CR-00049-202509,ACC-CR-00049,2025-08-31,2025-09-16,2025-09-17T13:00:00Z,2025-10-11,0.00,0.00,0.00,0.00,0.00,0.00,0.00
STM-CR-00049-202510,ACC-CR-00049,2025-09-17,2025-10-16,2025-10-17T13:00:00Z,2025-11-10,0.00,161.97,0.00,0.00,0.00,161.97,35.00
STM-CR-00049-202511,ACC-CR-00049,2025-10-17,2025-11-16,2025-11-17T14:00:00Z,2025-12-11,161.97,238.79,0.00,161.97,0.00,238.79,35.00
STM-CR-00049-202512,ACC-CR-00049,2025-11-17,2025-12-16,2025-12-17T14:00:00Z,2026-01-10,238.79,375.96,0.00,238.79,0.00,375.96,35.00
STM-CR-00049-202601,ACC-CR-00049,2025-12-17,2026-01-16,2026-01-17T14:00:00Z,2026-02-10,375.96,328.97,0.00,375.96,0.00,328.97,35.00
STM-CR-00049-202602,ACC-CR-00049,2026-01-17,2026-02-16,2026-02-17T14:00:00Z,2026-03-13,328.97,296.98,0.00,328.97,0.00,296.98,35.00
STM-CR-00049-202603,ACC-CR-00049,2026-02-17,2026-03-16,2026-03-17T13:00:00Z,2026-04-10,296.98,478.47,0.00,296.98,0.00,478.47,35.00
STM-CR-00049-202604,ACC-CR-00049,2026-03-17,2026-04-16,2026-04-17T13:00:00Z,2026-05-11,478.47,1350.20,0.00,478.47,0.00,1350.20,35.00
STM-CR-00049-202605,ACC-CR-00049,2026-04-17,2026-05-16,2026-05-17T13:00:00Z,2026-06-10,1350.20,366.35,0.00,1350.20,0.00,366.35,35.00
STM-CR-00049-202606,ACC-CR-00049,2026-05-17,2026-06-16,2026-06-17T13:00:00Z,2026-07-11,366.35,218.28,0.00,366.35,0.00,218.28,35.00
STM-CR-00049-202607,ACC-CR-00049,2026-06-17,2026-07-16,2026-07-17T13:00:00Z,2026-08-10,218.28,301.58,0.00,218.28,0.00,301.58,35.00
STM-CR-00049-202608,ACC-CR-00049,2026-07-17,2026-08-16,2026-08-17T13:00:00Z,2026-09-10,301.58,415.59,0.00,301.58,0.00,415.59,35.00
STM-CR-00049-202609,ACC-CR-00049,2026-08-17,2026-09-16,2026-09-17T13:00:00Z,2026-10-11,415.59,222.21,0.00,415.59,0.00,222.21,35.00
STM-CR-00049-202610,ACC-CR-00049,2026-09-17,2026-10-16,2026-10-17T13:00:00Z,2026-11-10,222.21,275.16,0.00,222.21,0.00,275.16,35.00
STM-CR-00050-202601,ACC-CR-00050,2025-12-24,2026-01-10,2026-01-11T14:00:00Z,2026-02-04,0.00,24.47,0.00,0.00,0.00,24.47,35.00
STM-CR-00050-202602,ACC-CR-00050,2026-01-11,2026-02-10,2026-02-11T14:00:00Z,2026-03-07,24.47,114.42,0.00,24.47,0.00,114.42,35.00
STM-CR-00050-202603,ACC-CR-00050,2026-02-11,2026-03-10,2026-03-11T13:00:00Z,2026-04-04,114.42,237.77,0.00,114.42,0.00,237.77,35.00
STM-CR-00050-202604,ACC-CR-00050,2026-03-11,2026-04-10,2026-04-11T13:00:00Z,2026-05-05,237.77,381.03,0.00,237.77,0.00,381.03,35.00
STM-CR-00050-202605,ACC-CR-00050,2026-04-11,2026-05-10,2026-05-11T13:00:00Z,2026-06-04,381.03,153.77,0.00,381.03,0.00,153.77,35.00
STM-CR-00050-202606,ACC-CR-00050,2026-05-11,2026-06-10,2026-06-11T13:00:00Z,2026-07-05,153.77,309.70,0.00,153.77,0.00,309.70,35.00
STM-CR-00050-202607,ACC-CR-00050,2026-06-11,2026-07-10,2026-07-11T13:00:00Z,2026-08-04,309.70,192.35,0.00,309.70,0.00,192.35,35.00
STM-CR-00050-202608,ACC-CR-00050,2026-07-11,2026-08-10,2026-08-11T13:00:00Z,2026-09-04,192.35,137.23,0.00,192.35,0.00,137.23,35.00
STM-CR-00050-202609,ACC-CR-00050,2026-08-11,2026-09-10,2026-09-11T13:00:00Z,2026-10-05,137.23,141.01,0.00,137.23,0.00,141.01,35.00
STM-CR-00050-202610,ACC-CR-00050,2026-09-11,2026-10-10,2026-10-11T13:00:00Z,2026-11-04,141.01,280.42,0.00,141.01,0.00,280.42,35.00
STM-CR-00051-202509,ACC-CR-00051,2025-08-31,2025-09-03,2025-09-04T13:00:00Z,2025-09-28,0.00,0.00,0.00,0.00,0.00,0.00,0.00
STM-CR-00051-202510,ACC-CR-00051,2025-09-04,2025-10-03,2025-10-04T13:00:00Z,2025-10-28,0.00,0.00,0.00,0.00,0.00,0.00,0.00
STM-CR-00051-202511,ACC-CR-00051,2025-10-04,2025-11-03,2025-11-04T14:00:00Z,2025-11-28,0.00,287.60,0.00,0.00,0.00,287.60,35.00
STM-CR-00051-202512,ACC-CR-00051,2025-11-04,2025-12-03,2025-12-04T14:00:00Z,2025-12-28,287.60,536.94,0.00,287.60,0.00,536.94,35.00
STM-CR-00051-202601,ACC-CR-00051,2025-12-04,2026-01-03,2026-01-04T14:00:00Z,2026-01-28,536.94,366.14,0.00,536.94,0.00,366.14,35.00
STM-CR-00051-202602,ACC-CR-00051,2026-01-04,2026-02-03,2026-02-04T14:00:00Z,2026-02-28,366.14,482.09,0.00,366.14,0.00,482.09,35.00
STM-CR-00051-202603,ACC-CR-00051,2026-02-04,2026-03-03,2026-03-04T14:00:00Z,2026-03-28,482.09,304.18,0.00,482.09,0.00,304.18,35.00
STM-CR-00051-202604,ACC-CR-00051,2026-03-04,2026-04-03,2026-04-04T13:00:00Z,2026-04-28,304.18,321.85,0.00,304.18,0.00,321.85,35.00
STM-CR-00051-202605,ACC-CR-00051,2026-04-04,2026-05-03,2026-05-04T13:00:00Z,2026-05-28,321.85,271.10,0.00,321.85,0.00,271.10,35.00
STM-CR-00051-202606,ACC-CR-00051,2026-05-04,2026-06-03,2026-06-04T13:00:00Z,2026-06-28,271.10,388.74,0.00,271.10,0.00,388.74,35.00
STM-CR-00051-202607,ACC-CR-00051,2026-06-04,2026-07-03,2026-07-04T13:00:00Z,2026-07-28,388.74,347.98,0.00,388.74,0.00,347.98,35.00
STM-CR-00051-202608,ACC-CR-00051,2026-07-04,2026-08-03,2026-08-04T13:00:00Z,2026-08-28,347.98,555.36,0.00,347.98,0.00,555.36,35.00
STM-CR-00051-202609,ACC-CR-00051,2026-08-04,2026-09-03,2026-09-04T13:00:00Z,2026-09-28,555.36,462.87,0.00,555.36,0.00,462.87,35.00
STM-CR-00051-202610,ACC-CR-00051,2026-09-04,2026-10-03,2026-10-04T13:00:00Z,2026-10-28,462.87,554.60,0.00,462.87,0.00,554.60,35.00
STM-CR-00052-202509,ACC-CR-00052,2025-08-31,2025-09-02,2025-09-03T13:00:00Z,2025-09-27,0.00,0.00,0.00,0.00,0.00,0.00,0.00
STM-CR-00052-202510,ACC-CR-00052,2025-09-03,2025-10-02,2025-10-03T13:00:00Z,2025-10-27,0.00,0.00,0.00,0.00,0.00,0.00,0.00
STM-CR-00052-202511,ACC-CR-00052,2025-10-03,2025-11-02,2025-11-03T14:00:00Z,2025-11-27,0.00,374.58,63.04,0.00,0.00,311.54,35.00
STM-CR-00052-202512,ACC-CR-00052,2025-11-03,2025-12-02,2025-12-03T14:00:00Z,2025-12-27,311.54,891.18,0.00,124.62,0.00,1078.10,35.00
STM-CR-00052-202601,ACC-CR-00052,2025-12-03,2026-01-02,2026-01-03T14:00:00Z,2026-01-27,1078.10,382.00,0.00,431.24,0.00,1028.86,35.00
STM-CR-00052-202602,ACC-CR-00052,2026-01-03,2026-02-02,2026-02-03T14:00:00Z,2026-02-27,1028.86,694.51,0.00,411.54,0.00,1311.83,35.00
STM-CR-00052-202603,ACC-CR-00052,2026-02-03,2026-03-02,2026-03-03T14:00:00Z,2026-03-27,1311.83,172.08,0.00,524.73,0.00,959.18,35.00
STM-CR-00052-202604,ACC-CR-00052,2026-03-03,2026-04-02,2026-04-03T13:00:00Z,2026-04-27,959.18,305.20,0.00,383.67,0.00,880.71,35.00
STM-CR-00052-202605,ACC-CR-00052,2026-04-03,2026-05-02,2026-05-03T13:00:00Z,2026-05-27,880.71,372.18,0.00,352.28,0.00,900.61,35.00
STM-CR-00052-202606,ACC-CR-00052,2026-05-03,2026-06-02,2026-06-03T13:00:00Z,2026-06-27,900.61,233.00,0.00,360.24,0.00,773.37,35.00
STM-CR-00052-202607,ACC-CR-00052,2026-06-03,2026-07-02,2026-07-03T13:00:00Z,2026-07-27,773.37,335.84,0.00,309.35,0.00,799.86,35.00
STM-CR-00052-202608,ACC-CR-00052,2026-07-03,2026-08-02,2026-08-03T13:00:00Z,2026-08-27,799.86,289.49,0.00,319.94,0.00,769.41,35.00
STM-CR-00052-202609,ACC-CR-00052,2026-08-03,2026-09-02,2026-09-03T13:00:00Z,2026-09-27,769.41,499.55,0.00,307.76,0.00,961.20,35.00
STM-CR-00052-202610,ACC-CR-00052,2026-09-03,2026-10-02,2026-10-03T13:00:00Z,2026-10-27,961.20,253.87,0.00,384.48,0.00,830.59,35.00
STM-CR-00053-202509,ACC-CR-00053,2025-08-31,2025-09-02,2025-09-03T13:00:00Z,2025-09-27,0.00,0.00,0.00,0.00,0.00,0.00,0.00
STM-CR-00053-202510,ACC-CR-00053,2025-09-03,2025-10-02,2025-10-03T13:00:00Z,2025-10-27,0.00,0.00,0.00,0.00,0.00,0.00,0.00
STM-CR-00053-202511,ACC-CR-00053,2025-10-03,2025-11-02,2025-11-03T14:00:00Z,2025-11-27,0.00,291.89,0.00,0.00,0.00,291.89,35.00
STM-CR-00053-202512,ACC-CR-00053,2025-11-03,2025-12-02,2025-12-03T14:00:00Z,2025-12-27,291.89,192.83,0.00,116.76,0.00,367.96,35.00
STM-CR-00053-202601,ACC-CR-00053,2025-12-03,2026-01-02,2026-01-03T14:00:00Z,2026-01-27,367.96,357.75,0.00,147.18,0.00,578.53,35.00
STM-CR-00053-202602,ACC-CR-00053,2026-01-03,2026-02-02,2026-02-03T14:00:00Z,2026-02-27,578.53,428.82,0.00,231.41,0.00,775.94,35.00
STM-CR-00053-202603,ACC-CR-00053,2026-02-03,2026-03-02,2026-03-03T14:00:00Z,2026-03-27,775.94,1141.94,0.00,310.38,0.00,1607.50,35.00
STM-CR-00053-202604,ACC-CR-00053,2026-03-03,2026-04-02,2026-04-03T13:00:00Z,2026-04-27,1607.50,249.43,0.00,643.00,0.00,1213.93,35.00
STM-CR-00053-202605,ACC-CR-00053,2026-04-03,2026-05-02,2026-05-03T13:00:00Z,2026-05-27,1213.93,288.35,0.00,485.57,0.00,1016.71,35.00
STM-CR-00053-202606,ACC-CR-00053,2026-05-03,2026-06-02,2026-06-03T13:00:00Z,2026-06-27,1016.71,312.40,0.00,406.68,0.00,922.43,35.00
STM-CR-00053-202607,ACC-CR-00053,2026-06-03,2026-07-02,2026-07-03T13:00:00Z,2026-07-27,922.43,441.28,0.00,368.97,0.00,994.74,35.00
STM-CR-00053-202608,ACC-CR-00053,2026-07-03,2026-08-02,2026-08-03T13:00:00Z,2026-08-27,994.74,387.97,0.00,397.90,0.00,984.81,35.00
STM-CR-00053-202609,ACC-CR-00053,2026-08-03,2026-09-02,2026-09-03T13:00:00Z,2026-09-27,984.81,354.44,0.00,393.92,0.00,945.33,35.00
STM-CR-00053-202610,ACC-CR-00053,2026-09-03,2026-10-02,2026-10-03T13:00:00Z,2026-10-27,945.33,444.40,0.00,378.13,0.00,1011.60,35.00
STM-CR-00054-202509,ACC-CR-00054,2025-08-31,2025-09-27,2025-09-28T13:00:00Z,2025-10-22,0.00,0.00,0.00,0.00,0.00,0.00,0.00
STM-CR-00054-202510,ACC-CR-00054,2025-09-28,2025-10-27,2025-10-28T13:00:00Z,2025-11-21,0.00,151.85,0.00,0.00,0.00,151.85,35.00
STM-CR-00054-202511,ACC-CR-00054,2025-10-28,2025-11-27,2025-11-28T14:00:00Z,2025-12-22,151.85,364.48,0.00,60.74,0.00,455.59,35.00
STM-CR-00054-202512,ACC-CR-00054,2025-11-28,2025-12-27,2025-12-28T14:00:00Z,2026-01-21,455.59,229.50,0.00,182.24,0.00,502.85,35.00
STM-CR-00054-202601,ACC-CR-00054,2025-12-28,2026-01-27,2026-01-28T14:00:00Z,2026-02-21,502.85,319.84,0.00,201.14,0.00,621.55,35.00
STM-CR-00054-202602,ACC-CR-00054,2026-01-28,2026-02-27,2026-02-28T14:00:00Z,2026-03-24,621.55,439.72,0.00,248.62,0.00,812.65,35.00
STM-CR-00054-202603,ACC-CR-00054,2026-02-28,2026-03-27,2026-03-28T13:00:00Z,2026-04-21,812.65,138.44,0.00,325.06,0.00,626.03,35.00
STM-CR-00054-202604,ACC-CR-00054,2026-03-28,2026-04-27,2026-04-28T13:00:00Z,2026-05-22,626.03,267.85,0.00,250.41,0.00,643.47,35.00
STM-CR-00054-202605,ACC-CR-00054,2026-04-28,2026-05-27,2026-05-28T13:00:00Z,2026-06-21,643.47,85.50,0.00,257.39,0.00,471.58,35.00
STM-CR-00054-202606,ACC-CR-00054,2026-05-28,2026-06-27,2026-06-28T13:00:00Z,2026-07-22,471.58,693.76,0.00,188.63,0.00,976.71,35.00
STM-CR-00054-202607,ACC-CR-00054,2026-06-28,2026-07-27,2026-07-28T13:00:00Z,2026-08-21,976.71,150.48,0.00,390.68,0.00,736.51,35.00
STM-CR-00054-202608,ACC-CR-00054,2026-07-28,2026-08-27,2026-08-28T13:00:00Z,2026-09-21,736.51,314.80,0.00,294.60,0.00,756.71,35.00
STM-CR-00054-202609,ACC-CR-00054,2026-08-28,2026-09-27,2026-09-28T13:00:00Z,2026-10-22,756.71,157.81,0.00,302.68,0.00,611.84,35.00
STM-CR-00055-202509,ACC-CR-00055,2025-08-31,2025-09-13,2025-09-14T13:00:00Z,2025-10-08,0.00,0.00,0.00,0.00,0.00,0.00,0.00
STM-CR-00055-202510,ACC-CR-00055,2025-09-14,2025-10-13,2025-10-14T13:00:00Z,2025-11-07,0.00,43.15,0.00,0.00,0.00,43.15,35.00
STM-CR-00055-202511,ACC-CR-00055,2025-10-14,2025-11-13,2025-11-14T14:00:00Z,2025-12-08,43.15,518.93,0.00,17.26,0.00,544.82,35.00
STM-CR-00055-202512,ACC-CR-00055,2025-11-14,2025-12-13,2025-12-14T14:00:00Z,2026-01-07,544.82,542.54,0.00,217.93,0.00,869.43,35.00
STM-CR-00055-202601,ACC-CR-00055,2025-12-14,2026-01-13,2026-01-14T14:00:00Z,2026-02-07,869.43,328.65,0.00,347.77,0.00,850.31,35.00
STM-CR-00055-202602,ACC-CR-00055,2026-01-14,2026-02-13,2026-02-14T14:00:00Z,2026-03-10,850.31,317.89,0.00,340.12,0.00,828.08,35.00
STM-CR-00055-202603,ACC-CR-00055,2026-02-14,2026-03-13,2026-03-14T13:00:00Z,2026-04-07,828.08,467.06,0.00,331.23,0.00,963.91,35.00
STM-CR-00055-202604,ACC-CR-00055,2026-03-14,2026-04-13,2026-04-14T13:00:00Z,2026-05-08,963.91,386.18,0.00,385.56,0.00,964.53,35.00
STM-CR-00055-202605,ACC-CR-00055,2026-04-14,2026-05-13,2026-05-14T13:00:00Z,2026-06-07,964.53,421.66,0.00,385.81,0.00,1000.38,35.00
STM-CR-00055-202606,ACC-CR-00055,2026-05-14,2026-06-13,2026-06-14T13:00:00Z,2026-07-08,1000.38,164.87,0.00,400.15,0.00,765.10,35.00
STM-CR-00055-202607,ACC-CR-00055,2026-06-14,2026-07-13,2026-07-14T13:00:00Z,2026-08-07,765.10,304.45,0.00,306.04,0.00,763.51,35.00
STM-CR-00055-202608,ACC-CR-00055,2026-07-14,2026-08-13,2026-08-14T13:00:00Z,2026-09-07,763.51,237.99,0.00,305.40,0.00,696.10,35.00
STM-CR-00055-202609,ACC-CR-00055,2026-08-14,2026-09-13,2026-09-14T13:00:00Z,2026-10-08,696.10,308.84,0.00,278.44,0.00,726.50,35.00
STM-CR-00055-202610,ACC-CR-00055,2026-09-14,2026-10-13,2026-10-14T13:00:00Z,2026-11-07,726.50,298.03,0.00,290.60,0.00,733.93,35.00
STM-CR-00056-202509,ACC-CR-00056,2025-08-31,2025-09-04,2025-09-05T13:00:00Z,2025-09-29,0.00,0.00,0.00,0.00,0.00,0.00,0.00
STM-CR-00056-202510,ACC-CR-00056,2025-09-05,2025-10-04,2025-10-05T13:00:00Z,2025-10-29,0.00,0.00,0.00,0.00,0.00,0.00,0.00
STM-CR-00056-202511,ACC-CR-00056,2025-10-05,2025-11-04,2025-11-05T14:00:00Z,2025-11-29,0.00,229.32,0.00,0.00,0.00,229.32,35.00
STM-CR-00056-202512,ACC-CR-00056,2025-11-05,2025-12-04,2025-12-05T14:00:00Z,2025-12-29,229.32,149.86,0.00,91.73,0.00,287.45,35.00
STM-CR-00056-202601,ACC-CR-00056,2025-12-05,2026-01-04,2026-01-05T14:00:00Z,2026-01-29,287.45,277.00,0.00,114.98,0.00,449.47,35.00
STM-CR-00056-202602,ACC-CR-00056,2026-01-05,2026-02-04,2026-02-05T14:00:00Z,2026-03-01,449.47,109.22,0.00,179.79,0.00,378.90,35.00
STM-CR-00056-202603,ACC-CR-00056,2026-02-05,2026-03-04,2026-03-05T14:00:00Z,2026-03-29,378.90,137.63,0.00,151.56,0.00,364.97,35.00
STM-CR-00056-202604,ACC-CR-00056,2026-03-05,2026-04-04,2026-04-05T13:00:00Z,2026-04-29,364.97,125.21,0.00,145.99,0.00,344.19,35.00
STM-CR-00056-202605,ACC-CR-00056,2026-04-05,2026-05-04,2026-05-05T13:00:00Z,2026-05-29,344.19,25.28,0.00,137.68,0.00,231.79,35.00
STM-CR-00056-202606,ACC-CR-00056,2026-05-05,2026-06-04,2026-06-05T13:00:00Z,2026-06-29,231.79,81.64,0.00,92.72,0.00,220.71,35.00
STM-CR-00056-202607,ACC-CR-00056,2026-06-05,2026-07-04,2026-07-05T13:00:00Z,2026-07-29,220.71,132.92,0.00,88.28,0.00,265.35,35.00
STM-CR-00056-202608,ACC-CR-00056,2026-07-05,2026-08-04,2026-08-05T13:00:00Z,2026-08-29,265.35,177.21,0.00,106.14,0.00,336.42,35.00
STM-CR-00056-202609,ACC-CR-00056,2026-08-05,2026-09-04,2026-09-05T13:00:00Z,2026-09-29,336.42,144.50,0.00,134.57,0.00,346.35,35.00
STM-CR-00056-202610,ACC-CR-00056,2026-09-05,2026-10-04,2026-10-05T13:00:00Z,2026-10-29,346.35,233.34,0.00,138.54,0.00,441.15,35.00
STM-CR-00057-202509,ACC-CR-00057,2025-08-31,2025-09-17,2025-09-18T13:00:00Z,2025-10-12,0.00,0.00,0.00,0.00,0.00,0.00,0.00
STM-CR-00057-202510,ACC-CR-00057,2025-09-18,2025-10-17,2025-10-18T13:00:00Z,2025-11-11,0.00,116.57,0.00,0.00,0.00,116.57,35.00
STM-CR-00057-202511,ACC-CR-00057,2025-10-18,2025-11-17,2025-11-18T14:00:00Z,2025-12-12,116.57,283.91,0.00,116.57,0.00,283.91,35.00
STM-CR-00057-202512,ACC-CR-00057,2025-11-18,2025-12-17,2025-12-18T14:00:00Z,2026-01-11,283.91,298.45,0.00,283.91,0.00,298.45,35.00
STM-CR-00057-202601,ACC-CR-00057,2025-12-18,2026-01-17,2026-01-18T14:00:00Z,2026-02-11,298.45,357.02,0.00,298.45,0.00,357.02,35.00
STM-CR-00057-202602,ACC-CR-00057,2026-01-18,2026-02-17,2026-02-18T14:00:00Z,2026-03-14,357.02,344.01,0.00,357.02,0.00,344.01,35.00
STM-CR-00057-202603,ACC-CR-00057,2026-02-18,2026-03-17,2026-03-18T13:00:00Z,2026-04-11,344.01,396.37,0.00,344.01,0.00,396.37,35.00
STM-CR-00057-202604,ACC-CR-00057,2026-03-18,2026-04-17,2026-04-18T13:00:00Z,2026-05-12,396.37,534.14,112.85,396.37,0.00,421.29,35.00
STM-CR-00057-202605,ACC-CR-00057,2026-04-18,2026-05-17,2026-05-18T13:00:00Z,2026-06-11,421.29,241.49,0.00,421.29,0.00,241.49,35.00
STM-CR-00057-202606,ACC-CR-00057,2026-05-18,2026-06-17,2026-06-18T13:00:00Z,2026-07-12,241.49,398.43,0.00,241.49,0.00,398.43,35.00
STM-CR-00057-202607,ACC-CR-00057,2026-06-18,2026-07-17,2026-07-18T13:00:00Z,2026-08-11,398.43,401.17,0.00,398.43,0.00,401.17,35.00
STM-CR-00057-202608,ACC-CR-00057,2026-07-18,2026-08-17,2026-08-18T13:00:00Z,2026-09-11,401.17,417.02,0.00,401.17,0.00,417.02,35.00
STM-CR-00057-202609,ACC-CR-00057,2026-08-18,2026-09-17,2026-09-18T13:00:00Z,2026-10-12,417.02,262.00,0.00,417.02,0.00,262.00,35.00
STM-CR-00057-202610,ACC-CR-00057,2026-09-18,2026-10-17,2026-10-18T13:00:00Z,2026-11-11,262.00,443.24,0.00,262.00,0.00,443.24,35.00
STM-CR-00058-202509,ACC-CR-00058,2025-08-31,2025-09-21,2025-09-22T13:00:00Z,2025-10-16,0.00,0.00,0.00,0.00,0.00,0.00,0.00
STM-CR-00058-202510,ACC-CR-00058,2025-09-22,2025-10-21,2025-10-22T13:00:00Z,2025-11-15,0.00,191.63,0.00,0.00,0.00,191.63,35.00
STM-CR-00058-202511,ACC-CR-00058,2025-10-22,2025-11-21,2025-11-22T14:00:00Z,2025-12-16,191.63,228.25,0.00,76.65,0.00,343.23,35.00
STM-CR-00058-202512,ACC-CR-00058,2025-11-22,2025-12-21,2025-12-22T14:00:00Z,2026-01-15,343.23,194.15,0.00,137.29,0.00,400.09,35.00
STM-CR-00058-202601,ACC-CR-00058,2025-12-22,2026-01-21,2026-01-22T14:00:00Z,2026-02-15,400.09,171.08,0.00,160.04,0.00,411.13,35.00
STM-CR-00058-202602,ACC-CR-00058,2026-01-22,2026-02-21,2026-02-22T14:00:00Z,2026-03-18,411.13,167.41,0.00,164.45,0.00,414.09,35.00
STM-CR-00058-202603,ACC-CR-00058,2026-02-22,2026-03-21,2026-03-22T13:00:00Z,2026-04-15,414.09,431.49,0.00,165.64,0.00,679.94,35.00
STM-CR-00058-202604,ACC-CR-00058,2026-03-22,2026-04-21,2026-04-22T13:00:00Z,2026-05-16,679.94,366.12,0.00,271.98,0.00,774.08,35.00
STM-CR-00058-202605,ACC-CR-00058,2026-04-22,2026-05-21,2026-05-22T13:00:00Z,2026-06-15,774.08,273.65,0.00,309.63,0.00,738.10,35.00
STM-CR-00058-202606,ACC-CR-00058,2026-05-22,2026-06-21,2026-06-22T13:00:00Z,2026-07-16,738.10,293.13,0.00,295.24,0.00,735.99,35.00
STM-CR-00058-202607,ACC-CR-00058,2026-06-22,2026-07-21,2026-07-22T13:00:00Z,2026-08-15,735.99,349.03,0.00,294.40,0.00,790.62,35.00
STM-CR-00058-202608,ACC-CR-00058,2026-07-22,2026-08-21,2026-08-22T13:00:00Z,2026-09-15,790.62,193.39,0.00,316.25,0.00,667.76,35.00
STM-CR-00058-202609,ACC-CR-00058,2026-08-22,2026-09-21,2026-09-22T13:00:00Z,2026-10-16,667.76,529.61,0.00,267.10,0.00,930.27,35.00
STM-CR-00059-202509,ACC-CR-00059,2025-08-31,2025-09-25,2025-09-26T13:00:00Z,2025-10-20,0.00,0.00,0.00,0.00,0.00,0.00,0.00
STM-CR-00059-202510,ACC-CR-00059,2025-09-26,2025-10-25,2025-10-26T13:00:00Z,2025-11-19,0.00,21.93,0.00,0.00,0.00,21.93,35.00
STM-CR-00059-202511,ACC-CR-00059,2025-10-26,2025-11-25,2025-11-26T14:00:00Z,2025-12-20,21.93,210.74,0.00,21.93,0.00,210.74,35.00
STM-CR-00059-202512,ACC-CR-00059,2025-11-26,2025-12-25,2025-12-26T14:00:00Z,2026-01-19,210.74,103.25,0.00,210.74,0.00,103.25,35.00
STM-CR-00059-202601,ACC-CR-00059,2025-12-26,2026-01-25,2026-01-26T14:00:00Z,2026-02-19,103.25,225.11,0.00,103.25,0.00,225.11,35.00
STM-CR-00059-202602,ACC-CR-00059,2026-01-26,2026-02-25,2026-02-26T14:00:00Z,2026-03-22,225.11,210.45,0.00,225.11,0.00,210.45,35.00
STM-CR-00059-202603,ACC-CR-00059,2026-02-26,2026-03-25,2026-03-26T13:00:00Z,2026-04-19,210.45,316.36,0.00,210.45,0.00,316.36,35.00
STM-CR-00059-202604,ACC-CR-00059,2026-03-26,2026-04-25,2026-04-26T13:00:00Z,2026-05-20,316.36,238.97,0.00,316.36,0.00,238.97,35.00
STM-CR-00059-202605,ACC-CR-00059,2026-04-26,2026-05-25,2026-05-26T13:00:00Z,2026-06-19,238.97,136.67,0.00,238.97,0.00,136.67,35.00
STM-CR-00059-202606,ACC-CR-00059,2026-05-26,2026-06-25,2026-06-26T13:00:00Z,2026-07-20,136.67,292.62,0.00,136.67,0.00,292.62,35.00
STM-CR-00059-202607,ACC-CR-00059,2026-06-26,2026-07-25,2026-07-26T13:00:00Z,2026-08-19,292.62,169.89,0.00,292.62,0.00,169.89,35.00
STM-CR-00059-202608,ACC-CR-00059,2026-07-26,2026-08-25,2026-08-26T13:00:00Z,2026-09-19,169.89,240.19,0.00,169.89,0.00,240.19,35.00
STM-CR-00059-202609,ACC-CR-00059,2026-08-26,2026-09-25,2026-09-26T13:00:00Z,2026-10-20,240.19,268.54,0.00,240.19,0.00,268.54,35.00
STM-CR-00060-202509,ACC-CR-00060,2025-08-31,2025-09-27,2025-09-28T13:00:00Z,2025-10-22,0.00,0.00,0.00,0.00,0.00,0.00,0.00
STM-CR-00060-202510,ACC-CR-00060,2025-09-28,2025-10-27,2025-10-28T13:00:00Z,2025-11-21,0.00,153.03,0.00,0.00,0.00,153.03,35.00
STM-CR-00060-202511,ACC-CR-00060,2025-10-28,2025-11-27,2025-11-28T14:00:00Z,2025-12-22,153.03,1718.36,0.00,153.03,0.00,1718.36,35.00
STM-CR-00060-202512,ACC-CR-00060,2025-11-28,2025-12-27,2025-12-28T14:00:00Z,2026-01-21,1718.36,315.50,0.00,1718.36,0.00,315.50,35.00
STM-CR-00060-202601,ACC-CR-00060,2025-12-28,2026-01-27,2026-01-28T14:00:00Z,2026-02-21,315.50,125.54,0.00,315.50,0.00,125.54,35.00
STM-CR-00060-202602,ACC-CR-00060,2026-01-28,2026-02-27,2026-02-28T14:00:00Z,2026-03-24,125.54,184.30,0.00,125.54,0.00,184.30,35.00
STM-CR-00060-202603,ACC-CR-00060,2026-02-28,2026-03-27,2026-03-28T13:00:00Z,2026-04-21,184.30,401.19,0.00,184.30,0.00,401.19,35.00
STM-CR-00060-202604,ACC-CR-00060,2026-03-28,2026-04-27,2026-04-28T13:00:00Z,2026-05-22,401.19,377.54,0.00,401.19,0.00,377.54,35.00
STM-CR-00060-202605,ACC-CR-00060,2026-04-28,2026-05-27,2026-05-28T13:00:00Z,2026-06-21,377.54,142.46,0.00,377.54,0.00,142.46,35.00
STM-CR-00060-202606,ACC-CR-00060,2026-05-28,2026-06-27,2026-06-28T13:00:00Z,2026-07-22,142.46,250.60,76.88,142.46,0.00,173.72,35.00
STM-CR-00060-202607,ACC-CR-00060,2026-06-28,2026-07-27,2026-07-28T13:00:00Z,2026-08-21,173.72,160.56,0.00,173.72,0.00,160.56,35.00
STM-CR-00060-202608,ACC-CR-00060,2026-07-28,2026-08-27,2026-08-28T13:00:00Z,2026-09-21,160.56,100.77,0.00,160.56,0.00,100.77,35.00
STM-CR-00060-202609,ACC-CR-00060,2026-08-28,2026-09-27,2026-09-28T13:00:00Z,2026-10-22,100.77,376.92,0.00,100.77,0.00,376.92,35.00
STM-CR-00061-202509,ACC-CR-00061,2025-08-31,2025-09-12,2025-09-13T13:00:00Z,2025-10-07,0.00,0.00,0.00,0.00,0.00,0.00,0.00
STM-CR-00061-202510,ACC-CR-00061,2025-09-13,2025-10-12,2025-10-13T13:00:00Z,2025-11-06,0.00,138.99,0.00,0.00,0.00,138.99,35.00
STM-CR-00061-202511,ACC-CR-00061,2025-10-13,2025-11-12,2025-11-13T14:00:00Z,2025-12-07,138.99,423.86,0.00,138.99,0.00,423.86,35.00
STM-CR-00061-202512,ACC-CR-00061,2025-11-13,2025-12-12,2025-12-13T14:00:00Z,2026-01-06,423.86,168.16,0.00,423.86,0.00,168.16,35.00
STM-CR-00061-202601,ACC-CR-00061,2025-12-13,2026-01-12,2026-01-13T14:00:00Z,2026-02-06,168.16,147.63,0.00,168.16,0.00,147.63,35.00
STM-CR-00061-202602,ACC-CR-00061,2026-01-13,2026-02-12,2026-02-13T14:00:00Z,2026-03-09,147.63,150.65,0.00,147.63,0.00,150.65,35.00
STM-CR-00061-202603,ACC-CR-00061,2026-02-13,2026-03-12,2026-03-13T13:00:00Z,2026-04-06,150.65,632.86,0.00,150.65,0.00,632.86,35.00
STM-CR-00061-202604,ACC-CR-00061,2026-03-13,2026-04-12,2026-04-13T13:00:00Z,2026-05-07,632.86,259.21,0.00,632.86,0.00,259.21,35.00
STM-CR-00061-202605,ACC-CR-00061,2026-04-13,2026-05-12,2026-05-13T13:00:00Z,2026-06-06,259.21,151.67,0.00,259.21,0.00,151.67,35.00
STM-CR-00061-202606,ACC-CR-00061,2026-05-13,2026-06-12,2026-06-13T13:00:00Z,2026-07-07,151.67,269.32,0.00,151.67,0.00,269.32,35.00
STM-CR-00061-202607,ACC-CR-00061,2026-06-13,2026-07-12,2026-07-13T13:00:00Z,2026-08-06,269.32,140.10,0.00,269.32,0.00,140.10,35.00
STM-CR-00061-202608,ACC-CR-00061,2026-07-13,2026-08-12,2026-08-13T13:00:00Z,2026-09-06,140.10,255.26,0.00,140.10,0.00,255.26,35.00
STM-CR-00061-202609,ACC-CR-00061,2026-08-13,2026-09-12,2026-09-13T13:00:00Z,2026-10-07,255.26,184.54,0.00,255.26,0.00,184.54,35.00
STM-CR-00061-202610,ACC-CR-00061,2026-09-13,2026-10-12,2026-10-13T13:00:00Z,2026-11-06,184.54,433.31,0.00,184.54,0.00,433.31,35.00
STM-CR-00062-202509,ACC-CR-00062,2025-08-31,2025-09-22,2025-09-23T13:00:00Z,2025-10-17,0.00,0.00,0.00,0.00,0.00,0.00,0.00
STM-CR-00062-202510,ACC-CR-00062,2025-09-23,2025-10-22,2025-10-23T13:00:00Z,2025-11-16,0.00,171.06,0.00,0.00,0.00,171.06,35.00
STM-CR-00062-202511,ACC-CR-00062,2025-10-23,2025-11-22,2025-11-23T14:00:00Z,2025-12-17,171.06,207.06,0.00,171.06,0.00,207.06,35.00
STM-CR-00062-202512,ACC-CR-00062,2025-11-23,2025-12-22,2025-12-23T14:00:00Z,2026-01-16,207.06,432.26,0.00,207.06,0.00,432.26,35.00
STM-CR-00062-202601,ACC-CR-00062,2025-12-23,2026-01-22,2026-01-23T14:00:00Z,2026-02-16,432.26,310.82,0.00,432.26,0.00,310.82,35.00
STM-CR-00062-202602,ACC-CR-00062,2026-01-23,2026-02-22,2026-02-23T14:00:00Z,2026-03-19,310.82,671.53,0.00,310.82,0.00,671.53,35.00
STM-CR-00062-202603,ACC-CR-00062,2026-02-23,2026-03-22,2026-03-23T13:00:00Z,2026-04-16,671.53,366.81,0.00,671.53,0.00,366.81,35.00
STM-CR-00062-202604,ACC-CR-00062,2026-03-23,2026-04-22,2026-04-23T13:00:00Z,2026-05-17,366.81,322.61,0.00,366.81,0.00,322.61,35.00
STM-CR-00062-202605,ACC-CR-00062,2026-04-23,2026-05-22,2026-05-23T13:00:00Z,2026-06-16,322.61,408.45,0.00,322.61,0.00,408.45,35.00
STM-CR-00062-202606,ACC-CR-00062,2026-05-23,2026-06-22,2026-06-23T13:00:00Z,2026-07-17,408.45,1443.47,0.00,408.45,0.00,1443.47,35.00
STM-CR-00062-202607,ACC-CR-00062,2026-06-23,2026-07-22,2026-07-23T13:00:00Z,2026-08-16,1443.47,400.10,0.00,1443.47,0.00,400.10,35.00
STM-CR-00062-202608,ACC-CR-00062,2026-07-23,2026-08-22,2026-08-23T13:00:00Z,2026-09-16,400.10,435.33,0.00,400.10,0.00,435.33,35.00
STM-CR-00062-202609,ACC-CR-00062,2026-08-23,2026-09-22,2026-09-23T13:00:00Z,2026-10-17,435.33,580.64,0.00,435.33,0.00,580.64,35.00
STM-CR-00063-202509,ACC-CR-00063,2025-08-31,2025-09-20,2025-09-21T13:00:00Z,2025-10-15,0.00,0.00,0.00,0.00,0.00,0.00,0.00
STM-CR-00063-202510,ACC-CR-00063,2025-09-21,2025-10-20,2025-10-21T13:00:00Z,2025-11-14,0.00,121.80,0.00,0.00,0.00,121.80,35.00
STM-CR-00063-202511,ACC-CR-00063,2025-10-21,2025-11-20,2025-11-21T14:00:00Z,2025-12-15,121.80,433.45,0.00,48.72,0.00,506.53,35.00
STM-CR-00063-202512,ACC-CR-00063,2025-11-21,2025-12-20,2025-12-21T14:00:00Z,2026-01-14,506.53,195.52,0.00,202.61,0.00,499.44,35.00
STM-CR-00063-202601,ACC-CR-00063,2025-12-21,2026-01-20,2026-01-21T14:00:00Z,2026-02-14,499.44,214.32,0.00,199.78,0.00,513.98,35.00
STM-CR-00063-202602,ACC-CR-00063,2026-01-21,2026-02-20,2026-02-21T14:00:00Z,2026-03-17,513.98,339.52,0.00,205.59,0.00,647.91,35.00
STM-CR-00063-202603,ACC-CR-00063,2026-02-21,2026-03-20,2026-03-21T13:00:00Z,2026-04-14,647.91,105.93,0.00,259.16,0.00,494.68,35.00
STM-CR-00063-202604,ACC-CR-00063,2026-03-21,2026-04-20,2026-04-21T13:00:00Z,2026-05-15,494.68,391.81,0.00,197.87,0.00,688.62,35.00
STM-CR-00063-202605,ACC-CR-00063,2026-04-21,2026-05-20,2026-05-21T13:00:00Z,2026-06-14,688.62,210.16,0.00,275.45,0.00,623.33,35.00
STM-CR-00063-202606,ACC-CR-00063,2026-05-21,2026-06-20,2026-06-21T13:00:00Z,2026-07-15,623.33,164.72,0.00,249.33,0.00,538.72,35.00
STM-CR-00063-202607,ACC-CR-00063,2026-06-21,2026-07-20,2026-07-21T13:00:00Z,2026-08-14,538.72,221.72,0.00,215.49,0.00,544.95,35.00
STM-CR-00063-202608,ACC-CR-00063,2026-07-21,2026-08-20,2026-08-21T13:00:00Z,2026-09-14,544.95,414.29,0.00,217.98,0.00,741.26,35.00
STM-CR-00063-202609,ACC-CR-00063,2026-08-21,2026-09-20,2026-09-21T13:00:00Z,2026-10-15,741.26,178.07,0.00,296.50,0.00,622.83,35.00
STM-CR-00063-202610,ACC-CR-00063,2026-09-21,2026-10-20,2026-10-21T13:00:00Z,2026-11-14,622.83,387.08,0.00,249.13,0.00,760.78,35.00
STM-CR-00064-202509,ACC-CR-00064,2025-08-31,2025-09-22,2025-09-23T13:00:00Z,2025-10-17,0.00,0.00,0.00,0.00,0.00,0.00,0.00
STM-CR-00064-202510,ACC-CR-00064,2025-09-23,2025-10-22,2025-10-23T13:00:00Z,2025-11-16,0.00,419.38,0.00,0.00,0.00,419.38,35.00
STM-CR-00064-202511,ACC-CR-00064,2025-10-23,2025-11-22,2025-11-23T14:00:00Z,2025-12-17,419.38,411.25,0.00,419.38,0.00,411.25,35.00
STM-CR-00064-202512,ACC-CR-00064,2025-11-23,2025-12-22,2025-12-23T14:00:00Z,2026-01-16,411.25,537.87,0.00,411.25,0.00,537.87,35.00
STM-CR-00064-202601,ACC-CR-00064,2025-12-23,2026-01-22,2026-01-23T14:00:00Z,2026-02-16,537.87,540.87,0.00,537.87,0.00,540.87,35.00
STM-CR-00064-202602,ACC-CR-00064,2026-01-23,2026-02-22,2026-02-23T14:00:00Z,2026-03-19,540.87,561.01,177.46,540.87,0.00,383.55,35.00
STM-CR-00064-202603,ACC-CR-00064,2026-02-23,2026-03-22,2026-03-23T13:00:00Z,2026-04-16,383.55,904.50,0.00,383.55,0.00,904.50,35.00
STM-CR-00064-202604,ACC-CR-00064,2026-03-23,2026-04-22,2026-04-23T13:00:00Z,2026-05-17,904.50,296.20,0.00,904.50,0.00,296.20,35.00
STM-CR-00064-202605,ACC-CR-00064,2026-04-23,2026-05-22,2026-05-23T13:00:00Z,2026-06-16,296.20,643.84,0.00,296.20,0.00,643.84,35.00
STM-CR-00064-202606,ACC-CR-00064,2026-05-23,2026-06-22,2026-06-23T13:00:00Z,2026-07-17,643.84,440.08,0.00,643.84,0.00,440.08,35.00
STM-CR-00064-202607,ACC-CR-00064,2026-06-23,2026-07-22,2026-07-23T13:00:00Z,2026-08-16,440.08,764.14,0.00,440.08,0.00,764.14,35.00
STM-CR-00064-202608,ACC-CR-00064,2026-07-23,2026-08-22,2026-08-23T13:00:00Z,2026-09-16,764.14,741.55,0.00,764.14,0.00,741.55,35.00
STM-CR-00064-202609,ACC-CR-00064,2026-08-23,2026-09-22,2026-09-23T13:00:00Z,2026-10-17,741.55,279.97,0.00,741.55,0.00,279.97,35.00
STM-CR-00065-202509,ACC-CR-00065,2025-08-31,2025-09-03,2025-09-04T13:00:00Z,2025-09-28,0.00,0.00,0.00,0.00,0.00,0.00,0.00
STM-CR-00065-202510,ACC-CR-00065,2025-09-04,2025-10-03,2025-10-04T13:00:00Z,2025-10-28,0.00,0.00,0.00,0.00,0.00,0.00,0.00
STM-CR-00065-202511,ACC-CR-00065,2025-10-04,2025-11-03,2025-11-04T14:00:00Z,2025-11-28,0.00,479.91,0.00,0.00,0.00,479.91,35.00
STM-CR-00065-202512,ACC-CR-00065,2025-11-04,2025-12-03,2025-12-04T14:00:00Z,2025-12-28,479.91,459.34,0.00,191.96,0.00,747.29,35.00
STM-CR-00065-202601,ACC-CR-00065,2025-12-04,2026-01-03,2026-01-04T14:00:00Z,2026-01-28,747.29,946.46,0.00,298.92,0.00,1394.83,35.00
STM-CR-00065-202602,ACC-CR-00065,2026-01-04,2026-02-03,2026-02-04T14:00:00Z,2026-02-28,1394.83,692.15,0.00,557.93,0.00,1529.05,35.00
STM-CR-00065-202603,ACC-CR-00065,2026-02-04,2026-03-03,2026-03-04T14:00:00Z,2026-03-28,1529.05,309.72,0.00,611.62,0.00,1227.15,35.00
STM-CR-00065-202604,ACC-CR-00065,2026-03-04,2026-04-03,2026-04-04T13:00:00Z,2026-04-28,1227.15,555.16,0.00,490.86,0.00,1291.45,35.00
STM-CR-00065-202605,ACC-CR-00065,2026-04-04,2026-05-03,2026-05-04T13:00:00Z,2026-05-28,1291.45,288.63,0.00,516.58,0.00,1063.50,35.00
STM-CR-00065-202606,ACC-CR-00065,2026-05-04,2026-06-03,2026-06-04T13:00:00Z,2026-06-28,1063.50,320.53,0.00,425.40,0.00,958.63,35.00
STM-CR-00065-202607,ACC-CR-00065,2026-06-04,2026-07-03,2026-07-04T13:00:00Z,2026-07-28,958.63,468.20,0.00,383.45,0.00,1043.38,35.00
STM-CR-00065-202608,ACC-CR-00065,2026-07-04,2026-08-03,2026-08-04T13:00:00Z,2026-08-28,1043.38,598.58,0.00,417.35,0.00,1224.61,35.00
STM-CR-00065-202609,ACC-CR-00065,2026-08-04,2026-09-03,2026-09-04T13:00:00Z,2026-09-28,1224.61,213.92,0.00,489.84,0.00,948.69,35.00
STM-CR-00065-202610,ACC-CR-00065,2026-09-04,2026-10-03,2026-10-04T13:00:00Z,2026-10-28,948.69,551.12,0.00,379.48,0.00,1120.33,35.00
STM-CR-00066-202509,ACC-CR-00066,2025-08-31,2025-09-17,2025-09-18T13:00:00Z,2025-10-12,0.00,0.00,0.00,0.00,0.00,0.00,0.00
STM-CR-00066-202510,ACC-CR-00066,2025-09-18,2025-10-17,2025-10-18T13:00:00Z,2025-11-11,0.00,170.15,0.00,0.00,0.00,170.15,35.00
STM-CR-00066-202511,ACC-CR-00066,2025-10-18,2025-11-17,2025-11-18T14:00:00Z,2025-12-12,170.15,217.98,0.00,170.15,0.00,217.98,35.00
STM-CR-00066-202512,ACC-CR-00066,2025-11-18,2025-12-17,2025-12-18T14:00:00Z,2026-01-11,217.98,1052.23,0.00,217.98,0.00,1052.23,35.00
STM-CR-00066-202601,ACC-CR-00066,2025-12-18,2026-01-17,2026-01-18T14:00:00Z,2026-02-11,1052.23,695.88,0.00,1052.23,0.00,695.88,35.00
STM-CR-00066-202602,ACC-CR-00066,2026-01-18,2026-02-17,2026-02-18T14:00:00Z,2026-03-14,695.88,191.56,0.00,695.88,0.00,191.56,35.00
STM-CR-00066-202603,ACC-CR-00066,2026-02-18,2026-03-17,2026-03-18T13:00:00Z,2026-04-11,191.56,203.11,0.00,191.56,0.00,203.11,35.00
STM-CR-00066-202604,ACC-CR-00066,2026-03-18,2026-04-17,2026-04-18T13:00:00Z,2026-05-12,203.11,453.74,0.00,203.11,0.00,453.74,35.00
STM-CR-00066-202605,ACC-CR-00066,2026-04-18,2026-05-17,2026-05-18T13:00:00Z,2026-06-11,453.74,281.45,0.00,453.74,0.00,281.45,35.00
STM-CR-00066-202606,ACC-CR-00066,2026-05-18,2026-06-17,2026-06-18T13:00:00Z,2026-07-12,281.45,233.07,0.00,281.45,0.00,233.07,35.00
STM-CR-00066-202607,ACC-CR-00066,2026-06-18,2026-07-17,2026-07-18T13:00:00Z,2026-08-11,233.07,541.90,0.00,233.07,0.00,541.90,35.00
STM-CR-00066-202608,ACC-CR-00066,2026-07-18,2026-08-17,2026-08-18T13:00:00Z,2026-09-11,541.90,142.81,0.00,541.90,0.00,142.81,35.00
STM-CR-00066-202609,ACC-CR-00066,2026-08-18,2026-09-17,2026-09-18T13:00:00Z,2026-10-12,142.81,506.70,0.00,142.81,0.00,506.70,35.00
STM-CR-00066-202610,ACC-CR-00066,2026-09-18,2026-10-17,2026-10-18T13:00:00Z,2026-11-11,506.70,264.69,0.00,506.70,0.00,264.69,35.00
STM-CR-00067-202607,ACC-CR-00067,2026-06-23,2026-07-20,2026-07-21T13:00:00Z,2026-08-14,0.00,1087.51,0.00,0.00,0.00,1087.51,35.00
STM-CR-00067-202608,ACC-CR-00067,2026-07-21,2026-08-20,2026-08-21T13:00:00Z,2026-09-14,1087.51,405.27,0.00,1087.51,0.00,405.27,35.00
STM-CR-00067-202609,ACC-CR-00067,2026-08-21,2026-09-20,2026-09-21T13:00:00Z,2026-10-15,405.27,629.03,0.00,405.27,0.00,629.03,35.00
STM-CR-00067-202610,ACC-CR-00067,2026-09-21,2026-10-20,2026-10-21T13:00:00Z,2026-11-14,629.03,394.33,0.00,629.03,0.00,394.33,35.00
STM-CR-00068-202604,ACC-CR-00068,2026-03-22,2026-04-13,2026-04-14T13:00:00Z,2026-05-08,0.00,82.99,0.00,0.00,0.00,82.99,35.00
STM-CR-00068-202605,ACC-CR-00068,2026-04-14,2026-05-13,2026-05-14T13:00:00Z,2026-06-07,82.99,337.73,0.00,33.20,0.00,387.52,35.00
STM-CR-00068-202606,ACC-CR-00068,2026-05-14,2026-06-13,2026-06-14T13:00:00Z,2026-07-08,387.52,401.71,0.00,155.01,0.00,634.22,35.00
STM-CR-00068-202607,ACC-CR-00068,2026-06-14,2026-07-13,2026-07-14T13:00:00Z,2026-08-07,634.22,151.76,0.00,253.69,0.00,532.29,35.00
STM-CR-00068-202608,ACC-CR-00068,2026-07-14,2026-08-13,2026-08-14T13:00:00Z,2026-09-07,532.29,321.94,0.00,212.92,0.00,641.31,35.00
STM-CR-00068-202609,ACC-CR-00068,2026-08-14,2026-09-13,2026-09-14T13:00:00Z,2026-10-08,641.31,106.26,0.00,256.52,0.00,491.05,35.00
STM-CR-00068-202610,ACC-CR-00068,2026-09-14,2026-10-13,2026-10-14T13:00:00Z,2026-11-07,491.05,494.77,0.00,196.42,0.00,789.40,35.00
STM-CR-00069-202509,ACC-CR-00069,2025-08-31,2025-09-11,2025-09-12T13:00:00Z,2025-10-06,0.00,0.00,0.00,0.00,0.00,0.00,0.00
STM-CR-00069-202510,ACC-CR-00069,2025-09-12,2025-10-11,2025-10-12T13:00:00Z,2025-11-05,0.00,118.05,0.00,0.00,0.00,118.05,35.00
STM-CR-00069-202511,ACC-CR-00069,2025-10-12,2025-11-11,2025-11-12T14:00:00Z,2025-12-06,118.05,626.52,0.00,47.22,0.00,697.35,35.00
STM-CR-00069-202512,ACC-CR-00069,2025-11-12,2025-12-11,2025-12-12T14:00:00Z,2026-01-05,697.35,195.64,0.00,278.94,0.00,614.05,35.00
STM-CR-00069-202601,ACC-CR-00069,2025-12-12,2026-01-11,2026-01-12T14:00:00Z,2026-02-05,614.05,530.58,0.00,245.62,0.00,899.01,35.00
STM-CR-00069-202602,ACC-CR-00069,2026-01-12,2026-02-11,2026-02-12T14:00:00Z,2026-03-08,899.01,673.94,0.00,359.60,0.00,1213.35,35.00
STM-CR-00069-202603,ACC-CR-00069,2026-02-12,2026-03-11,2026-03-12T13:00:00Z,2026-04-05,1213.35,362.59,0.00,485.34,0.00,1090.60,35.00
STM-CR-00069-202604,ACC-CR-00069,2026-03-12,2026-04-11,2026-04-12T13:00:00Z,2026-05-06,1090.60,180.87,0.00,436.24,0.00,835.23,35.00
STM-CR-00069-202605,ACC-CR-00069,2026-04-12,2026-05-11,2026-05-12T13:00:00Z,2026-06-05,835.23,176.44,0.00,334.09,0.00,677.58,35.00
STM-CR-00069-202606,ACC-CR-00069,2026-05-12,2026-06-11,2026-06-12T13:00:00Z,2026-07-06,677.58,191.24,0.00,271.03,0.00,597.79,35.00
STM-CR-00069-202607,ACC-CR-00069,2026-06-12,2026-07-11,2026-07-12T13:00:00Z,2026-08-05,597.79,420.44,152.56,239.12,0.00,626.55,35.00
STM-CR-00069-202608,ACC-CR-00069,2026-07-12,2026-08-11,2026-08-12T13:00:00Z,2026-09-05,626.55,859.82,0.00,250.62,0.00,1235.75,35.00
STM-CR-00069-202609,ACC-CR-00069,2026-08-12,2026-09-11,2026-09-12T13:00:00Z,2026-10-06,1235.75,598.48,0.00,494.30,0.00,1339.93,35.00
STM-CR-00069-202610,ACC-CR-00069,2026-09-12,2026-10-11,2026-10-12T13:00:00Z,2026-11-05,1339.93,379.47,0.00,535.97,0.00,1183.43,35.00
STM-CR-00070-202509,ACC-CR-00070,2025-08-31,2025-09-23,2025-09-24T13:00:00Z,2025-10-18,0.00,0.00,0.00,0.00,0.00,0.00,0.00
STM-CR-00070-202510,ACC-CR-00070,2025-09-24,2025-10-23,2025-10-24T13:00:00Z,2025-11-17,0.00,344.94,0.00,0.00,0.00,344.94,35.00
STM-CR-00070-202511,ACC-CR-00070,2025-10-24,2025-11-23,2025-11-24T14:00:00Z,2025-12-18,344.94,598.09,0.00,137.98,0.00,805.05,35.00
STM-CR-00070-202512,ACC-CR-00070,2025-11-24,2025-12-23,2025-12-24T14:00:00Z,2026-01-17,805.05,412.95,0.00,322.02,0.00,895.98,35.00
STM-CR-00070-202601,ACC-CR-00070,2025-12-24,2026-01-23,2026-01-24T14:00:00Z,2026-02-17,895.98,402.05,0.00,358.39,0.00,939.64,35.00
STM-CR-00070-202602,ACC-CR-00070,2026-01-24,2026-02-23,2026-02-24T14:00:00Z,2026-03-20,939.64,342.77,0.00,375.86,0.00,906.55,35.00
STM-CR-00070-202603,ACC-CR-00070,2026-02-24,2026-03-23,2026-03-24T13:00:00Z,2026-04-17,906.55,284.31,0.00,362.62,0.00,828.24,35.00
STM-CR-00070-202604,ACC-CR-00070,2026-03-24,2026-04-23,2026-04-24T13:00:00Z,2026-05-18,828.24,547.02,0.00,331.30,0.00,1043.96,35.00
STM-CR-00070-202605,ACC-CR-00070,2026-04-24,2026-05-23,2026-05-24T13:00:00Z,2026-06-17,1043.96,306.01,0.00,417.58,0.00,932.39,35.00
STM-CR-00070-202606,ACC-CR-00070,2026-05-24,2026-06-23,2026-06-24T13:00:00Z,2026-07-18,932.39,369.48,0.00,372.96,0.00,928.91,35.00
STM-CR-00070-202607,ACC-CR-00070,2026-06-24,2026-07-23,2026-07-24T13:00:00Z,2026-08-17,928.91,914.65,0.00,371.56,0.00,1472.00,35.00
STM-CR-00070-202608,ACC-CR-00070,2026-07-24,2026-08-23,2026-08-24T13:00:00Z,2026-09-17,1472.00,227.16,0.00,588.80,0.00,1110.36,35.00
STM-CR-00070-202609,ACC-CR-00070,2026-08-24,2026-09-23,2026-09-24T13:00:00Z,2026-10-18,1110.36,527.88,0.00,444.14,0.00,1194.10,35.00
STM-CR-00071-202509,ACC-CR-00071,2025-08-31,2025-09-08,2025-09-09T13:00:00Z,2025-10-03,0.00,0.00,0.00,0.00,0.00,0.00,0.00
STM-CR-00071-202510,ACC-CR-00071,2025-09-09,2025-10-08,2025-10-09T13:00:00Z,2025-11-02,0.00,15.99,0.00,0.00,0.00,15.99,35.00
STM-CR-00071-202511,ACC-CR-00071,2025-10-09,2025-11-08,2025-11-09T14:00:00Z,2025-12-03,15.99,73.18,0.00,15.99,0.00,73.18,35.00
STM-CR-00071-202512,ACC-CR-00071,2025-11-09,2025-12-08,2025-12-09T14:00:00Z,2026-01-02,73.18,274.69,0.00,73.18,0.00,274.69,35.00
STM-CR-00071-202601,ACC-CR-00071,2025-12-09,2026-01-08,2026-01-09T14:00:00Z,2026-02-02,274.69,192.46,0.00,274.69,0.00,192.46,35.00
STM-CR-00071-202602,ACC-CR-00071,2026-01-09,2026-02-08,2026-02-09T14:00:00Z,2026-03-05,192.46,111.27,0.00,192.46,0.00,111.27,35.00
STM-CR-00071-202603,ACC-CR-00071,2026-02-09,2026-03-08,2026-03-09T13:00:00Z,2026-04-02,111.27,136.82,0.00,111.27,0.00,136.82,35.00
STM-CR-00071-202604,ACC-CR-00071,2026-03-09,2026-04-08,2026-04-09T13:00:00Z,2026-05-03,136.82,107.77,0.00,136.82,0.00,107.77,35.00
STM-CR-00071-202605,ACC-CR-00071,2026-04-09,2026-05-08,2026-05-09T13:00:00Z,2026-06-02,107.77,156.28,0.00,107.77,0.00,156.28,35.00
STM-CR-00071-202606,ACC-CR-00071,2026-05-09,2026-06-08,2026-06-09T13:00:00Z,2026-07-03,156.28,71.41,0.00,156.28,0.00,71.41,35.00
STM-CR-00071-202607,ACC-CR-00071,2026-06-09,2026-07-08,2026-07-09T13:00:00Z,2026-08-02,71.41,62.54,0.00,71.41,0.00,62.54,35.00
STM-CR-00071-202608,ACC-CR-00071,2026-07-09,2026-08-08,2026-08-09T13:00:00Z,2026-09-02,62.54,243.12,0.00,62.54,0.00,243.12,35.00
STM-CR-00071-202609,ACC-CR-00071,2026-08-09,2026-09-08,2026-09-09T13:00:00Z,2026-10-03,243.12,220.06,0.00,243.12,0.00,220.06,35.00
STM-CR-00071-202610,ACC-CR-00071,2026-09-09,2026-10-08,2026-10-09T13:00:00Z,2026-11-02,220.06,186.09,0.00,220.06,0.00,186.09,35.00
STM-CR-00072-202509,ACC-CR-00072,2025-08-31,2025-09-25,2025-09-26T13:00:00Z,2025-10-20,0.00,0.00,0.00,0.00,0.00,0.00,0.00
STM-CR-00072-202510,ACC-CR-00072,2025-09-26,2025-10-25,2025-10-26T13:00:00Z,2025-11-19,0.00,165.27,0.00,0.00,0.00,165.27,35.00
STM-CR-00072-202511,ACC-CR-00072,2025-10-26,2025-11-25,2025-11-26T14:00:00Z,2025-12-20,165.27,468.29,0.00,66.11,0.00,567.45,35.00
STM-CR-00072-202512,ACC-CR-00072,2025-11-26,2025-12-25,2025-12-26T14:00:00Z,2026-01-19,567.45,286.58,0.00,226.98,0.00,627.05,35.00
STM-CR-00072-202601,ACC-CR-00072,2025-12-26,2026-01-25,2026-01-26T14:00:00Z,2026-02-19,627.05,267.40,0.00,250.82,0.00,643.63,35.00
STM-CR-00072-202602,ACC-CR-00072,2026-01-26,2026-02-25,2026-02-26T14:00:00Z,2026-03-22,643.63,354.12,0.00,257.45,0.00,740.30,35.00
STM-CR-00072-202603,ACC-CR-00072,2026-02-26,2026-03-25,2026-03-26T13:00:00Z,2026-04-19,740.30,232.92,0.00,296.12,0.00,677.10,35.00
STM-CR-00072-202604,ACC-CR-00072,2026-03-26,2026-04-25,2026-04-26T13:00:00Z,2026-05-20,677.10,285.85,0.00,270.84,0.00,692.11,35.00
STM-CR-00072-202605,ACC-CR-00072,2026-04-26,2026-05-25,2026-05-26T13:00:00Z,2026-06-19,692.11,490.14,0.00,276.84,0.00,905.41,35.00
STM-CR-00072-202606,ACC-CR-00072,2026-05-26,2026-06-25,2026-06-26T13:00:00Z,2026-07-20,905.41,528.35,0.00,362.16,0.00,1071.60,35.00
STM-CR-00072-202607,ACC-CR-00072,2026-06-26,2026-07-25,2026-07-26T13:00:00Z,2026-08-19,1071.60,217.75,0.00,428.64,0.00,860.71,35.00
STM-CR-00072-202608,ACC-CR-00072,2026-07-26,2026-08-25,2026-08-26T13:00:00Z,2026-09-19,860.71,402.02,0.00,344.28,0.00,918.45,35.00
STM-CR-00072-202609,ACC-CR-00072,2026-08-26,2026-09-25,2026-09-26T13:00:00Z,2026-10-20,918.45,205.71,0.00,367.38,0.00,756.78,35.00
STM-CR-00073-202509,ACC-CR-00073,2025-08-31,2025-09-02,2025-09-03T13:00:00Z,2025-09-27,0.00,0.00,0.00,0.00,0.00,0.00,0.00
STM-CR-00073-202510,ACC-CR-00073,2025-09-03,2025-10-02,2025-10-03T13:00:00Z,2025-10-27,0.00,0.00,0.00,0.00,0.00,0.00,0.00
STM-CR-00073-202511,ACC-CR-00073,2025-10-03,2025-11-02,2025-11-03T14:00:00Z,2025-11-27,0.00,388.44,0.00,0.00,0.00,388.44,35.00
STM-CR-00073-202512,ACC-CR-00073,2025-11-03,2025-12-02,2025-12-03T14:00:00Z,2025-12-27,388.44,242.77,0.00,155.38,0.00,475.83,35.00
STM-CR-00073-202601,ACC-CR-00073,2025-12-03,2026-01-02,2026-01-03T14:00:00Z,2026-01-27,475.83,950.20,0.00,190.33,0.00,1235.70,35.00
STM-CR-00073-202602,ACC-CR-00073,2026-01-03,2026-02-02,2026-02-03T14:00:00Z,2026-02-27,1235.70,280.64,0.00,494.28,0.00,1022.06,35.00
STM-CR-00073-202603,ACC-CR-00073,2026-02-03,2026-03-02,2026-03-03T14:00:00Z,2026-03-27,1022.06,431.25,0.00,408.82,0.00,1044.49,35.00
STM-CR-00073-202604,ACC-CR-00073,2026-03-03,2026-04-02,2026-04-03T13:00:00Z,2026-04-27,1044.49,279.56,0.00,417.80,0.00,906.25,35.00
STM-CR-00073-202605,ACC-CR-00073,2026-04-03,2026-05-02,2026-05-03T13:00:00Z,2026-05-27,906.25,250.13,0.00,362.50,0.00,793.88,35.00
STM-CR-00073-202606,ACC-CR-00073,2026-05-03,2026-06-02,2026-06-03T13:00:00Z,2026-06-27,793.88,258.92,0.00,317.55,0.00,735.25,35.00
STM-CR-00073-202607,ACC-CR-00073,2026-06-03,2026-07-02,2026-07-03T13:00:00Z,2026-07-27,735.25,251.50,0.00,294.10,0.00,692.65,35.00
STM-CR-00073-202608,ACC-CR-00073,2026-07-03,2026-08-02,2026-08-03T13:00:00Z,2026-08-27,692.65,243.80,0.00,277.06,0.00,659.39,35.00
STM-CR-00073-202609,ACC-CR-00073,2026-08-03,2026-09-02,2026-09-03T13:00:00Z,2026-09-27,659.39,292.83,0.00,263.76,0.00,688.46,35.00
STM-CR-00073-202610,ACC-CR-00073,2026-09-03,2026-10-02,2026-10-03T13:00:00Z,2026-10-27,688.46,881.82,0.00,275.38,0.00,1294.90,35.00
STM-CR-00074-202509,ACC-CR-00074,2025-08-31,2025-09-08,2025-09-09T13:00:00Z,2025-10-03,0.00,0.00,0.00,0.00,0.00,0.00,0.00
STM-CR-00074-202510,ACC-CR-00074,2025-09-09,2025-10-08,2025-10-09T13:00:00Z,2025-11-02,0.00,0.00,0.00,0.00,0.00,0.00,0.00
STM-CR-00074-202511,ACC-CR-00074,2025-10-09,2025-11-08,2025-11-09T14:00:00Z,2025-12-03,0.00,145.00,0.00,0.00,0.00,145.00,35.00
STM-CR-00074-202512,ACC-CR-00074,2025-11-09,2025-12-08,2025-12-09T14:00:00Z,2026-01-02,145.00,122.54,0.00,58.00,0.00,209.54,35.00
STM-CR-00074-202601,ACC-CR-00074,2025-12-09,2026-01-08,2026-01-09T14:00:00Z,2026-02-02,209.54,103.40,0.00,83.82,0.00,229.12,35.00
STM-CR-00074-202602,ACC-CR-00074,2026-01-09,2026-02-08,2026-02-09T14:00:00Z,2026-03-05,229.12,1582.73,0.00,91.65,0.00,1720.20,35.00
STM-CR-00074-202603,ACC-CR-00074,2026-02-09,2026-03-08,2026-03-09T13:00:00Z,2026-04-02,1720.20,51.33,0.00,688.08,0.00,1083.45,35.00
STM-CR-00074-202604,ACC-CR-00074,2026-03-09,2026-04-08,2026-04-09T13:00:00Z,2026-05-03,1083.45,381.67,0.00,433.38,0.00,1031.74,35.00
STM-CR-00074-202605,ACC-CR-00074,2026-04-09,2026-05-08,2026-05-09T13:00:00Z,2026-06-02,1031.74,238.66,0.00,412.70,0.00,857.70,35.00
STM-CR-00074-202606,ACC-CR-00074,2026-05-09,2026-06-08,2026-06-09T13:00:00Z,2026-07-03,857.70,221.70,0.00,343.08,0.00,736.32,35.00
STM-CR-00074-202607,ACC-CR-00074,2026-06-09,2026-07-08,2026-07-09T13:00:00Z,2026-08-02,736.32,863.65,0.00,294.53,0.00,1305.44,35.00
STM-CR-00074-202608,ACC-CR-00074,2026-07-09,2026-08-08,2026-08-09T13:00:00Z,2026-09-02,1305.44,30.78,0.00,522.18,0.00,814.04,35.00
STM-CR-00074-202609,ACC-CR-00074,2026-08-09,2026-09-08,2026-09-09T13:00:00Z,2026-10-03,814.04,248.12,0.00,325.62,0.00,736.54,35.00
STM-CR-00074-202610,ACC-CR-00074,2026-09-09,2026-10-08,2026-10-09T13:00:00Z,2026-11-02,736.54,162.56,0.00,294.62,0.00,604.48,35.00
STM-CR-00075-202601,ACC-CR-00075,2025-12-22,2026-01-08,2026-01-09T14:00:00Z,2026-02-02,0.00,120.12,0.00,0.00,0.00,120.12,35.00
STM-CR-00075-202602,ACC-CR-00075,2026-01-09,2026-02-08,2026-02-09T14:00:00Z,2026-03-05,120.12,169.52,0.00,120.12,0.00,169.52,35.00
STM-CR-00075-202603,ACC-CR-00075,2026-02-09,2026-03-08,2026-03-09T13:00:00Z,2026-04-02,169.52,233.95,0.00,169.52,0.00,233.95,35.00
STM-CR-00075-202604,ACC-CR-00075,2026-03-09,2026-04-08,2026-04-09T13:00:00Z,2026-05-03,233.95,349.03,93.14,233.95,0.00,255.89,35.00
STM-CR-00075-202605,ACC-CR-00075,2026-04-09,2026-05-08,2026-05-09T13:00:00Z,2026-06-02,255.89,125.70,0.00,255.89,0.00,125.70,35.00
STM-CR-00075-202606,ACC-CR-00075,2026-05-09,2026-06-08,2026-06-09T13:00:00Z,2026-07-03,125.70,324.85,0.00,125.70,0.00,324.85,35.00
STM-CR-00075-202607,ACC-CR-00075,2026-06-09,2026-07-08,2026-07-09T13:00:00Z,2026-08-02,324.85,182.86,0.00,324.85,0.00,182.86,35.00
STM-CR-00075-202608,ACC-CR-00075,2026-07-09,2026-08-08,2026-08-09T13:00:00Z,2026-09-02,182.86,236.48,0.00,182.86,0.00,236.48,35.00
STM-CR-00075-202609,ACC-CR-00075,2026-08-09,2026-09-08,2026-09-09T13:00:00Z,2026-10-03,236.48,301.14,0.00,236.48,0.00,301.14,35.00
STM-CR-00075-202610,ACC-CR-00075,2026-09-09,2026-10-08,2026-10-09T13:00:00Z,2026-11-02,301.14,280.64,0.00,301.14,0.00,280.64,35.00
STM-CR-00076-202509,ACC-CR-00076,2025-08-31,2025-09-16,2025-09-17T13:00:00Z,2025-10-11,0.00,0.00,0.00,0.00,0.00,0.00,0.00
STM-CR-00076-202510,ACC-CR-00076,2025-09-17,2025-10-16,2025-10-17T13:00:00Z,2025-11-10,0.00,186.53,0.00,0.00,0.00,186.53,35.00
STM-CR-00076-202511,ACC-CR-00076,2025-10-17,2025-11-16,2025-11-17T14:00:00Z,2025-12-11,186.53,465.40,0.00,186.53,0.00,465.40,35.00
STM-CR-00076-202512,ACC-CR-00076,2025-11-17,2025-12-16,2025-12-17T14:00:00Z,2026-01-10,465.40,1313.17,0.00,465.40,0.00,1313.17,35.00
STM-CR-00076-202601,ACC-CR-00076,2025-12-17,2026-01-16,2026-01-17T14:00:00Z,2026-02-10,1313.17,636.62,0.00,1313.17,0.00,636.62,35.00
STM-CR-00076-202602,ACC-CR-00076,2026-01-17,2026-02-16,2026-02-17T14:00:00Z,2026-03-13,636.62,532.52,0.00,636.62,0.00,532.52,35.00
STM-CR-00076-202603,ACC-CR-00076,2026-02-17,2026-03-16,2026-03-17T13:00:00Z,2026-04-10,532.52,1272.64,0.00,532.52,0.00,1272.64,35.00
STM-CR-00076-202604,ACC-CR-00076,2026-03-17,2026-04-16,2026-04-17T13:00:00Z,2026-05-11,1272.64,386.06,0.00,1272.64,0.00,386.06,35.00
STM-CR-00076-202605,ACC-CR-00076,2026-04-17,2026-05-16,2026-05-17T13:00:00Z,2026-06-10,386.06,551.98,0.00,386.06,0.00,551.98,35.00
STM-CR-00076-202606,ACC-CR-00076,2026-05-17,2026-06-16,2026-06-17T13:00:00Z,2026-07-11,551.98,216.34,0.00,551.98,0.00,216.34,35.00
STM-CR-00076-202607,ACC-CR-00076,2026-06-17,2026-07-16,2026-07-17T13:00:00Z,2026-08-10,216.34,600.52,0.00,216.34,0.00,600.52,35.00
STM-CR-00076-202608,ACC-CR-00076,2026-07-17,2026-08-16,2026-08-17T13:00:00Z,2026-09-10,600.52,349.25,0.00,600.52,0.00,349.25,35.00
STM-CR-00076-202609,ACC-CR-00076,2026-08-17,2026-09-16,2026-09-17T13:00:00Z,2026-10-11,349.25,253.55,0.00,349.25,0.00,253.55,35.00
STM-CR-00076-202610,ACC-CR-00076,2026-09-17,2026-10-16,2026-10-17T13:00:00Z,2026-11-10,253.55,912.69,0.00,253.55,0.00,912.69,35.00
STM-CR-00077-202509,ACC-CR-00077,2025-08-31,2025-09-04,2025-09-05T13:00:00Z,2025-09-29,0.00,0.00,0.00,0.00,0.00,0.00,0.00
STM-CR-00077-202510,ACC-CR-00077,2025-09-05,2025-10-04,2025-10-05T13:00:00Z,2025-10-29,0.00,0.00,0.00,0.00,0.00,0.00,0.00
STM-CR-00077-202511,ACC-CR-00077,2025-10-05,2025-11-04,2025-11-05T14:00:00Z,2025-11-29,0.00,28.75,0.00,0.00,0.00,28.75,35.00
STM-CR-00077-202512,ACC-CR-00077,2025-11-05,2025-12-04,2025-12-05T14:00:00Z,2025-12-29,28.75,39.76,0.00,28.75,0.00,39.76,35.00
STM-CR-00077-202601,ACC-CR-00077,2025-12-05,2026-01-04,2026-01-05T14:00:00Z,2026-01-29,39.76,95.41,0.00,39.76,0.00,95.41,35.00
STM-CR-00077-202602,ACC-CR-00077,2026-01-05,2026-02-04,2026-02-05T14:00:00Z,2026-03-01,95.41,66.65,0.00,95.41,0.00,66.65,35.00
STM-CR-00077-202603,ACC-CR-00077,2026-02-05,2026-03-04,2026-03-05T14:00:00Z,2026-03-29,66.65,91.89,0.00,66.65,0.00,91.89,35.00
STM-CR-00077-202604,ACC-CR-00077,2026-03-05,2026-04-04,2026-04-05T13:00:00Z,2026-04-29,91.89,0.00,0.00,91.89,0.00,0.00,0.00
STM-CR-00077-202605,ACC-CR-00077,2026-04-05,2026-05-04,2026-05-05T13:00:00Z,2026-05-29,0.00,31.07,0.00,0.00,0.00,31.07,35.00
STM-CR-00077-202606,ACC-CR-00077,2026-05-05,2026-06-04,2026-06-05T13:00:00Z,2026-06-29,31.07,50.70,0.00,31.07,0.00,50.70,35.00
STM-CR-00077-202607,ACC-CR-00077,2026-06-05,2026-07-04,2026-07-05T13:00:00Z,2026-07-29,50.70,194.53,0.00,50.70,0.00,194.53,35.00
STM-CR-00077-202608,ACC-CR-00077,2026-07-05,2026-08-04,2026-08-05T13:00:00Z,2026-08-29,194.53,303.73,0.00,194.53,0.00,303.73,35.00
STM-CR-00077-202609,ACC-CR-00077,2026-08-05,2026-09-04,2026-09-05T13:00:00Z,2026-09-29,303.73,629.21,0.00,303.73,0.00,629.21,35.00
STM-CR-00077-202610,ACC-CR-00077,2026-09-05,2026-10-04,2026-10-05T13:00:00Z,2026-10-29,629.21,96.91,0.00,629.21,0.00,96.91,35.00
STM-CR-00078-202509,ACC-CR-00078,2025-08-31,2025-09-02,2025-09-03T13:00:00Z,2025-09-27,0.00,0.00,0.00,0.00,0.00,0.00,0.00
STM-CR-00078-202510,ACC-CR-00078,2025-09-03,2025-10-02,2025-10-03T13:00:00Z,2025-10-27,0.00,9.99,0.00,0.00,0.00,9.99,35.00
STM-CR-00078-202511,ACC-CR-00078,2025-10-03,2025-11-02,2025-11-03T14:00:00Z,2025-11-27,9.99,273.13,0.00,4.00,0.00,279.12,35.00
STM-CR-00078-202512,ACC-CR-00078,2025-11-03,2025-12-02,2025-12-03T14:00:00Z,2025-12-27,279.12,217.00,0.00,111.65,0.00,384.47,35.00
STM-CR-00078-202601,ACC-CR-00078,2025-12-03,2026-01-02,2026-01-03T14:00:00Z,2026-01-27,384.47,137.74,0.00,153.79,0.00,368.42,35.00
STM-CR-00078-202602,ACC-CR-00078,2026-01-03,2026-02-02,2026-02-03T14:00:00Z,2026-02-27,368.42,69.19,0.00,147.37,0.00,290.24,35.00
STM-CR-00078-202603,ACC-CR-00078,2026-02-03,2026-03-02,2026-03-03T14:00:00Z,2026-03-27,290.24,284.03,0.00,116.10,0.00,458.17,35.00
STM-CR-00078-202604,ACC-CR-00078,2026-03-03,2026-04-02,2026-04-03T13:00:00Z,2026-04-27,458.17,553.88,0.00,183.27,0.00,828.78,35.00
STM-CR-00078-202605,ACC-CR-00078,2026-04-03,2026-05-02,2026-05-03T13:00:00Z,2026-05-27,828.78,665.85,0.00,331.51,0.00,1163.12,35.00
STM-CR-00078-202606,ACC-CR-00078,2026-05-03,2026-06-02,2026-06-03T13:00:00Z,2026-06-27,1163.12,396.86,0.00,465.25,0.00,1094.73,35.00
STM-CR-00078-202607,ACC-CR-00078,2026-06-03,2026-07-02,2026-07-03T13:00:00Z,2026-07-27,1094.73,648.82,0.00,437.89,0.00,1305.66,35.00
STM-CR-00078-202608,ACC-CR-00078,2026-07-03,2026-08-02,2026-08-03T13:00:00Z,2026-08-27,1305.66,431.97,0.00,522.26,0.00,1215.37,35.00
STM-CR-00078-202609,ACC-CR-00078,2026-08-03,2026-09-02,2026-09-03T13:00:00Z,2026-09-27,1215.37,216.34,0.00,486.15,0.00,945.56,35.00
STM-CR-00078-202610,ACC-CR-00078,2026-09-03,2026-10-02,2026-10-03T13:00:00Z,2026-10-27,945.56,411.84,0.00,378.22,0.00,979.18,35.00
STM-CR-00079-202509,ACC-CR-00079,2025-08-31,2025-09-28,2025-09-29T13:00:00Z,2025-10-23,0.00,0.00,0.00,0.00,0.00,0.00,0.00
STM-CR-00079-202510,ACC-CR-00079,2025-09-29,2025-10-28,2025-10-29T13:00:00Z,2025-11-22,0.00,394.06,0.00,0.00,0.00,394.06,35.00
STM-CR-00079-202511,ACC-CR-00079,2025-10-29,2025-11-28,2025-11-29T14:00:00Z,2025-12-23,394.06,442.69,0.00,157.62,0.00,679.13,35.00
STM-CR-00079-202512,ACC-CR-00079,2025-11-29,2025-12-28,2025-12-29T14:00:00Z,2026-01-22,679.13,148.64,0.00,271.65,0.00,556.12,35.00
STM-CR-00079-202601,ACC-CR-00079,2025-12-29,2026-01-28,2026-01-29T14:00:00Z,2026-02-22,556.12,528.65,0.00,222.45,0.00,862.32,35.00
STM-CR-00079-202602,ACC-CR-00079,2026-01-29,2026-02-28,2026-03-01T14:00:00Z,2026-03-25,862.32,256.15,0.00,344.93,0.00,773.54,35.00
STM-CR-00079-202603,ACC-CR-00079,2026-03-01,2026-03-28,2026-03-29T13:00:00Z,2026-04-22,773.54,308.79,0.00,309.42,0.00,772.91,35.00
STM-CR-00079-202604,ACC-CR-00079,2026-03-29,2026-04-28,2026-04-29T13:00:00Z,2026-05-23,772.91,429.14,0.00,309.16,0.00,892.89,35.00
STM-CR-00079-202605,ACC-CR-00079,2026-04-29,2026-05-28,2026-05-29T13:00:00Z,2026-06-22,892.89,296.64,0.00,357.16,0.00,832.37,35.00
STM-CR-00079-202606,ACC-CR-00079,2026-05-29,2026-06-28,2026-06-29T13:00:00Z,2026-07-23,832.37,388.15,0.00,332.95,0.00,887.57,35.00
STM-CR-00079-202607,ACC-CR-00079,2026-06-29,2026-07-28,2026-07-29T13:00:00Z,2026-08-22,887.57,348.68,0.00,355.03,0.00,881.22,35.00
STM-CR-00079-202608,ACC-CR-00079,2026-07-29,2026-08-28,2026-08-29T13:00:00Z,2026-09-22,881.22,293.30,0.00,352.49,0.00,822.03,35.00
STM-CR-00079-202609,ACC-CR-00079,2026-08-29,2026-09-28,2026-09-29T13:00:00Z,2026-10-23,822.03,493.89,149.42,328.81,0.00,837.69,35.00
STM-CR-00080-202509,ACC-CR-00080,2025-08-31,2025-09-24,2025-09-25T13:00:00Z,2025-10-19,0.00,0.00,0.00,0.00,0.00,0.00,0.00
STM-CR-00080-202510,ACC-CR-00080,2025-09-25,2025-10-24,2025-10-25T13:00:00Z,2025-11-18,0.00,40.69,0.00,0.00,0.00,40.69,35.00
STM-CR-00080-202511,ACC-CR-00080,2025-10-25,2025-11-24,2025-11-25T14:00:00Z,2025-12-19,40.69,301.73,0.00,40.69,0.00,301.73,35.00
STM-CR-00080-202512,ACC-CR-00080,2025-11-25,2025-12-24,2025-12-25T14:00:00Z,2026-01-18,301.73,322.10,0.00,301.73,0.00,322.10,35.00
STM-CR-00080-202601,ACC-CR-00080,2025-12-25,2026-01-24,2026-01-25T14:00:00Z,2026-02-18,322.10,297.85,0.00,322.10,0.00,297.85,35.00
STM-CR-00080-202602,ACC-CR-00080,2026-01-25,2026-02-24,2026-02-25T14:00:00Z,2026-03-21,297.85,170.64,0.00,297.85,0.00,170.64,35.00
STM-CR-00080-202603,ACC-CR-00080,2026-02-25,2026-03-24,2026-03-25T13:00:00Z,2026-04-18,170.64,501.38,90.50,170.64,0.00,410.88,35.00
STM-CR-00080-202604,ACC-CR-00080,2026-03-25,2026-04-24,2026-04-25T13:00:00Z,2026-05-19,410.88,250.09,0.00,410.88,0.00,250.09,35.00
STM-CR-00080-202605,ACC-CR-00080,2026-04-25,2026-05-24,2026-05-25T13:00:00Z,2026-06-18,250.09,263.89,0.00,250.09,0.00,263.89,35.00
STM-CR-00080-202606,ACC-CR-00080,2026-05-25,2026-06-24,2026-06-25T13:00:00Z,2026-07-19,263.89,551.52,0.00,263.89,0.00,551.52,35.00
STM-CR-00080-202607,ACC-CR-00080,2026-06-25,2026-07-24,2026-07-25T13:00:00Z,2026-08-18,551.52,335.15,0.00,551.52,0.00,335.15,35.00
STM-CR-00080-202608,ACC-CR-00080,2026-07-25,2026-08-24,2026-08-25T13:00:00Z,2026-09-18,335.15,293.76,0.00,335.15,0.00,293.76,35.00
STM-CR-00080-202609,ACC-CR-00080,2026-08-25,2026-09-24,2026-09-25T13:00:00Z,2026-10-19,293.76,174.95,0.00,293.76,0.00,174.95,35.00
STM-CR-00081-202509,ACC-CR-00081,2025-08-31,2025-09-01,2025-09-02T13:00:00Z,2025-09-26,0.00,0.00,0.00,0.00,0.00,0.00,0.00
STM-CR-00081-202510,ACC-CR-00081,2025-09-02,2025-10-01,2025-10-02T13:00:00Z,2025-10-26,0.00,0.00,0.00,0.00,0.00,0.00,0.00
STM-CR-00081-202511,ACC-CR-00081,2025-10-02,2025-11-01,2025-11-02T14:00:00Z,2025-11-26,0.00,241.70,0.00,0.00,0.00,241.70,35.00
STM-CR-00081-202512,ACC-CR-00081,2025-11-02,2025-12-01,2025-12-02T14:00:00Z,2025-12-26,241.70,269.23,0.00,241.70,0.00,269.23,35.00
STM-CR-00081-202601,ACC-CR-00081,2025-12-02,2026-01-01,2026-01-02T14:00:00Z,2026-01-26,269.23,208.39,0.00,269.23,0.00,208.39,35.00
STM-CR-00081-202602,ACC-CR-00081,2026-01-02,2026-02-01,2026-02-02T14:00:00Z,2026-02-26,208.39,166.70,0.00,208.39,0.00,166.70,35.00
STM-CR-00081-202603,ACC-CR-00081,2026-02-02,2026-03-01,2026-03-02T14:00:00Z,2026-03-26,166.70,620.40,0.00,166.70,0.00,620.40,35.00
STM-CR-00081-202604,ACC-CR-00081,2026-03-02,2026-04-01,2026-04-02T13:00:00Z,2026-04-26,620.40,119.36,0.00,620.40,0.00,119.36,35.00
STM-CR-00081-202605,ACC-CR-00081,2026-04-02,2026-05-01,2026-05-02T13:00:00Z,2026-05-26,119.36,85.16,0.00,119.36,0.00,85.16,35.00
STM-CR-00081-202606,ACC-CR-00081,2026-05-02,2026-06-01,2026-06-02T13:00:00Z,2026-06-26,85.16,128.12,0.00,85.16,0.00,128.12,35.00
STM-CR-00081-202607,ACC-CR-00081,2026-06-02,2026-07-01,2026-07-02T13:00:00Z,2026-07-26,128.12,343.32,0.00,128.12,0.00,343.32,35.00
STM-CR-00081-202608,ACC-CR-00081,2026-07-02,2026-08-01,2026-08-02T13:00:00Z,2026-08-26,343.32,104.46,0.00,343.32,0.00,104.46,35.00
STM-CR-00081-202609,ACC-CR-00081,2026-08-02,2026-09-01,2026-09-02T13:00:00Z,2026-09-26,104.46,53.13,0.00,104.46,0.00,53.13,35.00
STM-CR-00081-202610,ACC-CR-00081,2026-09-02,2026-10-01,2026-10-02T13:00:00Z,2026-10-26,53.13,146.21,0.00,53.13,0.00,146.21,35.00
STM-CR-00082-202509,ACC-CR-00082,2025-08-31,2025-09-18,2025-09-19T13:00:00Z,2025-10-13,0.00,0.00,0.00,0.00,0.00,0.00,0.00
STM-CR-00082-202510,ACC-CR-00082,2025-09-19,2025-10-18,2025-10-19T13:00:00Z,2025-11-12,0.00,157.24,0.00,0.00,0.00,157.24,35.00
STM-CR-00082-202511,ACC-CR-00082,2025-10-19,2025-11-18,2025-11-19T14:00:00Z,2025-12-13,157.24,218.39,0.00,62.90,0.00,312.73,35.00
STM-CR-00082-202512,ACC-CR-00082,2025-11-19,2025-12-18,2025-12-19T14:00:00Z,2026-01-12,312.73,327.83,0.00,125.09,0.00,515.47,35.00
STM-CR-00082-202601,ACC-CR-00082,2025-12-19,2026-01-18,2026-01-19T14:00:00Z,2026-02-12,515.47,537.84,0.00,206.19,0.00,847.12,35.00
STM-CR-00082-202602,ACC-CR-00082,2026-01-19,2026-02-18,2026-02-19T14:00:00Z,2026-03-15,847.12,250.11,0.00,338.85,0.00,758.38,35.00
STM-CR-00082-202603,ACC-CR-00082,2026-02-19,2026-03-18,2026-03-19T13:00:00Z,2026-04-12,758.38,147.06,0.00,303.35,0.00,602.09,35.00
STM-CR-00082-202604,ACC-CR-00082,2026-03-19,2026-04-18,2026-04-19T13:00:00Z,2026-05-13,602.09,413.65,0.00,240.84,0.00,774.90,35.00
STM-CR-00082-202605,ACC-CR-00082,2026-04-19,2026-05-18,2026-05-19T13:00:00Z,2026-06-12,774.90,825.19,0.00,309.96,0.00,1290.13,35.00
STM-CR-00082-202606,ACC-CR-00082,2026-05-19,2026-06-18,2026-06-19T13:00:00Z,2026-07-13,1290.13,214.40,0.00,516.05,0.00,988.48,35.00
STM-CR-00082-202607,ACC-CR-00082,2026-06-19,2026-07-18,2026-07-19T13:00:00Z,2026-08-12,988.48,122.91,0.00,395.39,0.00,716.00,35.00
STM-CR-00082-202608,ACC-CR-00082,2026-07-19,2026-08-18,2026-08-19T13:00:00Z,2026-09-12,716.00,421.76,0.00,286.40,0.00,851.36,35.00
STM-CR-00082-202609,ACC-CR-00082,2026-08-19,2026-09-18,2026-09-19T13:00:00Z,2026-10-13,851.36,229.75,0.00,340.54,0.00,740.57,35.00
STM-CR-00082-202610,ACC-CR-00082,2026-09-19,2026-10-18,2026-10-19T13:00:00Z,2026-11-12,740.57,428.43,0.00,296.23,0.00,872.77,35.00
STM-CR-00083-202509,ACC-CR-00083,2025-08-31,2025-09-28,2025-09-29T13:00:00Z,2025-10-23,0.00,0.00,0.00,0.00,0.00,0.00,0.00
STM-CR-00083-202510,ACC-CR-00083,2025-09-29,2025-10-28,2025-10-29T13:00:00Z,2025-11-22,0.00,56.88,0.00,0.00,0.00,56.88,35.00
STM-CR-00083-202511,ACC-CR-00083,2025-10-29,2025-11-28,2025-11-29T14:00:00Z,2025-12-23,56.88,196.90,0.00,22.75,0.00,231.03,35.00
STM-CR-00083-202512,ACC-CR-00083,2025-11-29,2025-12-28,2025-12-29T14:00:00Z,2026-01-22,231.03,323.09,0.00,92.41,0.00,461.71,35.00
STM-CR-00083-202601,ACC-CR-00083,2025-12-29,2026-01-28,2026-01-29T14:00:00Z,2026-02-22,461.71,444.05,0.00,184.68,0.00,721.08,35.00
STM-CR-00083-202602,ACC-CR-00083,2026-01-29,2026-02-28,2026-03-01T14:00:00Z,2026-03-25,721.08,318.01,0.00,288.43,0.00,750.66,35.00
STM-CR-00083-202603,ACC-CR-00083,2026-03-01,2026-03-28,2026-03-29T13:00:00Z,2026-04-22,750.66,570.83,0.00,300.26,0.00,1021.23,35.00
STM-CR-00083-202604,ACC-CR-00083,2026-03-29,2026-04-28,2026-04-29T13:00:00Z,2026-05-23,1021.23,513.15,0.00,408.49,0.00,1125.89,35.00
STM-CR-00083-202605,ACC-CR-00083,2026-04-29,2026-05-28,2026-05-29T13:00:00Z,2026-06-22,1125.89,325.48,0.00,450.36,0.00,1001.01,35.00
STM-CR-00083-202606,ACC-CR-00083,2026-05-29,2026-06-28,2026-06-29T13:00:00Z,2026-07-23,1001.01,290.95,0.00,400.40,0.00,891.56,35.00
STM-CR-00083-202607,ACC-CR-00083,2026-06-29,2026-07-28,2026-07-29T13:00:00Z,2026-08-22,891.56,325.80,0.00,356.62,0.00,860.74,35.00
STM-CR-00083-202608,ACC-CR-00083,2026-07-29,2026-08-28,2026-08-29T13:00:00Z,2026-09-22,860.74,233.95,0.00,344.30,0.00,750.39,35.00
STM-CR-00083-202609,ACC-CR-00083,2026-08-29,2026-09-28,2026-09-29T13:00:00Z,2026-10-23,750.39,129.33,0.00,300.16,0.00,579.56,35.00
STM-CR-00084-202509,ACC-CR-00084,2025-08-31,2025-09-05,2025-09-06T13:00:00Z,2025-09-30,0.00,0.00,0.00,0.00,0.00,0.00,0.00
STM-CR-00084-202510,ACC-CR-00084,2025-09-06,2025-10-05,2025-10-06T13:00:00Z,2025-10-30,0.00,0.00,0.00,0.00,0.00,0.00,0.00
STM-CR-00084-202511,ACC-CR-00084,2025-10-06,2025-11-05,2025-11-06T14:00:00Z,2025-11-30,0.00,531.53,0.00,0.00,0.00,531.53,35.00
STM-CR-00084-202512,ACC-CR-00084,2025-11-06,2025-12-05,2025-12-06T14:00:00Z,2025-12-30,531.53,958.79,0.00,212.61,0.00,1277.71,35.00
STM-CR-00084-202601,ACC-CR-00084,2025-12-06,2026-01-05,2026-01-06T14:00:00Z,2026-01-30,1277.71,305.35,0.00,511.08,0.00,1071.98,35.00
STM-CR-00084-202602,ACC-CR-00084,2026-01-06,2026-02-05,2026-02-06T14:00:00Z,2026-03-02,1071.98,428.60,0.00,428.79,0.00,1071.79,35.00
STM-CR-00084-202603,ACC-CR-00084,2026-02-06,2026-03-05,2026-03-06T14:00:00Z,2026-03-30,1071.79,354.74,0.00,428.72,0.00,997.81,35.00
STM-CR-00084-202604,ACC-CR-00084,2026-03-06,2026-04-05,2026-04-06T13:00:00Z,2026-04-30,997.81,577.32,0.00,399.12,0.00,1176.01,35.00
STM-CR-00084-202605,ACC-CR-00084,2026-04-06,2026-05-05,2026-05-06T13:00:00Z,2026-05-30,1176.01,314.09,0.00,470.40,0.00,1019.70,35.00
STM-CR-00084-202606,ACC-CR-00084,2026-05-06,2026-06-05,2026-06-06T13:00:00Z,2026-06-30,1019.70,276.30,0.00,407.88,0.00,888.12,35.00
STM-CR-00084-202607,ACC-CR-00084,2026-06-06,2026-07-05,2026-07-06T13:00:00Z,2026-07-30,888.12,531.83,154.96,355.25,0.00,909.74,35.00
STM-CR-00084-202608,ACC-CR-00084,2026-07-06,2026-08-05,2026-08-06T13:00:00Z,2026-08-30,909.74,344.02,0.00,363.90,0.00,889.86,35.00
STM-CR-00084-202609,ACC-CR-00084,2026-08-06,2026-09-05,2026-09-06T13:00:00Z,2026-09-30,889.86,198.82,0.00,355.94,0.00,732.74,35.00
STM-CR-00084-202610,ACC-CR-00084,2026-09-06,2026-10-05,2026-10-06T13:00:00Z,2026-10-30,732.74,137.04,0.00,293.10,0.00,576.68,35.00
STM-CR-00085-202509,ACC-CR-00085,2025-08-31,2025-09-26,2025-09-27T13:00:00Z,2025-10-21,0.00,0.00,0.00,0.00,0.00,0.00,0.00
STM-CR-00085-202510,ACC-CR-00085,2025-09-27,2025-10-26,2025-10-27T13:00:00Z,2025-11-20,0.00,357.78,0.00,0.00,0.00,357.78,35.00
STM-CR-00085-202511,ACC-CR-00085,2025-10-27,2025-11-26,2025-11-27T14:00:00Z,2025-12-21,357.78,142.20,0.00,143.11,0.00,356.87,35.00
STM-CR-00085-202512,ACC-CR-00085,2025-11-27,2025-12-26,2025-12-27T14:00:00Z,2026-01-20,356.87,9.99,0.00,142.75,0.00,224.11,35.00
STM-CR-00085-202601,ACC-CR-00085,2025-12-27,2026-01-26,2026-01-27T14:00:00Z,2026-02-20,224.11,527.83,0.00,89.64,0.00,662.30,35.00
STM-CR-00085-202602,ACC-CR-00085,2026-01-27,2026-02-26,2026-02-27T14:00:00Z,2026-03-23,662.30,146.20,0.00,264.92,0.00,543.58,35.00
STM-CR-00085-202603,ACC-CR-00085,2026-02-27,2026-03-26,2026-03-27T13:00:00Z,2026-04-20,543.58,234.90,0.00,217.43,0.00,561.05,35.00
STM-CR-00085-202604,ACC-CR-00085,2026-03-27,2026-04-26,2026-04-27T13:00:00Z,2026-05-21,561.05,131.40,0.00,224.42,0.00,468.03,35.00
STM-CR-00085-202605,ACC-CR-00085,2026-04-27,2026-05-26,2026-05-27T13:00:00Z,2026-06-20,468.03,9.99,0.00,187.21,0.00,290.81,35.00
STM-CR-00085-202606,ACC-CR-00085,2026-05-27,2026-06-26,2026-06-27T13:00:00Z,2026-07-21,290.81,490.05,0.00,116.32,0.00,664.54,35.00
STM-CR-00085-202607,ACC-CR-00085,2026-06-27,2026-07-26,2026-07-27T13:00:00Z,2026-08-20,664.54,9.99,0.00,265.82,0.00,408.71,35.00
STM-CR-00085-202608,ACC-CR-00085,2026-07-27,2026-08-26,2026-08-27T13:00:00Z,2026-09-20,408.71,35.20,0.00,163.48,0.00,280.43,35.00
STM-CR-00085-202609,ACC-CR-00085,2026-08-27,2026-09-26,2026-09-27T13:00:00Z,2026-10-21,280.43,171.70,0.00,112.17,0.00,339.96,35.00
STM-CR-00086-202509,ACC-CR-00086,2025-08-31,2025-09-10,2025-09-11T13:00:00Z,2025-10-05,0.00,0.00,0.00,0.00,0.00,0.00,0.00
STM-CR-00086-202510,ACC-CR-00086,2025-09-11,2025-10-10,2025-10-11T13:00:00Z,2025-11-04,0.00,90.21,0.00,0.00,0.00,90.21,35.00
STM-CR-00086-202511,ACC-CR-00086,2025-10-11,2025-11-10,2025-11-11T14:00:00Z,2025-12-05,90.21,63.51,0.00,36.08,0.00,117.64,35.00
STM-CR-00086-202512,ACC-CR-00086,2025-11-11,2025-12-10,2025-12-11T14:00:00Z,2026-01-04,117.64,84.70,0.00,47.06,0.00,155.28,35.00
STM-CR-00086-202601,ACC-CR-00086,2025-12-11,2026-01-10,2026-01-11T14:00:00Z,2026-02-04,155.28,301.97,0.00,62.11,0.00,395.14,35.00
STM-CR-00086-202602,ACC-CR-00086,2026-01-11,2026-02-10,2026-02-11T14:00:00Z,2026-03-07,395.14,366.99,0.00,158.06,0.00,604.07,35.00
STM-CR-00086-202603,ACC-CR-00086,2026-02-11,2026-03-10,2026-03-11T13:00:00Z,2026-04-04,604.07,155.02,305.31,241.63,0.00,212.15,35.00
STM-CR-00086-202604,ACC-CR-00086,2026-03-11,2026-04-10,2026-04-11T13:00:00Z,2026-05-05,212.15,252.17,0.00,84.86,0.00,379.46,35.00
STM-CR-00086-202605,ACC-CR-00086,2026-04-11,2026-05-10,2026-05-11T13:00:00Z,2026-06-04,379.46,94.06,0.00,151.78,0.00,321.74,35.00
STM-CR-00086-202606,ACC-CR-00086,2026-05-11,2026-06-10,2026-06-11T13:00:00Z,2026-07-05,321.74,436.51,0.00,128.70,0.00,629.55,35.00
STM-CR-00086-202607,ACC-CR-00086,2026-06-11,2026-07-10,2026-07-11T13:00:00Z,2026-08-04,629.55,189.10,0.00,251.82,0.00,566.83,35.00
STM-CR-00086-202608,ACC-CR-00086,2026-07-11,2026-08-10,2026-08-11T13:00:00Z,2026-09-04,566.83,137.76,0.00,226.73,0.00,477.86,35.00
STM-CR-00086-202609,ACC-CR-00086,2026-08-11,2026-09-10,2026-09-11T13:00:00Z,2026-10-05,477.86,371.60,0.00,191.14,0.00,658.32,35.00
STM-CR-00086-202610,ACC-CR-00086,2026-09-11,2026-10-10,2026-10-11T13:00:00Z,2026-11-04,658.32,204.25,0.00,263.33,0.00,599.24,35.00
STM-CR-00087-202509,ACC-CR-00087,2025-08-31,2025-09-04,2025-09-05T13:00:00Z,2025-09-29,0.00,0.00,0.00,0.00,0.00,0.00,0.00
STM-CR-00087-202510,ACC-CR-00087,2025-09-05,2025-10-04,2025-10-05T13:00:00Z,2025-10-29,0.00,69.00,0.00,0.00,0.00,69.00,35.00
STM-CR-00087-202511,ACC-CR-00087,2025-10-05,2025-11-04,2025-11-05T14:00:00Z,2025-11-29,69.00,164.79,0.00,35.00,0.00,198.79,35.00
STM-CR-00087-202512,ACC-CR-00087,2025-11-05,2025-12-04,2025-12-05T14:00:00Z,2025-12-29,198.79,248.01,0.00,35.00,0.00,411.80,35.00
STM-CR-00087-202601,ACC-CR-00087,2025-12-05,2026-01-04,2026-01-05T14:00:00Z,2026-01-29,411.80,292.93,0.00,35.00,0.00,669.73,35.00
STM-CR-00087-202602,ACC-CR-00087,2026-01-05,2026-02-04,2026-02-05T14:00:00Z,2026-03-01,669.73,278.14,0.00,35.00,0.00,912.87,35.00
STM-CR-00087-202603,ACC-CR-00087,2026-02-05,2026-03-04,2026-03-05T14:00:00Z,2026-03-29,912.87,208.22,0.00,35.00,0.00,1086.09,35.00
STM-CR-00087-202604,ACC-CR-00087,2026-03-05,2026-04-04,2026-04-05T13:00:00Z,2026-04-29,1086.09,269.07,0.00,35.00,0.00,1320.16,35.00
STM-CR-00087-202605,ACC-CR-00087,2026-04-05,2026-05-04,2026-05-05T13:00:00Z,2026-05-29,1320.16,552.50,0.00,35.00,0.00,1837.66,36.75
STM-CR-00087-202606,ACC-CR-00087,2026-05-05,2026-06-04,2026-06-05T13:00:00Z,2026-06-29,1837.66,90.83,0.00,36.75,0.00,1891.74,37.83
STM-CR-00087-202607,ACC-CR-00087,2026-06-05,2026-07-04,2026-07-05T13:00:00Z,2026-07-29,1891.74,257.47,0.00,37.83,0.00,2111.38,42.23
STM-CR-00087-202608,ACC-CR-00087,2026-07-05,2026-08-04,2026-08-05T13:00:00Z,2026-08-29,2111.38,436.49,0.00,42.23,0.00,2505.64,50.11
STM-CR-00087-202609,ACC-CR-00087,2026-08-05,2026-09-04,2026-09-05T13:00:00Z,2026-09-29,2505.64,801.04,0.00,50.11,0.00,3256.57,65.13
STM-CR-00087-202610,ACC-CR-00087,2026-09-05,2026-10-04,2026-10-05T13:00:00Z,2026-10-29,3256.57,1169.01,0.00,65.13,0.00,4360.45,87.21
STM-CR-00088-202509,ACC-CR-00088,2025-08-31,2025-09-13,2025-09-14T13:00:00Z,2025-10-08,0.00,0.00,0.00,0.00,0.00,0.00,0.00
STM-CR-00088-202510,ACC-CR-00088,2025-09-14,2025-10-13,2025-10-14T13:00:00Z,2025-11-07,0.00,293.56,0.00,0.00,0.00,293.56,35.00
STM-CR-00088-202511,ACC-CR-00088,2025-10-14,2025-11-13,2025-11-14T14:00:00Z,2025-12-08,293.56,135.07,0.00,293.56,0.00,135.07,35.00
STM-CR-00088-202512,ACC-CR-00088,2025-11-14,2025-12-13,2025-12-14T14:00:00Z,2026-01-07,135.07,77.87,0.00,135.07,0.00,77.87,35.00
STM-CR-00088-202601,ACC-CR-00088,2025-12-14,2026-01-13,2026-01-14T14:00:00Z,2026-02-07,77.87,81.49,0.00,77.87,0.00,81.49,35.00
STM-CR-00088-202602,ACC-CR-00088,2026-01-14,2026-02-13,2026-02-14T14:00:00Z,2026-03-10,81.49,325.30,0.00,81.49,0.00,325.30,35.00
STM-CR-00088-202603,ACC-CR-00088,2026-02-14,2026-03-13,2026-03-14T13:00:00Z,2026-04-07,325.30,325.33,0.00,325.30,0.00,325.33,35.00
STM-CR-00088-202604,ACC-CR-00088,2026-03-14,2026-04-13,2026-04-14T13:00:00Z,2026-05-08,325.33,473.30,57.22,325.33,0.00,416.08,35.00
STM-CR-00088-202605,ACC-CR-00088,2026-04-14,2026-05-13,2026-05-14T13:00:00Z,2026-06-07,416.08,130.54,0.00,416.08,0.00,130.54,35.00
STM-CR-00088-202606,ACC-CR-00088,2026-05-14,2026-06-13,2026-06-14T13:00:00Z,2026-07-08,130.54,177.23,0.00,130.54,0.00,177.23,35.00
STM-CR-00088-202607,ACC-CR-00088,2026-06-14,2026-07-13,2026-07-14T13:00:00Z,2026-08-07,177.23,155.39,0.00,177.23,0.00,155.39,35.00
STM-CR-00088-202608,ACC-CR-00088,2026-07-14,2026-08-13,2026-08-14T13:00:00Z,2026-09-07,155.39,348.08,0.00,155.39,0.00,348.08,35.00
STM-CR-00088-202609,ACC-CR-00088,2026-08-14,2026-09-13,2026-09-14T13:00:00Z,2026-10-08,348.08,229.24,0.00,348.08,0.00,229.24,35.00
STM-CR-00088-202610,ACC-CR-00088,2026-09-14,2026-10-13,2026-10-14T13:00:00Z,2026-11-07,229.24,256.04,0.00,229.24,0.00,256.04,35.00
STM-CR-00089-202509,ACC-CR-00089,2025-08-31,2025-09-16,2025-09-17T13:00:00Z,2025-10-11,0.00,0.00,0.00,0.00,0.00,0.00,0.00
STM-CR-00089-202510,ACC-CR-00089,2025-09-17,2025-10-16,2025-10-17T13:00:00Z,2025-11-10,0.00,451.26,0.00,0.00,0.00,451.26,35.00
STM-CR-00089-202511,ACC-CR-00089,2025-10-17,2025-11-16,2025-11-17T14:00:00Z,2025-12-11,451.26,65.00,0.00,451.26,0.00,65.00,35.00
STM-CR-00089-202512,ACC-CR-00089,2025-11-17,2025-12-16,2025-12-17T14:00:00Z,2026-01-10,65.00,216.80,0.00,65.00,0.00,216.80,35.00
STM-CR-00089-202601,ACC-CR-00089,2025-12-17,2026-01-16,2026-01-17T14:00:00Z,2026-02-10,216.80,95.91,0.00,216.80,0.00,95.91,35.00
STM-CR-00089-202602,ACC-CR-00089,2026-01-17,2026-02-16,2026-02-17T14:00:00Z,2026-03-13,95.91,237.97,0.00,95.91,0.00,237.97,35.00
STM-CR-00089-202603,ACC-CR-00089,2026-02-17,2026-03-16,2026-03-17T13:00:00Z,2026-04-10,237.97,187.24,0.00,237.97,0.00,187.24,35.00
STM-CR-00089-202604,ACC-CR-00089,2026-03-17,2026-04-16,2026-04-17T13:00:00Z,2026-05-11,187.24,133.26,0.00,187.24,0.00,133.26,35.00
STM-CR-00089-202605,ACC-CR-00089,2026-04-17,2026-05-16,2026-05-17T13:00:00Z,2026-06-10,133.26,451.62,0.00,133.26,0.00,451.62,35.00
STM-CR-00089-202606,ACC-CR-00089,2026-05-17,2026-06-16,2026-06-17T13:00:00Z,2026-07-11,451.62,154.07,0.00,451.62,0.00,154.07,35.00
STM-CR-00089-202607,ACC-CR-00089,2026-06-17,2026-07-16,2026-07-17T13:00:00Z,2026-08-10,154.07,318.52,0.00,154.07,0.00,318.52,35.00
STM-CR-00089-202608,ACC-CR-00089,2026-07-17,2026-08-16,2026-08-17T13:00:00Z,2026-09-10,318.52,108.00,0.00,318.52,0.00,108.00,35.00
STM-CR-00089-202609,ACC-CR-00089,2026-08-17,2026-09-16,2026-09-17T13:00:00Z,2026-10-11,108.00,210.83,0.00,108.00,0.00,210.83,35.00
STM-CR-00089-202610,ACC-CR-00089,2026-09-17,2026-10-16,2026-10-17T13:00:00Z,2026-11-10,210.83,255.91,0.00,210.83,0.00,255.91,35.00
STM-CR-00090-202509,ACC-CR-00090,2025-08-31,2025-09-25,2025-09-26T13:00:00Z,2025-10-20,0.00,0.00,0.00,0.00,0.00,0.00,0.00
STM-CR-00090-202510,ACC-CR-00090,2025-09-26,2025-10-25,2025-10-26T13:00:00Z,2025-11-19,0.00,19.97,0.00,0.00,0.00,19.97,35.00
STM-CR-00090-202511,ACC-CR-00090,2025-10-26,2025-11-25,2025-11-26T14:00:00Z,2025-12-20,19.97,1015.34,0.00,19.97,0.00,1015.34,35.00
STM-CR-00090-202512,ACC-CR-00090,2025-11-26,2025-12-25,2025-12-26T14:00:00Z,2026-01-19,1015.34,307.41,160.73,1015.34,0.00,146.68,35.00
STM-CR-00090-202601,ACC-CR-00090,2025-12-26,2026-01-25,2026-01-26T14:00:00Z,2026-02-19,146.68,627.72,0.00,146.68,0.00,627.72,35.00
STM-CR-00090-202602,ACC-CR-00090,2026-01-26,2026-02-25,2026-02-26T14:00:00Z,2026-03-22,627.72,413.57,0.00,627.72,0.00,413.57,35.00
STM-CR-00090-202603,ACC-CR-00090,2026-02-26,2026-03-25,2026-03-26T13:00:00Z,2026-04-19,413.57,533.34,0.00,413.57,0.00,533.34,35.00
STM-CR-00090-202604,ACC-CR-00090,2026-03-26,2026-04-25,2026-04-26T13:00:00Z,2026-05-20,533.34,27.95,0.00,533.34,0.00,27.95,35.00
STM-CR-00090-202605,ACC-CR-00090,2026-04-26,2026-05-25,2026-05-26T13:00:00Z,2026-06-19,27.95,192.94,0.00,27.95,0.00,192.94,35.00
STM-CR-00090-202606,ACC-CR-00090,2026-05-26,2026-06-25,2026-06-26T13:00:00Z,2026-07-20,192.94,276.70,0.00,192.94,0.00,276.70,35.00
STM-CR-00090-202607,ACC-CR-00090,2026-06-26,2026-07-25,2026-07-26T13:00:00Z,2026-08-19,276.70,95.26,0.00,276.70,0.00,95.26,35.00
STM-CR-00090-202608,ACC-CR-00090,2026-07-26,2026-08-25,2026-08-26T13:00:00Z,2026-09-19,95.26,202.35,0.00,95.26,0.00,202.35,35.00
STM-CR-00090-202609,ACC-CR-00090,2026-08-26,2026-09-25,2026-09-26T13:00:00Z,2026-10-20,202.35,150.64,0.00,202.35,0.00,150.64,35.00
STM-CR-00091-202509,ACC-CR-00091,2025-08-31,2025-09-15,2025-09-16T13:00:00Z,2025-10-10,0.00,0.00,0.00,0.00,0.00,0.00,0.00
STM-CR-00091-202510,ACC-CR-00091,2025-09-16,2025-10-15,2025-10-16T13:00:00Z,2025-11-09,0.00,196.81,0.00,0.00,0.00,196.81,35.00
STM-CR-00091-202511,ACC-CR-00091,2025-10-16,2025-11-15,2025-11-16T14:00:00Z,2025-12-10,196.81,405.87,0.00,78.72,0.00,523.96,35.00
STM-CR-00091-202512,ACC-CR-00091,2025-11-16,2025-12-15,2025-12-16T14:00:00Z,2026-01-09,523.96,534.36,0.00,209.58,0.00,848.74,35.00
STM-CR-00091-202601,ACC-CR-00091,2025-12-16,2026-01-15,2026-01-16T14:00:00Z,2026-02-09,848.74,279.68,0.00,339.50,0.00,788.92,35.00
STM-CR-00091-202602,ACC-CR-00091,2026-01-16,2026-02-15,2026-02-16T14:00:00Z,2026-03-12,788.92,531.10,0.00,315.57,0.00,1004.45,35.00
STM-CR-00091-202603,ACC-CR-00091,2026-02-16,2026-03-15,2026-03-16T13:00:00Z,2026-04-09,1004.45,552.20,0.00,401.78,0.00,1154.87,35.00
STM-CR-00091-202604,ACC-CR-00091,2026-03-16,2026-04-15,2026-04-16T13:00:00Z,2026-05-10,1154.87,538.34,0.00,461.95,0.00,1231.26,35.00
STM-CR-00091-202605,ACC-CR-00091,2026-04-16,2026-05-15,2026-05-16T13:00:00Z,2026-06-09,1231.26,403.45,0.00,492.50,0.00,1142.21,35.00
STM-CR-00091-202606,ACC-CR-00091,2026-05-16,2026-06-15,2026-06-16T13:00:00Z,2026-07-10,1142.21,590.07,0.00,456.88,0.00,1275.40,35.00
STM-CR-00091-202607,ACC-CR-00091,2026-06-16,2026-07-15,2026-07-16T13:00:00Z,2026-08-09,1275.40,344.63,0.00,510.16,0.00,1109.87,35.00
STM-CR-00091-202608,ACC-CR-00091,2026-07-16,2026-08-15,2026-08-16T13:00:00Z,2026-09-09,1109.87,713.60,0.00,443.95,0.00,1379.52,35.00
STM-CR-00091-202609,ACC-CR-00091,2026-08-16,2026-09-15,2026-09-16T13:00:00Z,2026-10-10,1379.52,545.92,0.00,551.81,0.00,1373.63,35.00
STM-CR-00091-202610,ACC-CR-00091,2026-09-16,2026-10-15,2026-10-16T13:00:00Z,2026-11-09,1373.63,470.19,0.00,549.45,0.00,1294.37,35.00
STM-CR-00092-202509,ACC-CR-00092,2025-08-31,2025-09-24,2025-09-25T13:00:00Z,2025-10-19,0.00,0.00,0.00,0.00,0.00,0.00,0.00
STM-CR-00092-202510,ACC-CR-00092,2025-09-25,2025-10-24,2025-10-25T13:00:00Z,2025-11-18,0.00,54.45,0.00,0.00,0.00,54.45,35.00
STM-CR-00092-202511,ACC-CR-00092,2025-10-25,2025-11-24,2025-11-25T14:00:00Z,2025-12-19,54.45,248.26,0.00,54.45,0.00,248.26,35.00
STM-CR-00092-202512,ACC-CR-00092,2025-11-25,2025-12-24,2025-12-25T14:00:00Z,2026-01-18,248.26,815.88,0.00,248.26,0.00,815.88,35.00
STM-CR-00092-202601,ACC-CR-00092,2025-12-25,2026-01-24,2026-01-25T14:00:00Z,2026-02-18,815.88,520.40,0.00,815.88,0.00,520.40,35.00
STM-CR-00092-202602,ACC-CR-00092,2026-01-25,2026-02-24,2026-02-25T14:00:00Z,2026-03-21,520.40,375.25,0.00,520.40,0.00,375.25,35.00
STM-CR-00092-202603,ACC-CR-00092,2026-02-25,2026-03-24,2026-03-25T13:00:00Z,2026-04-18,375.25,153.32,0.00,375.25,0.00,153.32,35.00
STM-CR-00092-202604,ACC-CR-00092,2026-03-25,2026-04-24,2026-04-25T13:00:00Z,2026-05-19,153.32,281.17,0.00,153.32,0.00,281.17,35.00
STM-CR-00092-202605,ACC-CR-00092,2026-04-25,2026-05-24,2026-05-25T13:00:00Z,2026-06-18,281.17,415.54,64.10,281.17,0.00,351.44,35.00
STM-CR-00092-202606,ACC-CR-00092,2026-05-25,2026-06-24,2026-06-25T13:00:00Z,2026-07-19,351.44,541.99,0.00,351.44,0.00,541.99,35.00
STM-CR-00092-202607,ACC-CR-00092,2026-06-25,2026-07-24,2026-07-25T13:00:00Z,2026-08-18,541.99,259.65,0.00,541.99,0.00,259.65,35.00
STM-CR-00092-202608,ACC-CR-00092,2026-07-25,2026-08-24,2026-08-25T13:00:00Z,2026-09-18,259.65,262.29,0.00,259.65,0.00,262.29,35.00
STM-CR-00092-202609,ACC-CR-00092,2026-08-25,2026-09-24,2026-09-25T13:00:00Z,2026-10-19,262.29,274.14,0.00,262.29,0.00,274.14,35.00
STM-CR-00093-202509,ACC-CR-00093,2025-08-31,2025-09-20,2025-09-21T13:00:00Z,2025-10-15,0.00,0.00,0.00,0.00,0.00,0.00,0.00
STM-CR-00093-202510,ACC-CR-00093,2025-09-21,2025-10-20,2025-10-21T13:00:00Z,2025-11-14,0.00,174.67,0.00,0.00,0.00,174.67,35.00
STM-CR-00093-202511,ACC-CR-00093,2025-10-21,2025-11-20,2025-11-21T14:00:00Z,2025-12-15,174.67,540.26,0.00,69.87,0.00,645.06,35.00
STM-CR-00093-202512,ACC-CR-00093,2025-11-21,2025-12-20,2025-12-21T14:00:00Z,2026-01-14,645.06,326.68,0.00,258.02,0.00,713.72,35.00
STM-CR-00093-202601,ACC-CR-00093,2025-12-21,2026-01-20,2026-01-21T14:00:00Z,2026-02-14,713.72,368.13,0.00,285.49,0.00,796.36,35.00
STM-CR-00093-202602,ACC-CR-00093,2026-01-21,2026-02-20,2026-02-21T14:00:00Z,2026-03-17,796.36,384.94,0.00,318.54,0.00,862.76,35.00
STM-CR-00093-202603,ACC-CR-00093,2026-02-21,2026-03-20,2026-03-21T13:00:00Z,2026-04-14,862.76,221.35,0.00,345.10,0.00,739.01,35.00
STM-CR-00093-202604,ACC-CR-00093,2026-03-21,2026-04-20,2026-04-21T13:00:00Z,2026-05-15,739.01,338.44,0.00,295.60,0.00,781.85,35.00
STM-CR-00093-202605,ACC-CR-00093,2026-04-21,2026-05-20,2026-05-21T13:00:00Z,2026-06-14,781.85,605.93,0.00,312.74,0.00,1075.04,35.00
STM-CR-00093-202606,ACC-CR-00093,2026-05-21,2026-06-20,2026-06-21T13:00:00Z,2026-07-15,1075.04,414.63,0.00,430.02,0.00,1059.65,35.00
STM-CR-00093-202607,ACC-CR-00093,2026-06-21,2026-07-20,2026-07-21T13:00:00Z,2026-08-14,1059.65,250.89,0.00,423.86,0.00,886.68,35.00
STM-CR-00093-202608,ACC-CR-00093,2026-07-21,2026-08-20,2026-08-21T13:00:00Z,2026-09-14,886.68,561.49,0.00,354.67,0.00,1093.50,35.00
STM-CR-00093-202609,ACC-CR-00093,2026-08-21,2026-09-20,2026-09-21T13:00:00Z,2026-10-15,1093.50,334.59,0.00,437.40,0.00,990.69,35.00
STM-CR-00093-202610,ACC-CR-00093,2026-09-21,2026-10-20,2026-10-21T13:00:00Z,2026-11-14,990.69,492.32,0.00,396.28,0.00,1086.73,35.00
STM-CR-00094-202606,ACC-CR-00094,2026-06-07,2026-06-13,2026-06-14T13:00:00Z,2026-07-08,0.00,22.99,0.00,0.00,0.00,22.99,35.00
STM-CR-00094-202607,ACC-CR-00094,2026-06-14,2026-07-13,2026-07-14T13:00:00Z,2026-08-07,22.99,197.76,0.00,22.99,0.00,197.76,35.00
STM-CR-00094-202608,ACC-CR-00094,2026-07-14,2026-08-13,2026-08-14T13:00:00Z,2026-09-07,197.76,372.71,0.00,197.76,0.00,372.71,35.00
STM-CR-00094-202609,ACC-CR-00094,2026-08-14,2026-09-13,2026-09-14T13:00:00Z,2026-10-08,372.71,195.91,0.00,372.71,0.00,195.91,35.00
STM-CR-00094-202610,ACC-CR-00094,2026-09-14,2026-10-13,2026-10-14T13:00:00Z,2026-11-07,195.91,246.03,0.00,195.91,0.00,246.03,35.00
STM-CR-00095-202509,ACC-CR-00095,2025-08-31,2025-09-15,2025-09-16T13:00:00Z,2025-10-10,0.00,0.00,0.00,0.00,0.00,0.00,0.00
STM-CR-00095-202510,ACC-CR-00095,2025-09-16,2025-10-15,2025-10-16T13:00:00Z,2025-11-09,0.00,331.05,0.00,0.00,0.00,331.05,35.00
STM-CR-00095-202511,ACC-CR-00095,2025-10-16,2025-11-15,2025-11-16T14:00:00Z,2025-12-10,331.05,353.60,0.00,132.42,0.00,552.23,35.00
STM-CR-00095-202512,ACC-CR-00095,2025-11-16,2025-12-15,2025-12-16T14:00:00Z,2026-01-09,552.23,623.02,0.00,220.89,0.00,954.36,35.00
STM-CR-00095-202601,ACC-CR-00095,2025-12-16,2026-01-15,2026-01-16T14:00:00Z,2026-02-09,954.36,404.07,0.00,381.74,0.00,976.69,35.00
STM-CR-00095-202602,ACC-CR-00095,2026-01-16,2026-02-15,2026-02-16T14:00:00Z,2026-03-12,976.69,445.91,0.00,390.68,0.00,1031.92,35.00
STM-CR-00095-202603,ACC-CR-00095,2026-02-16,2026-03-15,2026-03-16T13:00:00Z,2026-04-09,1031.92,203.44,0.00,412.77,0.00,822.59,35.00
STM-CR-00095-202604,ACC-CR-00095,2026-03-16,2026-04-15,2026-04-16T13:00:00Z,2026-05-10,822.59,725.83,0.00,329.04,0.00,1219.38,35.00
STM-CR-00095-202605,ACC-CR-00095,2026-04-16,2026-05-15,2026-05-16T13:00:00Z,2026-06-09,1219.38,539.97,0.00,487.75,0.00,1271.60,35.00
STM-CR-00095-202606,ACC-CR-00095,2026-05-16,2026-06-15,2026-06-16T13:00:00Z,2026-07-10,1271.60,619.29,0.00,508.64,0.00,1382.25,35.00
STM-CR-00095-202607,ACC-CR-00095,2026-06-16,2026-07-15,2026-07-16T13:00:00Z,2026-08-09,1382.25,798.57,0.00,552.90,0.00,1627.92,35.00
STM-CR-00095-202608,ACC-CR-00095,2026-07-16,2026-08-15,2026-08-16T13:00:00Z,2026-09-09,1627.92,668.75,0.00,651.17,0.00,1645.50,35.00
STM-CR-00095-202609,ACC-CR-00095,2026-08-16,2026-09-15,2026-09-16T13:00:00Z,2026-10-10,1645.50,634.95,0.00,658.20,0.00,1622.25,35.00
STM-CR-00095-202610,ACC-CR-00095,2026-09-16,2026-10-15,2026-10-16T13:00:00Z,2026-11-09,1622.25,824.25,80.49,648.90,0.00,1717.11,35.00
STM-CR-00096-202509,ACC-CR-00096,2025-09-14,2025-09-21,2025-09-22T13:00:00Z,2025-10-16,0.00,0.00,0.00,0.00,0.00,0.00,0.00
STM-CR-00096-202510,ACC-CR-00096,2025-09-22,2025-10-21,2025-10-22T13:00:00Z,2025-11-15,0.00,67.11,0.00,0.00,0.00,67.11,35.00
STM-CR-00096-202511,ACC-CR-00096,2025-10-22,2025-11-21,2025-11-22T14:00:00Z,2025-12-16,67.11,191.18,0.00,35.00,0.00,223.29,35.00
STM-CR-00096-202512,ACC-CR-00096,2025-11-22,2025-12-21,2025-12-22T14:00:00Z,2026-01-15,223.29,297.73,0.00,35.00,0.00,486.02,35.00
STM-CR-00096-202601,ACC-CR-00096,2025-12-22,2026-01-21,2026-01-22T14:00:00Z,2026-02-15,486.02,100.70,0.00,35.00,0.00,551.72,35.00
STM-CR-00096-202602,ACC-CR-00096,2026-01-22,2026-02-21,2026-02-22T14:00:00Z,2026-03-18,551.72,187.34,0.00,35.00,0.00,704.06,35.00
STM-CR-00096-202603,ACC-CR-00096,2026-02-22,2026-03-21,2026-03-22T13:00:00Z,2026-04-15,704.06,22.99,0.00,35.00,0.00,692.05,35.00
STM-CR-00096-202604,ACC-CR-00096,2026-03-22,2026-04-21,2026-04-22T13:00:00Z,2026-05-16,692.05,654.79,0.00,35.00,0.00,1311.84,35.00
STM-CR-00096-202605,ACC-CR-00096,2026-04-22,2026-05-21,2026-05-22T13:00:00Z,2026-06-15,1311.84,314.28,0.00,35.00,0.00,1591.12,35.00
STM-CR-00096-202606,ACC-CR-00096,2026-05-22,2026-06-21,2026-06-22T13:00:00Z,2026-07-16,1591.12,381.34,0.00,35.00,0.00,1937.46,38.75
STM-CR-00096-202607,ACC-CR-00096,2026-06-22,2026-07-21,2026-07-22T13:00:00Z,2026-08-15,1937.46,301.55,0.00,38.75,0.00,2200.26,44.01
STM-CR-00096-202608,ACC-CR-00096,2026-07-22,2026-08-21,2026-08-22T13:00:00Z,2026-09-15,2200.26,812.32,0.00,44.01,0.00,2968.57,59.37
STM-CR-00096-202609,ACC-CR-00096,2026-08-22,2026-09-21,2026-09-22T13:00:00Z,2026-10-16,2968.57,191.22,0.00,59.37,0.00,3100.42,62.01
STM-CR-00097-202509,ACC-CR-00097,2025-08-31,2025-09-16,2025-09-17T13:00:00Z,2025-10-11,0.00,0.00,0.00,0.00,0.00,0.00,0.00
STM-CR-00097-202510,ACC-CR-00097,2025-09-17,2025-10-16,2025-10-17T13:00:00Z,2025-11-10,0.00,59.88,0.00,0.00,0.00,59.88,35.00
STM-CR-00097-202511,ACC-CR-00097,2025-10-17,2025-11-16,2025-11-17T14:00:00Z,2025-12-11,59.88,156.50,0.00,59.88,0.00,156.50,35.00
STM-CR-00097-202512,ACC-CR-00097,2025-11-17,2025-12-16,2025-12-17T14:00:00Z,2026-01-10,156.50,143.52,101.28,156.50,0.00,42.24,35.00
STM-CR-00097-202601,ACC-CR-00097,2025-12-17,2026-01-16,2026-01-17T14:00:00Z,2026-02-10,42.24,9.99,0.00,42.24,0.00,9.99,35.00
STM-CR-00097-202602,ACC-CR-00097,2026-01-17,2026-02-16,2026-02-17T14:00:00Z,2026-03-13,9.99,85.39,0.00,9.99,0.00,85.39,35.00
STM-CR-00097-202603,ACC-CR-00097,2026-02-17,2026-03-16,2026-03-17T13:00:00Z,2026-04-10,85.39,38.56,0.00,85.39,0.00,38.56,35.00
STM-CR-00097-202604,ACC-CR-00097,2026-03-17,2026-04-16,2026-04-17T13:00:00Z,2026-05-11,38.56,828.24,0.00,38.56,0.00,828.24,35.00
STM-CR-00097-202605,ACC-CR-00097,2026-04-17,2026-05-16,2026-05-17T13:00:00Z,2026-06-10,828.24,535.57,0.00,828.24,0.00,535.57,35.00
STM-CR-00097-202606,ACC-CR-00097,2026-05-17,2026-06-16,2026-06-17T13:00:00Z,2026-07-11,535.57,274.70,0.00,535.57,0.00,274.70,35.00
STM-CR-00097-202607,ACC-CR-00097,2026-06-17,2026-07-16,2026-07-17T13:00:00Z,2026-08-10,274.70,78.78,0.00,274.70,0.00,78.78,35.00
STM-CR-00097-202608,ACC-CR-00097,2026-07-17,2026-08-16,2026-08-17T13:00:00Z,2026-09-10,78.78,226.86,0.00,78.78,0.00,226.86,35.00
STM-CR-00097-202609,ACC-CR-00097,2026-08-17,2026-09-16,2026-09-17T13:00:00Z,2026-10-11,226.86,168.44,0.00,226.86,0.00,168.44,35.00
STM-CR-00097-202610,ACC-CR-00097,2026-09-17,2026-10-16,2026-10-17T13:00:00Z,2026-11-10,168.44,299.53,0.00,168.44,0.00,299.53,35.00
STM-CR-00098-202509,ACC-CR-00098,2025-08-31,2025-09-07,2025-09-08T13:00:00Z,2025-10-02,0.00,0.00,0.00,0.00,0.00,0.00,0.00
STM-CR-00098-202510,ACC-CR-00098,2025-09-08,2025-10-07,2025-10-08T13:00:00Z,2025-11-01,0.00,57.92,0.00,0.00,0.00,57.92,35.00
STM-CR-00098-202511,ACC-CR-00098,2025-10-08,2025-11-07,2025-11-08T14:00:00Z,2025-12-02,57.92,961.41,0.00,23.17,0.00,996.16,35.00
STM-CR-00098-202512,ACC-CR-00098,2025-11-08,2025-12-07,2025-12-08T14:00:00Z,2026-01-01,996.16,505.80,0.00,398.46,0.00,1103.50,35.00
STM-CR-00098-202601,ACC-CR-00098,2025-12-08,2026-01-07,2026-01-08T14:00:00Z,2026-02-01,1103.50,251.52,0.00,441.40,0.00,913.62,35.00
STM-CR-00098-202602,ACC-CR-00098,2026-01-08,2026-02-07,2026-02-08T14:00:00Z,2026-03-04,913.62,175.58,8.85,365.45,0.00,714.90,35.00
STM-CR-00098-202603,ACC-CR-00098,2026-02-08,2026-03-07,2026-03-08T13:00:00Z,2026-04-01,714.90,309.84,109.90,285.96,0.00,628.88,35.00
STM-CR-00098-202604,ACC-CR-00098,2026-03-08,2026-04-07,2026-04-08T13:00:00Z,2026-05-02,628.88,87.84,0.00,251.55,0.00,465.17,35.00
STM-CR-00098-202605,ACC-CR-00098,2026-04-08,2026-05-07,2026-05-08T13:00:00Z,2026-06-01,465.17,409.52,0.00,186.07,0.00,688.62,35.00
STM-CR-00098-202606,ACC-CR-00098,2026-05-08,2026-06-07,2026-06-08T13:00:00Z,2026-07-02,688.62,117.23,0.00,275.45,0.00,530.40,35.00
STM-CR-00098-202607,ACC-CR-00098,2026-06-08,2026-07-07,2026-07-08T13:00:00Z,2026-08-01,530.40,443.51,0.00,212.16,0.00,761.75,35.00
STM-CR-00098-202608,ACC-CR-00098,2026-07-08,2026-08-07,2026-08-08T13:00:00Z,2026-09-01,761.75,384.19,0.00,304.70,0.00,841.24,35.00
STM-CR-00098-202609,ACC-CR-00098,2026-08-08,2026-09-07,2026-09-08T13:00:00Z,2026-10-02,841.24,195.52,0.00,336.50,0.00,700.26,35.00
STM-CR-00098-202610,ACC-CR-00098,2026-09-08,2026-10-07,2026-10-08T13:00:00Z,2026-11-01,700.26,193.32,0.00,280.10,0.00,613.48,35.00
STM-CR-00099-202509,ACC-CR-00099,2025-08-31,2025-09-25,2025-09-26T13:00:00Z,2025-10-20,0.00,0.00,0.00,0.00,0.00,0.00,0.00
STM-CR-00099-202510,ACC-CR-00099,2025-09-26,2025-10-25,2025-10-26T13:00:00Z,2025-11-19,0.00,138.97,0.00,0.00,0.00,138.97,35.00
STM-CR-00099-202511,ACC-CR-00099,2025-10-26,2025-11-25,2025-11-26T14:00:00Z,2025-12-20,138.97,21.88,0.00,138.97,0.00,21.88,35.00
STM-CR-00099-202512,ACC-CR-00099,2025-11-26,2025-12-25,2025-12-26T14:00:00Z,2026-01-19,21.88,583.57,0.00,21.88,0.00,583.57,35.00
STM-CR-00099-202601,ACC-CR-00099,2025-12-26,2026-01-25,2026-01-26T14:00:00Z,2026-02-19,583.57,136.31,0.00,583.57,0.00,136.31,35.00
STM-CR-00099-202602,ACC-CR-00099,2026-01-26,2026-02-25,2026-02-26T14:00:00Z,2026-03-22,136.31,309.46,0.00,136.31,0.00,309.46,35.00
STM-CR-00099-202603,ACC-CR-00099,2026-02-26,2026-03-25,2026-03-26T13:00:00Z,2026-04-19,309.46,0.00,0.00,309.46,0.00,0.00,0.00
STM-CR-00099-202604,ACC-CR-00099,2026-03-26,2026-04-25,2026-04-26T13:00:00Z,2026-05-20,0.00,234.50,0.00,0.00,0.00,234.50,35.00
STM-CR-00099-202605,ACC-CR-00099,2026-04-26,2026-05-25,2026-05-26T13:00:00Z,2026-06-19,234.50,186.68,0.00,234.50,0.00,186.68,35.00
STM-CR-00099-202606,ACC-CR-00099,2026-05-26,2026-06-25,2026-06-26T13:00:00Z,2026-07-20,186.68,291.32,0.00,186.68,0.00,291.32,35.00
STM-CR-00099-202607,ACC-CR-00099,2026-06-26,2026-07-25,2026-07-26T13:00:00Z,2026-08-19,291.32,288.34,0.00,291.32,0.00,288.34,35.00
STM-CR-00099-202608,ACC-CR-00099,2026-07-26,2026-08-25,2026-08-26T13:00:00Z,2026-09-19,288.34,14.70,0.00,288.34,0.00,14.70,35.00
STM-CR-00099-202609,ACC-CR-00099,2026-08-26,2026-09-25,2026-09-26T13:00:00Z,2026-10-20,14.70,761.46,0.00,14.70,0.00,761.46,35.00
STM-CR-00100-202509,ACC-CR-00100,2025-08-31,2025-09-02,2025-09-03T13:00:00Z,2025-09-27,0.00,0.00,0.00,0.00,0.00,0.00,0.00
STM-CR-00100-202510,ACC-CR-00100,2025-09-03,2025-10-02,2025-10-03T13:00:00Z,2025-10-27,0.00,0.00,0.00,0.00,0.00,0.00,0.00
STM-CR-00100-202511,ACC-CR-00100,2025-10-03,2025-11-02,2025-11-03T14:00:00Z,2025-11-27,0.00,224.87,0.00,0.00,0.00,224.87,35.00
STM-CR-00100-202512,ACC-CR-00100,2025-11-03,2025-12-02,2025-12-03T14:00:00Z,2025-12-27,224.87,141.34,0.00,224.87,0.00,141.34,35.00
STM-CR-00100-202601,ACC-CR-00100,2025-12-03,2026-01-02,2026-01-03T14:00:00Z,2026-01-27,141.34,808.12,0.00,141.34,0.00,808.12,35.00
STM-CR-00100-202602,ACC-CR-00100,2026-01-03,2026-02-02,2026-02-03T14:00:00Z,2026-02-27,808.12,246.18,0.00,808.12,0.00,246.18,35.00
STM-CR-00100-202603,ACC-CR-00100,2026-02-03,2026-03-02,2026-03-03T14:00:00Z,2026-03-27,246.18,166.01,0.00,246.18,0.00,166.01,35.00
STM-CR-00100-202604,ACC-CR-00100,2026-03-03,2026-04-02,2026-04-03T13:00:00Z,2026-04-27,166.01,204.17,0.00,166.01,0.00,204.17,35.00
STM-CR-00100-202605,ACC-CR-00100,2026-04-03,2026-05-02,2026-05-03T13:00:00Z,2026-05-27,204.17,303.67,0.00,204.17,0.00,303.67,35.00
STM-CR-00100-202606,ACC-CR-00100,2026-05-03,2026-06-02,2026-06-03T13:00:00Z,2026-06-27,303.67,184.69,0.00,303.67,0.00,184.69,35.00
STM-CR-00100-202607,ACC-CR-00100,2026-06-03,2026-07-02,2026-07-03T13:00:00Z,2026-07-27,184.69,86.80,0.00,184.69,0.00,86.80,35.00
STM-CR-00100-202608,ACC-CR-00100,2026-07-03,2026-08-02,2026-08-03T13:00:00Z,2026-08-27,86.80,326.84,0.00,86.80,0.00,326.84,35.00
STM-CR-00100-202609,ACC-CR-00100,2026-08-03,2026-09-02,2026-09-03T13:00:00Z,2026-09-27,326.84,224.76,0.00,326.84,0.00,224.76,35.00
STM-CR-00100-202610,ACC-CR-00100,2026-09-03,2026-10-02,2026-10-03T13:00:00Z,2026-10-27,224.76,260.41,0.00,224.76,0.00,260.41,35.00
STM-CR-00101-202509,ACC-CR-00101,2025-08-31,2025-09-28,2025-09-29T13:00:00Z,2025-10-23,0.00,0.00,0.00,0.00,0.00,0.00,0.00
STM-CR-00101-202510,ACC-CR-00101,2025-09-29,2025-10-28,2025-10-29T13:00:00Z,2025-11-22,0.00,243.72,0.00,0.00,0.00,243.72,35.00
STM-CR-00101-202511,ACC-CR-00101,2025-10-29,2025-11-28,2025-11-29T14:00:00Z,2025-12-23,243.72,210.09,0.00,243.72,0.00,210.09,35.00
STM-CR-00101-202512,ACC-CR-00101,2025-11-29,2025-12-28,2025-12-29T14:00:00Z,2026-01-22,210.09,359.31,0.00,210.09,0.00,359.31,35.00
STM-CR-00101-202601,ACC-CR-00101,2025-12-29,2026-01-28,2026-01-29T14:00:00Z,2026-02-22,359.31,602.38,149.78,359.31,0.00,452.60,35.00
STM-CR-00101-202602,ACC-CR-00101,2026-01-29,2026-02-28,2026-03-01T14:00:00Z,2026-03-25,452.60,127.14,0.00,452.60,0.00,127.14,35.00
STM-CR-00101-202603,ACC-CR-00101,2026-03-01,2026-03-28,2026-03-29T13:00:00Z,2026-04-22,127.14,329.03,0.00,127.14,0.00,329.03,35.00
STM-CR-00101-202604,ACC-CR-00101,2026-03-29,2026-04-28,2026-04-29T13:00:00Z,2026-05-23,329.03,264.76,0.00,329.03,0.00,264.76,35.00
STM-CR-00101-202605,ACC-CR-00101,2026-04-29,2026-05-28,2026-05-29T13:00:00Z,2026-06-22,264.76,634.77,0.00,264.76,0.00,634.77,35.00
STM-CR-00101-202606,ACC-CR-00101,2026-05-29,2026-06-28,2026-06-29T13:00:00Z,2026-07-23,634.77,329.73,0.00,634.77,0.00,329.73,35.00
STM-CR-00101-202607,ACC-CR-00101,2026-06-29,2026-07-28,2026-07-29T13:00:00Z,2026-08-22,329.73,338.04,0.00,329.73,0.00,338.04,35.00
STM-CR-00101-202608,ACC-CR-00101,2026-07-29,2026-08-28,2026-08-29T13:00:00Z,2026-09-22,338.04,315.64,0.00,338.04,0.00,315.64,35.00
STM-CR-00101-202609,ACC-CR-00101,2026-08-29,2026-09-28,2026-09-29T13:00:00Z,2026-10-23,315.64,454.00,0.00,315.64,0.00,454.00,35.00
STM-CR-00102-202509,ACC-CR-00102,2025-08-31,2025-09-04,2025-09-05T13:00:00Z,2025-09-29,0.00,0.00,0.00,0.00,0.00,0.00,0.00
STM-CR-00102-202510,ACC-CR-00102,2025-09-05,2025-10-04,2025-10-05T13:00:00Z,2025-10-29,0.00,0.00,0.00,0.00,0.00,0.00,0.00
STM-CR-00102-202511,ACC-CR-00102,2025-10-05,2025-11-04,2025-11-05T14:00:00Z,2025-11-29,0.00,163.04,0.00,0.00,0.00,163.04,35.00
STM-CR-00102-202512,ACC-CR-00102,2025-11-05,2025-12-04,2025-12-05T14:00:00Z,2025-12-29,163.04,256.57,0.00,65.22,0.00,354.39,35.00
STM-CR-00102-202601,ACC-CR-00102,2025-12-05,2026-01-04,2026-01-05T14:00:00Z,2026-01-29,354.39,406.19,0.00,141.76,0.00,618.82,35.00
STM-CR-00102-202602,ACC-CR-00102,2026-01-05,2026-02-04,2026-02-05T14:00:00Z,2026-03-01,618.82,261.76,0.00,247.53,0.00,633.05,35.00
STM-CR-00102-202603,ACC-CR-00102,2026-02-05,2026-03-04,2026-03-05T14:00:00Z,2026-03-29,633.05,178.83,0.00,253.22,0.00,558.66,35.00
STM-CR-00102-202604,ACC-CR-00102,2026-03-05,2026-04-04,2026-04-05T13:00:00Z,2026-04-29,558.66,101.41,0.00,223.46,0.00,436.61,35.00
STM-CR-00102-202605,ACC-CR-00102,2026-04-05,2026-05-04,2026-05-05T13:00:00Z,2026-05-29,436.61,172.56,0.00,174.64,0.00,434.53,35.00
STM-CR-00102-202606,ACC-CR-00102,2026-05-05,2026-06-04,2026-06-05T13:00:00Z,2026-06-29,434.53,783.80,0.00,173.81,0.00,1044.52,35.00
STM-CR-00102-202607,ACC-CR-00102,2026-06-05,2026-07-04,2026-07-05T13:00:00Z,2026-07-29,1044.52,199.51,0.00,417.81,0.00,826.22,35.00
STM-CR-00102-202608,ACC-CR-00102,2026-07-05,2026-08-04,2026-08-05T13:00:00Z,2026-08-29,826.22,99.88,0.00,330.49,0.00,595.61,35.00
STM-CR-00102-202609,ACC-CR-00102,2026-08-05,2026-09-04,2026-09-05T13:00:00Z,2026-09-29,595.61,61.61,0.00,238.24,0.00,418.98,35.00
STM-CR-00102-202610,ACC-CR-00102,2026-09-05,2026-10-04,2026-10-05T13:00:00Z,2026-10-29,418.98,302.46,0.00,167.59,0.00,553.85,35.00
STM-CR-00103-202607,ACC-CR-00103,2026-06-26,2026-07-08,2026-07-09T13:00:00Z,2026-08-02,0.00,89.24,0.00,0.00,0.00,89.24,35.00
STM-CR-00103-202608,ACC-CR-00103,2026-07-09,2026-08-08,2026-08-09T13:00:00Z,2026-09-02,89.24,561.85,0.00,89.24,0.00,561.85,35.00
STM-CR-00103-202609,ACC-CR-00103,2026-08-09,2026-09-08,2026-09-09T13:00:00Z,2026-10-03,561.85,126.91,0.00,561.85,0.00,126.91,35.00
STM-CR-00103-202610,ACC-CR-00103,2026-09-09,2026-10-08,2026-10-09T13:00:00Z,2026-11-02,126.91,246.03,0.00,126.91,0.00,246.03,35.00
STM-CR-00104-202509,ACC-CR-00104,2025-08-31,2025-09-27,2025-09-28T13:00:00Z,2025-10-22,0.00,0.00,0.00,0.00,0.00,0.00,0.00
STM-CR-00104-202510,ACC-CR-00104,2025-09-28,2025-10-27,2025-10-28T13:00:00Z,2025-11-21,0.00,134.68,0.00,0.00,0.00,134.68,35.00
STM-CR-00104-202511,ACC-CR-00104,2025-10-28,2025-11-27,2025-11-28T14:00:00Z,2025-12-22,134.68,259.50,0.00,134.68,0.00,259.50,35.00
STM-CR-00104-202512,ACC-CR-00104,2025-11-28,2025-12-27,2025-12-28T14:00:00Z,2026-01-21,259.50,342.86,0.00,259.50,0.00,342.86,35.00
STM-CR-00104-202601,ACC-CR-00104,2025-12-28,2026-01-27,2026-01-28T14:00:00Z,2026-02-21,342.86,275.41,0.00,342.86,0.00,275.41,35.00
STM-CR-00104-202602,ACC-CR-00104,2026-01-28,2026-02-27,2026-02-28T14:00:00Z,2026-03-24,275.41,193.78,0.00,275.41,0.00,193.78,35.00
STM-CR-00104-202603,ACC-CR-00104,2026-02-28,2026-03-27,2026-03-28T13:00:00Z,2026-04-21,193.78,399.67,0.00,193.78,0.00,399.67,35.00
STM-CR-00104-202604,ACC-CR-00104,2026-03-28,2026-04-27,2026-04-28T13:00:00Z,2026-05-22,399.67,21.08,0.00,399.67,0.00,21.08,35.00
STM-CR-00104-202605,ACC-CR-00104,2026-04-28,2026-05-27,2026-05-28T13:00:00Z,2026-06-21,21.08,705.42,0.00,21.08,0.00,705.42,35.00
STM-CR-00104-202606,ACC-CR-00104,2026-05-28,2026-06-27,2026-06-28T13:00:00Z,2026-07-22,705.42,90.08,0.00,705.42,0.00,90.08,35.00
STM-CR-00104-202607,ACC-CR-00104,2026-06-28,2026-07-27,2026-07-28T13:00:00Z,2026-08-21,90.08,165.62,0.00,90.08,0.00,165.62,35.00
STM-CR-00104-202608,ACC-CR-00104,2026-07-28,2026-08-27,2026-08-28T13:00:00Z,2026-09-21,165.62,767.21,0.00,165.62,0.00,767.21,35.00
STM-CR-00104-202609,ACC-CR-00104,2026-08-28,2026-09-27,2026-09-28T13:00:00Z,2026-10-22,767.21,228.64,0.00,767.21,0.00,228.64,35.00
STM-CR-00105-202509,ACC-CR-00105,2025-08-31,2025-09-27,2025-09-28T13:00:00Z,2025-10-22,0.00,0.00,0.00,0.00,0.00,0.00,0.00
STM-CR-00105-202510,ACC-CR-00105,2025-09-28,2025-10-27,2025-10-28T13:00:00Z,2025-11-21,0.00,108.76,0.00,0.00,0.00,108.76,35.00
STM-CR-00105-202511,ACC-CR-00105,2025-10-28,2025-11-27,2025-11-28T14:00:00Z,2025-12-22,108.76,156.69,0.00,43.50,0.00,221.95,35.00
STM-CR-00105-202512,ACC-CR-00105,2025-11-28,2025-12-27,2025-12-28T14:00:00Z,2026-01-21,221.95,127.76,0.00,88.78,0.00,260.93,35.00
STM-CR-00105-202601,ACC-CR-00105,2025-12-28,2026-01-27,2026-01-28T14:00:00Z,2026-02-21,260.93,275.31,0.00,104.37,0.00,431.87,35.00
STM-CR-00105-202602,ACC-CR-00105,2026-01-28,2026-02-27,2026-02-28T14:00:00Z,2026-03-24,431.87,525.14,0.00,172.75,0.00,784.26,35.00
STM-CR-00105-202603,ACC-CR-00105,2026-02-28,2026-03-27,2026-03-28T13:00:00Z,2026-04-21,784.26,151.03,0.00,313.70,0.00,621.59,35.00
STM-CR-00105-202604,ACC-CR-00105,2026-03-28,2026-04-27,2026-04-28T13:00:00Z,2026-05-22,621.59,1006.57,0.00,248.64,0.00,1379.52,35.00
STM-CR-00105-202605,ACC-CR-00105,2026-04-28,2026-05-27,2026-05-28T13:00:00Z,2026-06-21,1379.52,265.96,0.00,551.81,0.00,1093.67,35.00
STM-CR-00105-202606,ACC-CR-00105,2026-05-28,2026-06-27,2026-06-28T13:00:00Z,2026-07-22,1093.67,503.28,0.00,437.47,0.00,1159.48,35.00
STM-CR-00105-202607,ACC-CR-00105,2026-06-28,2026-07-27,2026-07-28T13:00:00Z,2026-08-21,1159.48,110.45,0.00,463.79,0.00,806.14,35.00
STM-CR-00105-202608,ACC-CR-00105,2026-07-28,2026-08-27,2026-08-28T13:00:00Z,2026-09-21,806.14,177.62,0.00,322.46,0.00,661.30,35.00
STM-CR-00105-202609,ACC-CR-00105,2026-08-28,2026-09-27,2026-09-28T13:00:00Z,2026-10-22,661.30,85.64,0.00,264.52,0.00,482.42,35.00
STM-CR-00106-202509,ACC-CR-00106,2025-08-31,2025-09-24,2025-09-25T13:00:00Z,2025-10-19,0.00,0.00,0.00,0.00,0.00,0.00,0.00
STM-CR-00106-202510,ACC-CR-00106,2025-09-25,2025-10-24,2025-10-25T13:00:00Z,2025-11-18,0.00,658.63,0.00,0.00,0.00,658.63,35.00
STM-CR-00106-202511,ACC-CR-00106,2025-10-25,2025-11-24,2025-11-25T14:00:00Z,2025-12-19,658.63,367.19,0.00,658.63,0.00,367.19,35.00
STM-CR-00106-202512,ACC-CR-00106,2025-11-25,2025-12-24,2025-12-25T14:00:00Z,2026-01-18,367.19,267.34,0.00,367.19,0.00,267.34,35.00
STM-CR-00106-202601,ACC-CR-00106,2025-12-25,2026-01-24,2026-01-25T14:00:00Z,2026-02-18,267.34,167.94,0.00,267.34,0.00,167.94,35.00
STM-CR-00106-202602,ACC-CR-00106,2026-01-25,2026-02-24,2026-02-25T14:00:00Z,2026-03-21,167.94,267.99,0.00,167.94,0.00,267.99,35.00
STM-CR-00106-202603,ACC-CR-00106,2026-02-25,2026-03-24,2026-03-25T13:00:00Z,2026-04-18,267.99,780.22,0.00,267.99,0.00,780.22,35.00
STM-CR-00106-202604,ACC-CR-00106,2026-03-25,2026-04-24,2026-04-25T13:00:00Z,2026-05-19,780.22,985.65,0.00,780.22,0.00,985.65,35.00
STM-CR-00106-202605,ACC-CR-00106,2026-04-25,2026-05-24,2026-05-25T13:00:00Z,2026-06-18,985.65,289.94,0.00,985.65,0.00,289.94,35.00
STM-CR-00106-202606,ACC-CR-00106,2026-05-25,2026-06-24,2026-06-25T13:00:00Z,2026-07-19,289.94,419.88,0.00,289.94,0.00,419.88,35.00
STM-CR-00106-202607,ACC-CR-00106,2026-06-25,2026-07-24,2026-07-25T13:00:00Z,2026-08-18,419.88,351.22,0.00,419.88,0.00,351.22,35.00
STM-CR-00106-202608,ACC-CR-00106,2026-07-25,2026-08-24,2026-08-25T13:00:00Z,2026-09-18,351.22,394.26,0.00,351.22,0.00,394.26,35.00
STM-CR-00106-202609,ACC-CR-00106,2026-08-25,2026-09-24,2026-09-25T13:00:00Z,2026-10-19,394.26,354.82,0.00,394.26,0.00,354.82,35.00
STM-CR-00107-202509,ACC-CR-00107,2025-08-31,2025-09-13,2025-09-14T13:00:00Z,2025-10-08,0.00,0.00,0.00,0.00,0.00,0.00,0.00
STM-CR-00107-202510,ACC-CR-00107,2025-09-14,2025-10-13,2025-10-14T13:00:00Z,2025-11-07,0.00,52.37,0.00,0.00,0.00,52.37,35.00
STM-CR-00107-202511,ACC-CR-00107,2025-10-14,2025-11-13,2025-11-14T14:00:00Z,2025-12-08,52.37,388.20,0.00,52.37,0.00,388.20,35.00
STM-CR-00107-202512,ACC-CR-00107,2025-11-14,2025-12-13,2025-12-14T14:00:00Z,2026-01-07,388.20,260.66,0.00,388.20,0.00,260.66,35.00
STM-CR-00107-202601,ACC-CR-00107,2025-12-14,2026-01-13,2026-01-14T14:00:00Z,2026-02-07,260.66,372.93,0.00,260.66,0.00,372.93,35.00
STM-CR-00107-202602,ACC-CR-00107,2026-01-14,2026-02-13,2026-02-14T14:00:00Z,2026-03-10,372.93,369.56,0.00,372.93,0.00,369.56,35.00
STM-CR-00107-202603,ACC-CR-00107,2026-02-14,2026-03-13,2026-03-14T13:00:00Z,2026-04-07,369.56,359.30,0.00,369.56,0.00,359.30,35.00
STM-CR-00107-202604,ACC-CR-00107,2026-03-14,2026-04-13,2026-04-14T13:00:00Z,2026-05-08,359.30,302.11,0.00,359.30,0.00,302.11,35.00
STM-CR-00107-202605,ACC-CR-00107,2026-04-14,2026-05-13,2026-05-14T13:00:00Z,2026-06-07,302.11,314.85,0.00,302.11,0.00,314.85,35.00
STM-CR-00107-202606,ACC-CR-00107,2026-05-14,2026-06-13,2026-06-14T13:00:00Z,2026-07-08,314.85,372.58,0.00,314.85,0.00,372.58,35.00
STM-CR-00107-202607,ACC-CR-00107,2026-06-14,2026-07-13,2026-07-14T13:00:00Z,2026-08-07,372.58,915.35,0.00,372.58,0.00,915.35,35.00
STM-CR-00107-202608,ACC-CR-00107,2026-07-14,2026-08-13,2026-08-14T13:00:00Z,2026-09-07,915.35,728.87,0.00,915.35,0.00,728.87,35.00
STM-CR-00107-202609,ACC-CR-00107,2026-08-14,2026-09-13,2026-09-14T13:00:00Z,2026-10-08,728.87,301.95,0.00,728.87,0.00,301.95,35.00
STM-CR-00107-202610,ACC-CR-00107,2026-09-14,2026-10-13,2026-10-14T13:00:00Z,2026-11-07,301.95,464.67,0.00,301.95,0.00,464.67,35.00
STM-CR-00108-202509,ACC-CR-00108,2025-08-31,2025-09-22,2025-09-23T13:00:00Z,2025-10-17,0.00,0.00,0.00,0.00,0.00,0.00,0.00
STM-CR-00108-202510,ACC-CR-00108,2025-09-23,2025-10-22,2025-10-23T13:00:00Z,2025-11-16,0.00,436.43,0.00,0.00,0.00,436.43,35.00
STM-CR-00108-202511,ACC-CR-00108,2025-10-23,2025-11-22,2025-11-23T14:00:00Z,2025-12-17,436.43,212.54,212.94,436.43,0.00,-0.40,0.00
STM-CR-00108-202512,ACC-CR-00108,2025-11-23,2025-12-22,2025-12-23T14:00:00Z,2026-01-16,-0.40,232.43,0.00,0.00,0.00,232.03,35.00
STM-CR-00108-202601,ACC-CR-00108,2025-12-23,2026-01-22,2026-01-23T14:00:00Z,2026-02-16,232.03,400.66,0.00,232.03,0.00,400.66,35.00
STM-CR-00108-202602,ACC-CR-00108,2026-01-23,2026-02-22,2026-02-23T14:00:00Z,2026-03-19,400.66,97.10,0.00,400.66,0.00,97.10,35.00
STM-CR-00108-202603,ACC-CR-00108,2026-02-23,2026-03-22,2026-03-23T13:00:00Z,2026-04-16,97.10,286.26,0.00,97.10,0.00,286.26,35.00
STM-CR-00108-202604,ACC-CR-00108,2026-03-23,2026-04-22,2026-04-23T13:00:00Z,2026-05-17,286.26,346.12,0.00,286.26,0.00,346.12,35.00
STM-CR-00108-202605,ACC-CR-00108,2026-04-23,2026-05-22,2026-05-23T13:00:00Z,2026-06-16,346.12,326.05,0.00,346.12,0.00,326.05,35.00
STM-CR-00108-202606,ACC-CR-00108,2026-05-23,2026-06-22,2026-06-23T13:00:00Z,2026-07-17,326.05,127.79,0.00,326.05,0.00,127.79,35.00
STM-CR-00108-202607,ACC-CR-00108,2026-06-23,2026-07-22,2026-07-23T13:00:00Z,2026-08-16,127.79,198.75,0.00,127.79,0.00,198.75,35.00
STM-CR-00108-202608,ACC-CR-00108,2026-07-23,2026-08-22,2026-08-23T13:00:00Z,2026-09-16,198.75,274.99,0.00,198.75,0.00,274.99,35.00
STM-CR-00108-202609,ACC-CR-00108,2026-08-23,2026-09-22,2026-09-23T13:00:00Z,2026-10-17,274.99,338.95,0.00,274.99,0.00,338.95,35.00
STM-CR-00109-202509,ACC-CR-00109,2025-08-31,2025-09-23,2025-09-24T13:00:00Z,2025-10-18,0.00,0.00,0.00,0.00,0.00,0.00,0.00
STM-CR-00109-202510,ACC-CR-00109,2025-09-24,2025-10-23,2025-10-24T13:00:00Z,2025-11-17,0.00,155.14,0.00,0.00,0.00,155.14,35.00
STM-CR-00109-202511,ACC-CR-00109,2025-10-24,2025-11-23,2025-11-24T14:00:00Z,2025-12-18,155.14,316.46,0.00,62.06,0.00,409.54,35.00
STM-CR-00109-202512,ACC-CR-00109,2025-11-24,2025-12-23,2025-12-24T14:00:00Z,2026-01-17,409.54,367.07,0.00,163.82,0.00,612.79,35.00
STM-CR-00109-202601,ACC-CR-00109,2025-12-24,2026-01-23,2026-01-24T14:00:00Z,2026-02-17,612.79,400.08,0.00,245.12,0.00,767.75,35.00
STM-CR-00109-202602,ACC-CR-00109,2026-01-24,2026-02-23,2026-02-24T14:00:00Z,2026-03-20,767.75,162.18,0.00,307.10,0.00,622.83,35.00
STM-CR-00109-202603,ACC-CR-00109,2026-02-24,2026-03-23,2026-03-24T13:00:00Z,2026-04-17,622.83,237.64,0.00,249.13,0.00,611.34,35.00
STM-CR-00109-202604,ACC-CR-00109,2026-03-24,2026-04-23,2026-04-24T13:00:00Z,2026-05-18,611.34,494.62,0.00,244.54,0.00,861.42,35.00
STM-CR-00109-202605,ACC-CR-00109,2026-04-24,2026-05-23,2026-05-24T13:00:00Z,2026-06-17,861.42,385.77,0.00,344.57,0.00,902.62,35.00
STM-CR-00109-202606,ACC-CR-00109,2026-05-24,2026-06-23,2026-06-24T13:00:00Z,2026-07-18,902.62,263.27,0.00,361.05,0.00,804.84,35.00
STM-CR-00109-202607,ACC-CR-00109,2026-06-24,2026-07-23,2026-07-24T13:00:00Z,2026-08-17,804.84,343.12,0.00,321.94,0.00,826.02,35.00
STM-CR-00109-202608,ACC-CR-00109,2026-07-24,2026-08-23,2026-08-24T13:00:00Z,2026-09-17,826.02,316.67,0.00,330.41,0.00,812.28,35.00
STM-CR-00109-202609,ACC-CR-00109,2026-08-24,2026-09-23,2026-09-24T13:00:00Z,2026-10-18,812.28,535.85,0.00,324.91,0.00,1023.22,35.00
STM-CR-00110-202509,ACC-CR-00110,2025-08-31,2025-09-21,2025-09-22T13:00:00Z,2025-10-16,0.00,0.00,0.00,0.00,0.00,0.00,0.00
STM-CR-00110-202510,ACC-CR-00110,2025-09-22,2025-10-21,2025-10-22T13:00:00Z,2025-11-15,0.00,262.76,0.00,0.00,0.00,262.76,35.00
STM-CR-00110-202511,ACC-CR-00110,2025-10-22,2025-11-21,2025-11-22T14:00:00Z,2025-12-16,262.76,129.46,0.00,105.10,0.00,287.12,35.00
STM-CR-00110-202512,ACC-CR-00110,2025-11-22,2025-12-21,2025-12-22T14:00:00Z,2026-01-15,287.12,243.75,0.00,114.85,0.00,416.02,35.00
STM-CR-00110-202601,ACC-CR-00110,2025-12-22,2026-01-21,2026-01-22T14:00:00Z,2026-02-15,416.02,236.07,0.00,166.41,0.00,485.68,35.00
STM-CR-00110-202602,ACC-CR-00110,2026-01-22,2026-02-21,2026-02-22T14:00:00Z,2026-03-18,485.68,315.66,0.00,194.27,0.00,607.07,35.00
STM-CR-00110-202603,ACC-CR-00110,2026-02-22,2026-03-21,2026-03-22T13:00:00Z,2026-04-15,607.07,994.91,0.00,242.83,0.00,1359.15,35.00
STM-CR-00110-202604,ACC-CR-00110,2026-03-22,2026-04-21,2026-04-22T13:00:00Z,2026-05-16,1359.15,121.90,0.00,543.66,0.00,937.39,35.00
STM-CR-00110-202605,ACC-CR-00110,2026-04-22,2026-05-21,2026-05-22T13:00:00Z,2026-06-15,937.39,373.51,0.00,374.96,0.00,935.94,35.00
STM-CR-00110-202606,ACC-CR-00110,2026-05-22,2026-06-21,2026-06-22T13:00:00Z,2026-07-16,935.94,176.37,0.00,374.38,0.00,737.93,35.00
STM-CR-00110-202607,ACC-CR-00110,2026-06-22,2026-07-21,2026-07-22T13:00:00Z,2026-08-15,737.93,360.06,0.00,295.17,0.00,802.82,35.00
STM-CR-00110-202608,ACC-CR-00110,2026-07-22,2026-08-21,2026-08-22T13:00:00Z,2026-09-15,802.82,36.44,0.00,321.13,0.00,518.13,35.00
STM-CR-00110-202609,ACC-CR-00110,2026-08-22,2026-09-21,2026-09-22T13:00:00Z,2026-10-16,518.13,211.74,0.00,207.25,0.00,522.62,35.00
STM-CR-00111-202509,ACC-CR-00111,2025-08-31,2025-09-22,2025-09-23T13:00:00Z,2025-10-17,0.00,0.00,0.00,0.00,0.00,0.00,0.00
STM-CR-00111-202510,ACC-CR-00111,2025-09-23,2025-10-22,2025-10-23T13:00:00Z,2025-11-16,0.00,131.42,0.00,0.00,0.00,131.42,35.00
STM-CR-00111-202511,ACC-CR-00111,2025-10-23,2025-11-22,2025-11-23T14:00:00Z,2025-12-17,131.42,126.05,17.84,52.57,0.00,187.06,35.00
STM-CR-00111-202512,ACC-CR-00111,2025-11-23,2025-12-22,2025-12-23T14:00:00Z,2026-01-16,187.06,245.57,0.00,74.82,0.00,357.81,35.00
STM-CR-00111-202601,ACC-CR-00111,2025-12-23,2026-01-22,2026-01-23T14:00:00Z,2026-02-16,357.81,418.80,0.00,143.12,0.00,633.49,35.00
STM-CR-00111-202602,ACC-CR-00111,2026-01-23,2026-02-22,2026-02-23T14:00:00Z,2026-03-19,633.49,202.64,0.00,253.40,0.00,582.73,35.00
STM-CR-00111-202603,ACC-CR-00111,2026-02-23,2026-03-22,2026-03-23T13:00:00Z,2026-04-16,582.73,444.34,0.00,233.09,0.00,793.98,35.00
STM-CR-00111-202604,ACC-CR-00111,2026-03-23,2026-04-22,2026-04-23T13:00:00Z,2026-05-17,793.98,58.14,0.00,317.59,0.00,534.53,35.00
STM-CR-00111-202605,ACC-CR-00111,2026-04-23,2026-05-22,2026-05-23T13:00:00Z,2026-06-16,534.53,585.12,0.00,213.81,0.00,905.84,35.00
STM-CR-00111-202606,ACC-CR-00111,2026-05-23,2026-06-22,2026-06-23T13:00:00Z,2026-07-17,905.84,957.29,0.00,362.34,0.00,1500.79,35.00
STM-CR-00111-202607,ACC-CR-00111,2026-06-23,2026-07-22,2026-07-23T13:00:00Z,2026-08-16,1500.79,363.88,0.00,600.32,0.00,1264.35,35.00
STM-CR-00111-202608,ACC-CR-00111,2026-07-23,2026-08-22,2026-08-23T13:00:00Z,2026-09-16,1264.35,196.61,0.00,505.74,0.00,955.22,35.00
STM-CR-00111-202609,ACC-CR-00111,2026-08-23,2026-09-22,2026-09-23T13:00:00Z,2026-10-17,955.22,362.33,0.00,382.09,0.00,935.46,35.00
STM-CR-00112-202509,ACC-CR-00112,2025-08-31,2025-09-02,2025-09-03T13:00:00Z,2025-09-27,0.00,0.00,0.00,0.00,0.00,0.00,0.00
STM-CR-00112-202510,ACC-CR-00112,2025-09-03,2025-10-02,2025-10-03T13:00:00Z,2025-10-27,0.00,0.00,0.00,0.00,0.00,0.00,0.00
STM-CR-00112-202511,ACC-CR-00112,2025-10-03,2025-11-02,2025-11-03T14:00:00Z,2025-11-27,0.00,651.04,0.00,0.00,0.00,651.04,35.00
STM-CR-00112-202512,ACC-CR-00112,2025-11-03,2025-12-02,2025-12-03T14:00:00Z,2025-12-27,651.04,450.02,0.00,260.42,0.00,840.64,35.00
STM-CR-00112-202601,ACC-CR-00112,2025-12-03,2026-01-02,2026-01-03T14:00:00Z,2026-01-27,840.64,441.59,0.00,336.26,0.00,945.97,35.00
STM-CR-00112-202602,ACC-CR-00112,2026-01-03,2026-02-02,2026-02-03T14:00:00Z,2026-02-27,945.97,1342.76,0.00,378.39,0.00,1910.34,38.21
STM-CR-00112-202603,ACC-CR-00112,2026-02-03,2026-03-02,2026-03-03T14:00:00Z,2026-03-27,1910.34,1343.72,0.00,764.14,0.00,2489.92,49.80
STM-CR-00112-202604,ACC-CR-00112,2026-03-03,2026-04-02,2026-04-03T13:00:00Z,2026-04-27,2489.92,166.61,0.00,995.97,0.00,1660.56,35.00
STM-CR-00112-202605,ACC-CR-00112,2026-04-03,2026-05-02,2026-05-03T13:00:00Z,2026-05-27,1660.56,732.69,0.00,664.22,0.00,1729.03,35.00
STM-CR-00112-202606,ACC-CR-00112,2026-05-03,2026-06-02,2026-06-03T13:00:00Z,2026-06-27,1729.03,435.24,0.00,691.61,0.00,1472.66,35.00
STM-CR-00112-202607,ACC-CR-00112,2026-06-03,2026-07-02,2026-07-03T13:00:00Z,2026-07-27,1472.66,482.91,0.00,589.06,0.00,1366.51,35.00
STM-CR-00112-202608,ACC-CR-00112,2026-07-03,2026-08-02,2026-08-03T13:00:00Z,2026-08-27,1366.51,187.19,0.00,546.60,0.00,1007.10,35.00
STM-CR-00112-202609,ACC-CR-00112,2026-08-03,2026-09-02,2026-09-03T13:00:00Z,2026-09-27,1007.10,403.72,0.00,402.84,0.00,1007.98,35.00
STM-CR-00112-202610,ACC-CR-00112,2026-09-03,2026-10-02,2026-10-03T13:00:00Z,2026-10-27,1007.98,476.57,0.00,403.19,0.00,1081.36,35.00
STM-CR-00113-202509,ACC-CR-00113,2025-08-31,2025-09-21,2025-09-22T13:00:00Z,2025-10-16,0.00,0.00,0.00,0.00,0.00,0.00,0.00
STM-CR-00113-202510,ACC-CR-00113,2025-09-22,2025-10-21,2025-10-22T13:00:00Z,2025-11-15,0.00,110.36,0.00,0.00,0.00,110.36,35.00
STM-CR-00113-202511,ACC-CR-00113,2025-10-22,2025-11-21,2025-11-22T14:00:00Z,2025-12-16,110.36,443.48,0.00,44.14,0.00,509.70,35.00
STM-CR-00113-202512,ACC-CR-00113,2025-11-22,2025-12-21,2025-12-22T14:00:00Z,2026-01-15,509.70,187.86,0.00,203.88,0.00,493.68,35.00
STM-CR-00113-202601,ACC-CR-00113,2025-12-22,2026-01-21,2026-01-22T14:00:00Z,2026-02-15,493.68,324.77,0.00,197.47,0.00,620.98,35.00
STM-CR-00113-202602,ACC-CR-00113,2026-01-22,2026-02-21,2026-02-22T14:00:00Z,2026-03-18,620.98,320.73,0.00,248.39,0.00,693.32,35.00
STM-CR-00113-202603,ACC-CR-00113,2026-02-22,2026-03-21,2026-03-22T13:00:00Z,2026-04-15,693.32,378.97,0.00,277.33,0.00,794.96,35.00
STM-CR-00113-202604,ACC-CR-00113,2026-03-22,2026-04-21,2026-04-22T13:00:00Z,2026-05-16,794.96,294.11,0.00,317.98,0.00,771.09,35.00
STM-CR-00113-202605,ACC-CR-00113,2026-04-22,2026-05-21,2026-05-22T13:00:00Z,2026-06-15,771.09,350.07,0.00,308.44,0.00,812.72,35.00
STM-CR-00113-202606,ACC-CR-00113,2026-05-22,2026-06-21,2026-06-22T13:00:00Z,2026-07-16,812.72,264.09,0.00,325.09,0.00,751.72,35.00
STM-CR-00113-202607,ACC-CR-00113,2026-06-22,2026-07-21,2026-07-22T13:00:00Z,2026-08-15,751.72,201.65,0.00,300.69,0.00,652.68,35.00
STM-CR-00113-202608,ACC-CR-00113,2026-07-22,2026-08-21,2026-08-22T13:00:00Z,2026-09-15,652.68,207.75,0.00,261.07,0.00,599.36,35.00
STM-CR-00113-202609,ACC-CR-00113,2026-08-22,2026-09-21,2026-09-22T13:00:00Z,2026-10-16,599.36,652.85,0.00,239.74,0.00,1012.47,35.00
STM-CR-00114-202509,ACC-CR-00114,2025-08-31,2025-09-16,2025-09-17T13:00:00Z,2025-10-11,0.00,0.00,0.00,0.00,0.00,0.00,0.00
STM-CR-00114-202510,ACC-CR-00114,2025-09-17,2025-10-16,2025-10-17T13:00:00Z,2025-11-10,0.00,136.07,0.00,0.00,0.00,136.07,35.00
STM-CR-00114-202511,ACC-CR-00114,2025-10-17,2025-11-16,2025-11-17T14:00:00Z,2025-12-11,136.07,398.33,0.00,54.43,0.00,479.97,35.00
STM-CR-00114-202512,ACC-CR-00114,2025-11-17,2025-12-16,2025-12-17T14:00:00Z,2026-01-10,479.97,418.91,0.00,191.99,0.00,706.89,35.00
STM-CR-00114-202601,ACC-CR-00114,2025-12-17,2026-01-16,2026-01-17T14:00:00Z,2026-02-10,706.89,51.56,0.00,282.76,0.00,475.69,35.00
STM-CR-00114-202602,ACC-CR-00114,2026-01-17,2026-02-16,2026-02-17T14:00:00Z,2026-03-13,475.69,346.66,0.00,190.28,0.00,632.07,35.00
STM-CR-00114-202603,ACC-CR-00114,2026-02-17,2026-03-16,2026-03-17T13:00:00Z,2026-04-10,632.07,163.32,0.00,252.83,0.00,542.56,35.00
STM-CR-00114-202604,ACC-CR-00114,2026-03-17,2026-04-16,2026-04-17T13:00:00Z,2026-05-11,542.56,358.88,0.00,217.02,0.00,684.42,35.00
STM-CR-00114-202605,ACC-CR-00114,2026-04-17,2026-05-16,2026-05-17T13:00:00Z,2026-06-10,684.42,265.57,0.00,273.77,0.00,676.22,35.00
STM-CR-00114-202606,ACC-CR-00114,2026-05-17,2026-06-16,2026-06-17T13:00:00Z,2026-07-11,676.22,154.63,0.00,270.49,0.00,560.36,35.00
STM-CR-00114-202607,ACC-CR-00114,2026-06-17,2026-07-16,2026-07-17T13:00:00Z,2026-08-10,560.36,317.22,0.00,224.14,0.00,653.44,35.00
STM-CR-00114-202608,ACC-CR-00114,2026-07-17,2026-08-16,2026-08-17T13:00:00Z,2026-09-10,653.44,193.01,0.00,261.38,0.00,585.07,35.00
STM-CR-00114-202609,ACC-CR-00114,2026-08-17,2026-09-16,2026-09-17T13:00:00Z,2026-10-11,585.07,231.09,0.00,234.03,0.00,582.13,35.00
STM-CR-00114-202610,ACC-CR-00114,2026-09-17,2026-10-16,2026-10-17T13:00:00Z,2026-11-10,582.13,239.45,0.00,232.85,0.00,588.73,35.00
STM-CR-00115-202509,ACC-CR-00115,2025-08-31,2025-09-03,2025-09-04T13:00:00Z,2025-09-28,0.00,0.00,0.00,0.00,0.00,0.00,0.00
STM-CR-00115-202510,ACC-CR-00115,2025-09-04,2025-10-03,2025-10-04T13:00:00Z,2025-10-28,0.00,0.00,0.00,0.00,0.00,0.00,0.00
STM-CR-00115-202511,ACC-CR-00115,2025-10-04,2025-11-03,2025-11-04T14:00:00Z,2025-11-28,0.00,273.56,0.00,0.00,0.00,273.56,35.00
STM-CR-00115-202512,ACC-CR-00115,2025-11-04,2025-12-03,2025-12-04T14:00:00Z,2025-12-28,273.56,132.48,0.00,273.56,0.00,132.48,35.00
STM-CR-00115-202601,ACC-CR-00115,2025-12-04,2026-01-03,2026-01-04T14:00:00Z,2026-01-28,132.48,263.11,0.00,132.48,0.00,263.11,35.00
STM-CR-00115-202602,ACC-CR-00115,2026-01-04,2026-02-03,2026-02-04T14:00:00Z,2026-02-28,263.11,384.71,0.00,263.11,0.00,384.71,35.00
STM-CR-00115-202603,ACC-CR-00115,2026-02-04,2026-03-03,2026-03-04T14:00:00Z,2026-03-28,384.71,236.41,0.00,384.71,0.00,236.41,35.00
STM-CR-00115-202604,ACC-CR-00115,2026-03-04,2026-04-03,2026-04-04T13:00:00Z,2026-04-28,236.41,257.97,0.00,236.41,0.00,257.97,35.00
STM-CR-00115-202605,ACC-CR-00115,2026-04-04,2026-05-03,2026-05-04T13:00:00Z,2026-05-28,257.97,591.28,0.00,257.97,0.00,591.28,35.00
STM-CR-00115-202606,ACC-CR-00115,2026-05-04,2026-06-03,2026-06-04T13:00:00Z,2026-06-28,591.28,377.11,0.00,591.28,0.00,377.11,35.00
STM-CR-00115-202607,ACC-CR-00115,2026-06-04,2026-07-03,2026-07-04T13:00:00Z,2026-07-28,377.11,457.08,0.00,377.11,0.00,457.08,35.00
STM-CR-00115-202608,ACC-CR-00115,2026-07-04,2026-08-03,2026-08-04T13:00:00Z,2026-08-28,457.08,467.36,0.00,457.08,0.00,467.36,35.00
STM-CR-00115-202609,ACC-CR-00115,2026-08-04,2026-09-03,2026-09-04T13:00:00Z,2026-09-28,467.36,286.19,0.00,467.36,0.00,286.19,35.00
STM-CR-00115-202610,ACC-CR-00115,2026-09-04,2026-10-03,2026-10-04T13:00:00Z,2026-10-28,286.19,213.03,0.00,286.19,0.00,213.03,35.00
STM-CR-00116-202509,ACC-CR-00116,2025-08-31,2025-09-11,2025-09-12T13:00:00Z,2025-10-06,0.00,0.00,0.00,0.00,0.00,0.00,0.00
STM-CR-00116-202510,ACC-CR-00116,2025-09-12,2025-10-11,2025-10-12T13:00:00Z,2025-11-05,0.00,65.00,0.00,0.00,0.00,65.00,35.00
STM-CR-00116-202511,ACC-CR-00116,2025-10-12,2025-11-11,2025-11-12T14:00:00Z,2025-12-06,65.00,300.55,0.00,26.00,0.00,339.55,35.00
STM-CR-00116-202512,ACC-CR-00116,2025-11-12,2025-12-11,2025-12-12T14:00:00Z,2026-01-05,339.55,132.99,0.00,135.82,0.00,336.72,35.00
STM-CR-00116-202601,ACC-CR-00116,2025-12-12,2026-01-11,2026-01-12T14:00:00Z,2026-02-05,336.72,232.38,0.00,134.69,0.00,434.41,35.00
STM-CR-00116-202602,ACC-CR-00116,2026-01-12,2026-02-11,2026-02-12T14:00:00Z,2026-03-08,434.41,342.29,0.00,173.76,0.00,602.94,35.00
STM-CR-00116-202603,ACC-CR-00116,2026-02-12,2026-03-11,2026-03-12T13:00:00Z,2026-04-05,602.94,108.02,0.00,241.18,0.00,469.78,35.00
STM-CR-00116-202604,ACC-CR-00116,2026-03-12,2026-04-11,2026-04-12T13:00:00Z,2026-05-06,469.78,450.32,0.00,187.91,0.00,732.19,35.00
STM-CR-00116-202605,ACC-CR-00116,2026-04-12,2026-05-11,2026-05-12T13:00:00Z,2026-06-05,732.19,278.13,0.00,292.88,0.00,717.44,35.00
STM-CR-00116-202606,ACC-CR-00116,2026-05-12,2026-06-11,2026-06-12T13:00:00Z,2026-07-06,717.44,379.11,0.00,286.98,0.00,809.57,35.00
STM-CR-00116-202607,ACC-CR-00116,2026-06-12,2026-07-11,2026-07-12T13:00:00Z,2026-08-05,809.57,370.63,0.00,323.83,0.00,856.37,35.00
STM-CR-00116-202608,ACC-CR-00116,2026-07-12,2026-08-11,2026-08-12T13:00:00Z,2026-09-05,856.37,292.09,0.00,342.55,0.00,805.91,35.00
STM-CR-00116-202609,ACC-CR-00116,2026-08-12,2026-09-11,2026-09-12T13:00:00Z,2026-10-06,805.91,172.40,0.00,322.36,0.00,655.95,35.00
STM-CR-00116-202610,ACC-CR-00116,2026-09-12,2026-10-11,2026-10-12T13:00:00Z,2026-11-05,655.95,200.13,0.00,262.38,0.00,593.70,35.00
STM-CR-00117-202509,ACC-CR-00117,2025-08-31,2025-09-13,2025-09-14T13:00:00Z,2025-10-08,0.00,0.00,0.00,0.00,0.00,0.00,0.00
STM-CR-00117-202510,ACC-CR-00117,2025-09-14,2025-10-13,2025-10-14T13:00:00Z,2025-11-07,0.00,15.93,0.00,0.00,0.00,15.93,35.00
STM-CR-00117-202511,ACC-CR-00117,2025-10-14,2025-11-13,2025-11-14T14:00:00Z,2025-12-08,15.93,591.69,0.00,6.37,0.00,601.25,35.00
STM-CR-00117-202512,ACC-CR-00117,2025-11-14,2025-12-13,2025-12-14T14:00:00Z,2026-01-07,601.25,816.52,0.00,240.50,0.00,1177.27,35.00
STM-CR-00117-202601,ACC-CR-00117,2025-12-14,2026-01-13,2026-01-14T14:00:00Z,2026-02-07,1177.27,146.99,0.00,470.91,0.00,853.35,35.00
STM-CR-00117-202602,ACC-CR-00117,2026-01-14,2026-02-13,2026-02-14T14:00:00Z,2026-03-10,853.35,534.33,0.00,341.34,0.00,1046.34,35.00
STM-CR-00117-202603,ACC-CR-00117,2026-02-14,2026-03-13,2026-03-14T13:00:00Z,2026-04-07,1046.34,518.19,0.00,418.54,0.00,1145.99,35.00
STM-CR-00117-202604,ACC-CR-00117,2026-03-14,2026-04-13,2026-04-14T13:00:00Z,2026-05-08,1145.99,362.11,0.00,458.40,0.00,1049.70,35.00
STM-CR-00117-202605,ACC-CR-00117,2026-04-14,2026-05-13,2026-05-14T13:00:00Z,2026-06-07,1049.70,394.79,0.00,419.88,0.00,1024.61,35.00
STM-CR-00117-202606,ACC-CR-00117,2026-05-14,2026-06-13,2026-06-14T13:00:00Z,2026-07-08,1024.61,269.02,0.00,409.84,0.00,883.79,35.00
STM-CR-00117-202607,ACC-CR-00117,2026-06-14,2026-07-13,2026-07-14T13:00:00Z,2026-08-07,883.79,255.97,0.00,353.52,0.00,786.24,35.00
STM-CR-00117-202608,ACC-CR-00117,2026-07-14,2026-08-13,2026-08-14T13:00:00Z,2026-09-07,786.24,244.47,0.00,314.50,0.00,716.21,35.00
STM-CR-00117-202609,ACC-CR-00117,2026-08-14,2026-09-13,2026-09-14T13:00:00Z,2026-10-08,716.21,465.54,0.00,286.48,0.00,895.27,35.00
STM-CR-00117-202610,ACC-CR-00117,2026-09-14,2026-10-13,2026-10-14T13:00:00Z,2026-11-07,895.27,533.09,0.00,358.11,0.00,1070.25,35.00
STM-CR-00118-202509,ACC-CR-00118,2025-08-31,2025-09-04,2025-09-05T13:00:00Z,2025-09-29,0.00,0.00,0.00,0.00,0.00,0.00,0.00
STM-CR-00118-202510,ACC-CR-00118,2025-09-05,2025-10-04,2025-10-05T13:00:00Z,2025-10-29,0.00,0.00,0.00,0.00,0.00,0.00,0.00
STM-CR-00118-202511,ACC-CR-00118,2025-10-05,2025-11-04,2025-11-05T14:00:00Z,2025-11-29,0.00,350.12,0.00,0.00,0.00,350.12,35.00
STM-CR-00118-202512,ACC-CR-00118,2025-11-05,2025-12-04,2025-12-05T14:00:00Z,2025-12-29,350.12,322.67,0.00,140.05,0.00,532.74,35.00
STM-CR-00118-202601,ACC-CR-00118,2025-12-05,2026-01-04,2026-01-05T14:00:00Z,2026-01-29,532.74,1491.44,0.00,213.10,0.00,1811.08,36.22
STM-CR-00118-202602,ACC-CR-00118,2026-01-05,2026-02-04,2026-02-05T14:00:00Z,2026-03-01,1811.08,166.78,0.00,724.43,0.00,1253.43,35.00
STM-CR-00118-202603,ACC-CR-00118,2026-02-05,2026-03-04,2026-03-05T14:00:00Z,2026-03-29,1253.43,375.11,0.00,501.37,0.00,1127.17,35.00
STM-CR-00118-202604,ACC-CR-00118,2026-03-05,2026-04-04,2026-04-05T13:00:00Z,2026-04-29,1127.17,217.34,0.00,450.87,0.00,893.64,35.00
STM-CR-00118-202605,ACC-CR-00118,2026-04-05,2026-05-04,2026-05-05T13:00:00Z,2026-05-29,893.64,180.78,0.00,357.46,0.00,716.96,35.00
STM-CR-00118-202606,ACC-CR-00118,2026-05-05,2026-06-04,2026-06-05T13:00:00Z,2026-06-29,716.96,1485.92,0.00,286.78,0.00,1916.10,38.32
STM-CR-00118-202607,ACC-CR-00118,2026-06-05,2026-07-04,2026-07-05T13:00:00Z,2026-07-29,1916.10,394.37,0.00,766.44,0.00,1544.03,35.00
STM-CR-00118-202608,ACC-CR-00118,2026-07-05,2026-08-04,2026-08-05T13:00:00Z,2026-08-29,1544.03,184.85,0.00,617.61,0.00,1111.27,35.00
STM-CR-00118-202609,ACC-CR-00118,2026-08-05,2026-09-04,2026-09-05T13:00:00Z,2026-09-29,1111.27,386.43,0.00,444.51,0.00,1053.19,35.00
STM-CR-00118-202610,ACC-CR-00118,2026-09-05,2026-10-04,2026-10-05T13:00:00Z,2026-10-29,1053.19,394.55,0.00,421.28,0.00,1026.46,35.00
STM-CR-00119-202509,ACC-CR-00119,2025-08-31,2025-09-19,2025-09-20T13:00:00Z,2025-10-14,0.00,0.00,0.00,0.00,0.00,0.00,0.00
STM-CR-00119-202510,ACC-CR-00119,2025-09-20,2025-10-19,2025-10-20T13:00:00Z,2025-11-13,0.00,457.38,0.00,0.00,0.00,457.38,35.00
STM-CR-00119-202511,ACC-CR-00119,2025-10-20,2025-11-19,2025-11-20T14:00:00Z,2025-12-14,457.38,356.19,0.00,182.95,0.00,630.62,35.00
STM-CR-00119-202512,ACC-CR-00119,2025-11-20,2025-12-19,2025-12-20T14:00:00Z,2026-01-13,630.62,380.38,0.00,252.25,0.00,758.75,35.00
STM-CR-00119-202601,ACC-CR-00119,2025-12-20,2026-01-19,2026-01-20T14:00:00Z,2026-02-13,758.75,726.46,0.00,303.50,0.00,1181.71,35.00
STM-CR-00119-202602,ACC-CR-00119,2026-01-20,2026-02-19,2026-02-20T14:00:00Z,2026-03-16,1181.71,575.96,71.20,472.68,0.00,1213.79,35.00
STM-CR-00119-202603,ACC-CR-00119,2026-02-20,2026-03-19,2026-03-20T13:00:00Z,2026-04-13,1213.79,409.26,0.00,485.52,0.00,1137.53,35.00
STM-CR-00119-202604,ACC-CR-00119,2026-03-20,2026-04-19,2026-04-20T13:00:00Z,2026-05-14,1137.53,999.84,0.00,455.01,0.00,1682.36,35.00
STM-CR-00119-202605,ACC-CR-00119,2026-04-20,2026-05-19,2026-05-20T13:00:00Z,2026-06-13,1682.36,256.58,0.00,672.94,0.00,1266.00,35.00
STM-CR-00119-202606,ACC-CR-00119,2026-05-20,2026-06-19,2026-06-20T13:00:00Z,2026-07-14,1266.00,465.89,0.00,506.40,0.00,1225.49,35.00
STM-CR-00119-202607,ACC-CR-00119,2026-06-20,2026-07-19,2026-07-20T13:00:00Z,2026-08-13,1225.49,383.11,0.00,490.20,0.00,1118.40,35.00
STM-CR-00119-202608,ACC-CR-00119,2026-07-20,2026-08-19,2026-08-20T13:00:00Z,2026-09-13,1118.40,36.79,0.00,447.36,0.00,707.83,35.00
STM-CR-00119-202609,ACC-CR-00119,2026-08-20,2026-09-19,2026-09-20T13:00:00Z,2026-10-14,707.83,213.72,0.00,283.13,0.00,638.42,35.00
STM-CR-00119-202610,ACC-CR-00119,2026-09-20,2026-10-19,2026-10-20T13:00:00Z,2026-11-13,638.42,210.01,0.00,255.37,0.00,593.06,35.00
STM-CR-00120-202509,ACC-CR-00120,2025-08-31,2025-09-03,2025-09-04T13:00:00Z,2025-09-28,0.00,0.00,0.00,0.00,0.00,0.00,0.00
STM-CR-00120-202510,ACC-CR-00120,2025-09-04,2025-10-03,2025-10-04T13:00:00Z,2025-10-28,0.00,0.00,0.00,0.00,0.00,0.00,0.00
STM-CR-00120-202511,ACC-CR-00120,2025-10-04,2025-11-03,2025-11-04T14:00:00Z,2025-11-28,0.00,73.90,0.00,0.00,0.00,73.90,35.00
STM-CR-00120-202512,ACC-CR-00120,2025-11-04,2025-12-03,2025-12-04T14:00:00Z,2025-12-28,73.90,128.15,0.00,29.56,0.00,172.49,35.00
STM-CR-00120-202601,ACC-CR-00120,2025-12-04,2026-01-03,2026-01-04T14:00:00Z,2026-01-28,172.49,212.84,0.00,69.00,0.00,316.33,35.00
STM-CR-00120-202602,ACC-CR-00120,2026-01-04,2026-02-03,2026-02-04T14:00:00Z,2026-02-28,316.33,74.85,0.00,126.53,0.00,264.65,35.00
STM-CR-00120-202603,ACC-CR-00120,2026-02-04,2026-03-03,2026-03-04T14:00:00Z,2026-03-28,264.65,522.75,109.36,105.86,0.00,572.18,35.00
STM-CR-00120-202604,ACC-CR-00120,2026-03-04,2026-04-03,2026-04-04T13:00:00Z,2026-04-28,572.18,192.25,0.00,228.87,0.00,535.56,35.00
STM-CR-00120-202605,ACC-CR-00120,2026-04-04,2026-05-03,2026-05-04T13:00:00Z,2026-05-28,535.56,214.04,0.00,214.22,0.00,535.38,35.00
STM-CR-00120-202606,ACC-CR-00120,2026-05-04,2026-06-03,2026-06-04T13:00:00Z,2026-06-28,535.38,193.81,0.00,214.15,0.00,515.04,35.00
STM-CR-00120-202607,ACC-CR-00120,2026-06-04,2026-07-03,2026-07-04T13:00:00Z,2026-07-28,515.04,117.94,0.00,206.02,0.00,426.96,35.00
STM-CR-00120-202608,ACC-CR-00120,2026-07-04,2026-08-03,2026-08-04T13:00:00Z,2026-08-28,426.96,76.67,0.00,170.78,0.00,332.85,35.00
STM-CR-00120-202609,ACC-CR-00120,2026-08-04,2026-09-03,2026-09-04T13:00:00Z,2026-09-28,332.85,254.06,0.00,133.14,0.00,453.77,35.00
STM-CR-00120-202610,ACC-CR-00120,2026-09-04,2026-10-03,2026-10-04T13:00:00Z,2026-10-28,453.77,206.71,0.00,181.51,0.00,478.97,35.00
STM-CR-00121-202509,ACC-CR-00121,2025-08-31,2025-09-10,2025-09-11T13:00:00Z,2025-10-05,0.00,0.00,0.00,0.00,0.00,0.00,0.00
STM-CR-00121-202510,ACC-CR-00121,2025-09-11,2025-10-10,2025-10-11T13:00:00Z,2025-11-04,0.00,303.26,0.00,0.00,0.00,303.26,35.00
STM-CR-00121-202511,ACC-CR-00121,2025-10-11,2025-11-10,2025-11-11T14:00:00Z,2025-12-05,303.26,403.87,0.00,303.26,0.00,403.87,35.00
STM-CR-00121-202512,ACC-CR-00121,2025-11-11,2025-12-10,2025-12-11T14:00:00Z,2026-01-04,403.87,557.18,0.00,403.87,0.00,557.18,35.00
STM-CR-00121-202601,ACC-CR-00121,2025-12-11,2026-01-10,2026-01-11T14:00:00Z,2026-02-04,557.18,313.39,0.00,557.18,0.00,313.39,35.00
STM-CR-00121-202602,ACC-CR-00121,2026-01-11,2026-02-10,2026-02-11T14:00:00Z,2026-03-07,313.39,375.70,0.00,313.39,0.00,375.70,35.00
STM-CR-00121-202603,ACC-CR-00121,2026-02-11,2026-03-10,2026-03-11T13:00:00Z,2026-04-04,375.70,625.59,0.00,375.70,0.00,625.59,35.00
STM-CR-00121-202604,ACC-CR-00121,2026-03-11,2026-04-10,2026-04-11T13:00:00Z,2026-05-05,625.59,326.08,0.00,625.59,0.00,326.08,35.00
STM-CR-00121-202605,ACC-CR-00121,2026-04-11,2026-05-10,2026-05-11T13:00:00Z,2026-06-04,326.08,422.66,0.00,326.08,0.00,422.66,35.00
STM-CR-00121-202606,ACC-CR-00121,2026-05-11,2026-06-10,2026-06-11T13:00:00Z,2026-07-05,422.66,300.31,0.00,422.66,0.00,300.31,35.00
STM-CR-00121-202607,ACC-CR-00121,2026-06-11,2026-07-10,2026-07-11T13:00:00Z,2026-08-04,300.31,362.52,0.00,300.31,0.00,362.52,35.00
STM-CR-00121-202608,ACC-CR-00121,2026-07-11,2026-08-10,2026-08-11T13:00:00Z,2026-09-04,362.52,392.62,0.00,362.52,0.00,392.62,35.00
STM-CR-00121-202609,ACC-CR-00121,2026-08-11,2026-09-10,2026-09-11T13:00:00Z,2026-10-05,392.62,346.00,0.00,392.62,0.00,346.00,35.00
STM-CR-00121-202610,ACC-CR-00121,2026-09-11,2026-10-10,2026-10-11T13:00:00Z,2026-11-04,346.00,328.41,0.00,346.00,0.00,328.41,35.00
STM-CR-00122-202509,ACC-CR-00122,2025-08-31,2025-09-17,2025-09-18T13:00:00Z,2025-10-12,0.00,0.00,0.00,0.00,0.00,0.00,0.00
STM-CR-00122-202510,ACC-CR-00122,2025-09-18,2025-10-17,2025-10-18T13:00:00Z,2025-11-11,0.00,352.14,0.00,0.00,0.00,352.14,35.00
STM-CR-00122-202511,ACC-CR-00122,2025-10-18,2025-11-17,2025-11-18T14:00:00Z,2025-12-12,352.14,319.07,0.00,352.14,0.00,319.07,35.00
STM-CR-00122-202512,ACC-CR-00122,2025-11-18,2025-12-17,2025-12-18T14:00:00Z,2026-01-11,319.07,626.41,0.00,319.07,0.00,626.41,35.00
STM-CR-00122-202601,ACC-CR-00122,2025-12-18,2026-01-17,2026-01-18T14:00:00Z,2026-02-11,626.41,463.59,0.00,626.41,0.00,463.59,35.00
STM-CR-00122-202602,ACC-CR-00122,2026-01-18,2026-02-17,2026-02-18T14:00:00Z,2026-03-14,463.59,562.94,0.00,463.59,0.00,562.94,35.00
STM-CR-00122-202603,ACC-CR-00122,2026-02-18,2026-03-17,2026-03-18T13:00:00Z,2026-04-11,562.94,388.76,0.00,562.94,0.00,388.76,35.00
STM-CR-00122-202604,ACC-CR-00122,2026-03-18,2026-04-17,2026-04-18T13:00:00Z,2026-05-12,388.76,440.68,0.00,388.76,0.00,440.68,35.00
STM-CR-00122-202605,ACC-CR-00122,2026-04-18,2026-05-17,2026-05-18T13:00:00Z,2026-06-11,440.68,153.69,0.00,440.68,0.00,153.69,35.00
STM-CR-00122-202606,ACC-CR-00122,2026-05-18,2026-06-17,2026-06-18T13:00:00Z,2026-07-12,153.69,696.37,0.00,153.69,0.00,696.37,35.00
STM-CR-00122-202607,ACC-CR-00122,2026-06-18,2026-07-17,2026-07-18T13:00:00Z,2026-08-11,696.37,732.34,0.00,696.37,0.00,732.34,35.00
STM-CR-00122-202608,ACC-CR-00122,2026-07-18,2026-08-17,2026-08-18T13:00:00Z,2026-09-11,732.34,389.17,0.00,732.34,0.00,389.17,35.00
STM-CR-00122-202609,ACC-CR-00122,2026-08-18,2026-09-17,2026-09-18T13:00:00Z,2026-10-12,389.17,658.54,0.00,389.17,0.00,658.54,35.00
STM-CR-00122-202610,ACC-CR-00122,2026-09-18,2026-10-17,2026-10-18T13:00:00Z,2026-11-11,658.54,513.90,0.00,658.54,0.00,513.90,35.00
STM-CR-00123-202509,ACC-CR-00123,2025-08-31,2025-09-17,2025-09-18T13:00:00Z,2025-10-12,0.00,0.00,0.00,0.00,0.00,0.00,0.00
STM-CR-00123-202510,ACC-CR-00123,2025-09-18,2025-10-17,2025-10-18T13:00:00Z,2025-11-11,0.00,279.67,0.00,0.00,0.00,279.67,35.00
STM-CR-00123-202511,ACC-CR-00123,2025-10-18,2025-11-17,2025-11-18T14:00:00Z,2025-12-12,279.67,196.10,0.00,279.67,0.00,196.10,35.00
STM-CR-00123-202512,ACC-CR-00123,2025-11-18,2025-12-17,2025-12-18T14:00:00Z,2026-01-11,196.10,451.35,0.00,196.10,0.00,451.35,35.00
STM-CR-00123-202601,ACC-CR-00123,2025-12-18,2026-01-17,2026-01-18T14:00:00Z,2026-02-11,451.35,191.62,0.00,451.35,0.00,191.62,35.00
STM-CR-00123-202602,ACC-CR-00123,2026-01-18,2026-02-17,2026-02-18T14:00:00Z,2026-03-14,191.62,172.05,0.00,191.62,0.00,172.05,35.00
STM-CR-00123-202603,ACC-CR-00123,2026-02-18,2026-03-17,2026-03-18T13:00:00Z,2026-04-11,172.05,200.55,0.00,172.05,0.00,200.55,35.00
STM-CR-00123-202604,ACC-CR-00123,2026-03-18,2026-04-17,2026-04-18T13:00:00Z,2026-05-12,200.55,267.84,0.00,200.55,0.00,267.84,35.00
STM-CR-00123-202605,ACC-CR-00123,2026-04-18,2026-05-17,2026-05-18T13:00:00Z,2026-06-11,267.84,231.07,0.00,267.84,0.00,231.07,35.00
STM-CR-00123-202606,ACC-CR-00123,2026-05-18,2026-06-17,2026-06-18T13:00:00Z,2026-07-12,231.07,566.65,0.00,231.07,0.00,566.65,35.00
STM-CR-00123-202607,ACC-CR-00123,2026-06-18,2026-07-17,2026-07-18T13:00:00Z,2026-08-11,566.65,310.07,0.00,566.65,0.00,310.07,35.00
STM-CR-00123-202608,ACC-CR-00123,2026-07-18,2026-08-17,2026-08-18T13:00:00Z,2026-09-11,310.07,366.28,0.00,310.07,0.00,366.28,35.00
STM-CR-00123-202609,ACC-CR-00123,2026-08-18,2026-09-17,2026-09-18T13:00:00Z,2026-10-12,366.28,270.36,108.02,366.28,0.00,162.34,35.00
STM-CR-00123-202610,ACC-CR-00123,2026-09-18,2026-10-17,2026-10-18T13:00:00Z,2026-11-11,162.34,362.68,0.00,162.34,0.00,362.68,35.00
STM-CR-00124-202509,ACC-CR-00124,2025-08-31,2025-09-26,2025-09-27T13:00:00Z,2025-10-21,0.00,0.00,0.00,0.00,0.00,0.00,0.00
STM-CR-00124-202510,ACC-CR-00124,2025-09-27,2025-10-26,2025-10-27T13:00:00Z,2025-11-20,0.00,464.02,0.00,0.00,0.00,464.02,35.00
STM-CR-00124-202511,ACC-CR-00124,2025-10-27,2025-11-26,2025-11-27T14:00:00Z,2025-12-21,464.02,198.18,0.00,185.61,0.00,476.59,35.00
STM-CR-00124-202512,ACC-CR-00124,2025-11-27,2025-12-26,2025-12-27T14:00:00Z,2026-01-20,476.59,31.83,0.00,190.64,0.00,317.78,35.00
STM-CR-00124-202601,ACC-CR-00124,2025-12-27,2026-01-26,2026-01-27T14:00:00Z,2026-02-20,317.78,78.40,0.00,127.11,0.00,269.07,35.00
STM-CR-00124-202602,ACC-CR-00124,2026-01-27,2026-02-26,2026-02-27T14:00:00Z,2026-03-23,269.07,278.71,0.00,107.63,0.00,440.15,35.00
STM-CR-00124-202603,ACC-CR-00124,2026-02-27,2026-03-26,2026-03-27T13:00:00Z,2026-04-20,440.15,237.97,0.00,176.06,0.00,502.06,35.00
STM-CR-00124-202604,ACC-CR-00124,2026-03-27,2026-04-26,2026-04-27T13:00:00Z,2026-05-21,502.06,347.70,0.00,200.82,0.00,648.94,35.00
STM-CR-00124-202605,ACC-CR-00124,2026-04-27,2026-05-26,2026-05-27T13:00:00Z,2026-06-20,648.94,583.76,0.00,259.58,0.00,973.12,35.00
STM-CR-00124-202606,ACC-CR-00124,2026-05-27,2026-06-26,2026-06-27T13:00:00Z,2026-07-21,973.12,132.49,0.00,389.25,0.00,716.36,35.00
STM-CR-00124-202607,ACC-CR-00124,2026-06-27,2026-07-26,2026-07-27T13:00:00Z,2026-08-20,716.36,156.79,0.00,286.54,0.00,586.61,35.00
STM-CR-00124-202608,ACC-CR-00124,2026-07-27,2026-08-26,2026-08-27T13:00:00Z,2026-09-20,586.61,257.80,0.00,234.64,0.00,609.77,35.00
STM-CR-00124-202609,ACC-CR-00124,2026-08-27,2026-09-26,2026-09-27T13:00:00Z,2026-10-21,609.77,281.29,0.00,243.91,0.00,647.15,35.00
STM-CR-00125-202509,ACC-CR-00125,2025-08-31,2025-09-17,2025-09-18T13:00:00Z,2025-10-12,0.00,0.00,0.00,0.00,0.00,0.00,0.00
STM-CR-00125-202510,ACC-CR-00125,2025-09-18,2025-10-17,2025-10-18T13:00:00Z,2025-11-11,0.00,254.13,0.00,0.00,0.00,254.13,35.00
STM-CR-00125-202511,ACC-CR-00125,2025-10-18,2025-11-17,2025-11-18T14:00:00Z,2025-12-12,254.13,380.21,0.00,101.65,0.00,532.69,35.00
STM-CR-00125-202512,ACC-CR-00125,2025-11-18,2025-12-17,2025-12-18T14:00:00Z,2026-01-11,532.69,240.37,0.00,213.08,0.00,559.98,35.00
STM-CR-00125-202601,ACC-CR-00125,2025-12-18,2026-01-17,2026-01-18T14:00:00Z,2026-02-11,559.98,599.99,0.00,223.99,0.00,935.98,35.00
STM-CR-00125-202602,ACC-CR-00125,2026-01-18,2026-02-17,2026-02-18T14:00:00Z,2026-03-14,935.98,480.49,0.00,374.39,0.00,1042.08,35.00
STM-CR-00125-202603,ACC-CR-00125,2026-02-18,2026-03-17,2026-03-18T13:00:00Z,2026-04-11,1042.08,670.48,0.00,416.83,0.00,1295.73,35.00
STM-CR-00125-202604,ACC-CR-00125,2026-03-18,2026-04-17,2026-04-18T13:00:00Z,2026-05-12,1295.73,410.38,0.00,518.29,0.00,1187.82,35.00
STM-CR-00125-202605,ACC-CR-00125,2026-04-18,2026-05-17,2026-05-18T13:00:00Z,2026-06-11,1187.82,500.49,0.00,475.13,0.00,1213.18,35.00
STM-CR-00125-202606,ACC-CR-00125,2026-05-18,2026-06-17,2026-06-18T13:00:00Z,2026-07-12,1213.18,283.92,0.00,485.27,0.00,1011.83,35.00
STM-CR-00125-202607,ACC-CR-00125,2026-06-18,2026-07-17,2026-07-18T13:00:00Z,2026-08-11,1011.83,1218.20,0.00,404.73,0.00,1825.30,36.51
STM-CR-00125-202608,ACC-CR-00125,2026-07-18,2026-08-17,2026-08-18T13:00:00Z,2026-09-11,1825.30,356.50,0.00,730.12,0.00,1451.68,35.00
STM-CR-00125-202609,ACC-CR-00125,2026-08-18,2026-09-17,2026-09-18T13:00:00Z,2026-10-12,1451.68,284.92,0.00,580.67,0.00,1155.93,35.00
STM-CR-00125-202610,ACC-CR-00125,2026-09-18,2026-10-17,2026-10-18T13:00:00Z,2026-11-11,1155.93,548.36,0.00,462.37,0.00,1241.92,35.00
STM-CR-00126-202509,ACC-CR-00126,2025-08-31,2025-09-01,2025-09-02T13:00:00Z,2025-09-26,0.00,0.00,0.00,0.00,0.00,0.00,0.00
STM-CR-00126-202510,ACC-CR-00126,2025-09-02,2025-10-01,2025-10-02T13:00:00Z,2025-10-26,0.00,0.00,0.00,0.00,0.00,0.00,0.00
STM-CR-00126-202511,ACC-CR-00126,2025-10-02,2025-11-01,2025-11-02T14:00:00Z,2025-11-26,0.00,68.86,0.00,0.00,0.00,68.86,35.00
STM-CR-00126-202512,ACC-CR-00126,2025-11-02,2025-12-01,2025-12-02T14:00:00Z,2025-12-26,68.86,255.86,0.00,68.86,0.00,255.86,35.00
STM-CR-00126-202601,ACC-CR-00126,2025-12-02,2026-01-01,2026-01-02T14:00:00Z,2026-01-26,255.86,132.97,0.00,255.86,0.00,132.97,35.00
STM-CR-00126-202602,ACC-CR-00126,2026-01-02,2026-02-01,2026-02-02T14:00:00Z,2026-02-26,132.97,165.97,0.00,132.97,0.00,165.97,35.00
STM-CR-00126-202603,ACC-CR-00126,2026-02-02,2026-03-01,2026-03-02T14:00:00Z,2026-03-26,165.97,288.93,0.00,165.97,0.00,288.93,35.00
STM-CR-00126-202604,ACC-CR-00126,2026-03-02,2026-04-01,2026-04-02T13:00:00Z,2026-04-26,288.93,515.53,0.00,288.93,0.00,515.53,35.00
STM-CR-00126-202605,ACC-CR-00126,2026-04-02,2026-05-01,2026-05-02T13:00:00Z,2026-05-26,515.53,296.28,0.00,515.53,0.00,296.28,35.00
STM-CR-00126-202606,ACC-CR-00126,2026-05-02,2026-06-01,2026-06-02T13:00:00Z,2026-06-26,296.28,337.87,169.46,296.28,0.00,168.41,35.00
STM-CR-00126-202607,ACC-CR-00126,2026-06-02,2026-07-01,2026-07-02T13:00:00Z,2026-07-26,168.41,266.73,0.00,168.41,0.00,266.73,35.00
STM-CR-00126-202608,ACC-CR-00126,2026-07-02,2026-08-01,2026-08-02T13:00:00Z,2026-08-26,266.73,195.52,0.00,266.73,0.00,195.52,35.00
STM-CR-00126-202609,ACC-CR-00126,2026-08-02,2026-09-01,2026-09-02T13:00:00Z,2026-09-26,195.52,379.43,0.00,195.52,0.00,379.43,35.00
STM-CR-00126-202610,ACC-CR-00126,2026-09-02,2026-10-01,2026-10-02T13:00:00Z,2026-10-26,379.43,240.44,0.00,379.43,0.00,240.44,35.00
STM-CR-00127-202509,ACC-CR-00127,2025-08-31,2025-09-05,2025-09-06T13:00:00Z,2025-09-30,0.00,0.00,0.00,0.00,0.00,0.00,0.00
STM-CR-00127-202510,ACC-CR-00127,2025-09-06,2025-10-05,2025-10-06T13:00:00Z,2025-10-30,0.00,0.00,0.00,0.00,0.00,0.00,0.00
STM-CR-00127-202511,ACC-CR-00127,2025-10-06,2025-11-05,2025-11-06T14:00:00Z,2025-11-30,0.00,310.25,0.00,0.00,0.00,310.25,35.00
STM-CR-00127-202512,ACC-CR-00127,2025-11-06,2025-12-05,2025-12-06T14:00:00Z,2025-12-30,310.25,548.01,0.00,310.25,0.00,548.01,35.00
STM-CR-00127-202601,ACC-CR-00127,2025-12-06,2026-01-05,2026-01-06T14:00:00Z,2026-01-30,548.01,208.78,0.00,548.01,0.00,208.78,35.00
STM-CR-00127-202602,ACC-CR-00127,2026-01-06,2026-02-05,2026-02-06T14:00:00Z,2026-03-02,208.78,217.27,0.00,208.78,0.00,217.27,35.00
STM-CR-00127-202603,ACC-CR-00127,2026-02-06,2026-03-05,2026-03-06T14:00:00Z,2026-03-30,217.27,890.34,0.00,217.27,0.00,890.34,35.00
STM-CR-00127-202604,ACC-CR-00127,2026-03-06,2026-04-05,2026-04-06T13:00:00Z,2026-04-30,890.34,815.11,0.00,890.34,0.00,815.11,35.00
STM-CR-00127-202605,ACC-CR-00127,2026-04-06,2026-05-05,2026-05-06T13:00:00Z,2026-05-30,815.11,348.45,0.00,815.11,0.00,348.45,35.00
STM-CR-00127-202606,ACC-CR-00127,2026-05-06,2026-06-05,2026-06-06T13:00:00Z,2026-06-30,348.45,260.50,0.00,348.45,0.00,260.50,35.00
STM-CR-00127-202607,ACC-CR-00127,2026-06-06,2026-07-05,2026-07-06T13:00:00Z,2026-07-30,260.50,452.19,0.00,260.50,0.00,452.19,35.00
STM-CR-00127-202608,ACC-CR-00127,2026-07-06,2026-08-05,2026-08-06T13:00:00Z,2026-08-30,452.19,720.90,0.00,452.19,0.00,720.90,35.00
STM-CR-00127-202609,ACC-CR-00127,2026-08-06,2026-09-05,2026-09-06T13:00:00Z,2026-09-30,720.90,302.73,0.00,720.90,0.00,302.73,35.00
STM-CR-00127-202610,ACC-CR-00127,2026-09-06,2026-10-05,2026-10-06T13:00:00Z,2026-10-30,302.73,297.63,0.00,302.73,0.00,297.63,35.00
STM-CR-00128-202509,ACC-CR-00128,2025-08-31,2025-09-10,2025-09-11T13:00:00Z,2025-10-05,0.00,0.00,0.00,0.00,0.00,0.00,0.00
STM-CR-00128-202510,ACC-CR-00128,2025-09-11,2025-10-10,2025-10-11T13:00:00Z,2025-11-04,0.00,86.71,0.00,0.00,0.00,86.71,35.00
STM-CR-00128-202511,ACC-CR-00128,2025-10-11,2025-11-10,2025-11-11T14:00:00Z,2025-12-05,86.71,285.29,0.00,86.71,0.00,285.29,35.00
STM-CR-00128-202512,ACC-CR-00128,2025-11-11,2025-12-10,2025-12-11T14:00:00Z,2026-01-04,285.29,268.97,0.00,285.29,0.00,268.97,35.00
STM-CR-00128-202601,ACC-CR-00128,2025-12-11,2026-01-10,2026-01-11T14:00:00Z,2026-02-04,268.97,310.29,0.00,268.97,0.00,310.29,35.00
STM-CR-00128-202602,ACC-CR-00128,2026-01-11,2026-02-10,2026-02-11T14:00:00Z,2026-03-07,310.29,46.18,0.00,310.29,0.00,46.18,35.00
STM-CR-00128-202603,ACC-CR-00128,2026-02-11,2026-03-10,2026-03-11T13:00:00Z,2026-04-04,46.18,1215.65,0.00,46.18,0.00,1215.65,35.00
STM-CR-00128-202604,ACC-CR-00128,2026-03-11,2026-04-10,2026-04-11T13:00:00Z,2026-05-05,1215.65,116.34,0.00,1215.65,0.00,116.34,35.00
STM-CR-00128-202605,ACC-CR-00128,2026-04-11,2026-05-10,2026-05-11T13:00:00Z,2026-06-04,116.34,296.70,0.00,116.34,0.00,296.70,35.00
STM-CR-00128-202606,ACC-CR-00128,2026-05-11,2026-06-10,2026-06-11T13:00:00Z,2026-07-05,296.70,340.51,0.00,296.70,0.00,340.51,35.00
STM-CR-00128-202607,ACC-CR-00128,2026-06-11,2026-07-10,2026-07-11T13:00:00Z,2026-08-04,340.51,502.68,0.00,340.51,0.00,502.68,35.00
STM-CR-00128-202608,ACC-CR-00128,2026-07-11,2026-08-10,2026-08-11T13:00:00Z,2026-09-04,502.68,316.15,0.00,502.68,0.00,316.15,35.00
STM-CR-00128-202609,ACC-CR-00128,2026-08-11,2026-09-10,2026-09-11T13:00:00Z,2026-10-05,316.15,315.02,0.00,316.15,0.00,315.02,35.00
STM-CR-00128-202610,ACC-CR-00128,2026-09-11,2026-10-10,2026-10-11T13:00:00Z,2026-11-04,315.02,749.56,0.00,315.02,0.00,749.56,35.00
STM-CR-00129-202509,ACC-CR-00129,2025-08-31,2025-09-10,2025-09-11T13:00:00Z,2025-10-05,0.00,0.00,0.00,0.00,0.00,0.00,0.00
STM-CR-00129-202510,ACC-CR-00129,2025-09-11,2025-10-10,2025-10-11T13:00:00Z,2025-11-04,0.00,92.65,0.00,0.00,0.00,92.65,35.00
STM-CR-00129-202511,ACC-CR-00129,2025-10-11,2025-11-10,2025-11-11T14:00:00Z,2025-12-05,92.65,140.98,0.00,35.00,0.00,198.63,35.00
STM-CR-00129-202512,ACC-CR-00129,2025-11-11,2025-12-10,2025-12-11T14:00:00Z,2026-01-04,198.63,132.29,0.00,35.00,0.00,295.92,35.00
STM-CR-00129-202601,ACC-CR-00129,2025-12-11,2026-01-10,2026-01-11T14:00:00Z,2026-02-04,295.92,161.50,0.00,35.00,0.00,422.42,35.00
STM-CR-00129-202602,ACC-CR-00129,2026-01-11,2026-02-10,2026-02-11T14:00:00Z,2026-03-07,422.42,93.58,0.00,35.00,0.00,481.00,35.00
STM-CR-00129-202603,ACC-CR-00129,2026-02-11,2026-03-10,2026-03-11T13:00:00Z,2026-04-04,481.00,741.50,0.00,35.00,0.00,1187.50,35.00
STM-CR-00129-202604,ACC-CR-00129,2026-03-11,2026-04-10,2026-04-11T13:00:00Z,2026-05-05,1187.50,872.24,0.00,35.00,0.00,2024.74,40.49
STM-CR-00129-202605,ACC-CR-00129,2026-04-11,2026-05-10,2026-05-11T13:00:00Z,2026-06-04,2024.74,124.90,0.00,40.49,0.00,2109.15,42.18
STM-CR-00129-202606,ACC-CR-00129,2026-05-11,2026-06-10,2026-06-11T13:00:00Z,2026-07-05,2109.15,172.66,0.00,42.18,0.00,2239.63,44.79
STM-CR-00129-202607,ACC-CR-00129,2026-06-11,2026-07-10,2026-07-11T13:00:00Z,2026-08-04,2239.63,516.97,0.00,44.79,0.00,2711.81,54.24
STM-CR-00129-202608,ACC-CR-00129,2026-07-11,2026-08-10,2026-08-11T13:00:00Z,2026-09-04,2711.81,161.73,0.00,54.24,0.00,2819.30,56.39
STM-CR-00129-202609,ACC-CR-00129,2026-08-11,2026-09-10,2026-09-11T13:00:00Z,2026-10-05,2819.30,39.82,0.00,56.39,0.00,2802.73,56.05
STM-CR-00129-202610,ACC-CR-00129,2026-09-11,2026-10-10,2026-10-11T13:00:00Z,2026-11-04,2802.73,114.86,0.00,56.05,0.00,2861.54,57.23
STM-CR-00130-202509,ACC-CR-00130,2025-08-31,2025-09-27,2025-09-28T13:00:00Z,2025-10-22,0.00,0.00,0.00,0.00,0.00,0.00,0.00
STM-CR-00130-202510,ACC-CR-00130,2025-09-28,2025-10-27,2025-10-28T13:00:00Z,2025-11-21,0.00,164.74,0.00,0.00,0.00,164.74,35.00
STM-CR-00130-202511,ACC-CR-00130,2025-10-28,2025-11-27,2025-11-28T14:00:00Z,2025-12-22,164.74,235.89,0.00,164.74,0.00,235.89,35.00
STM-CR-00130-202512,ACC-CR-00130,2025-11-28,2025-12-27,2025-12-28T14:00:00Z,2026-01-21,235.89,254.54,0.00,235.89,0.00,254.54,35.00
STM-CR-00130-202601,ACC-CR-00130,2025-12-28,2026-01-27,2026-01-28T14:00:00Z,2026-02-21,254.54,233.59,0.00,254.54,0.00,233.59,35.00
STM-CR-00130-202602,ACC-CR-00130,2026-01-28,2026-02-27,2026-02-28T14:00:00Z,2026-03-24,233.59,136.65,0.00,233.59,0.00,136.65,35.00
STM-CR-00130-202603,ACC-CR-00130,2026-02-28,2026-03-27,2026-03-28T13:00:00Z,2026-04-21,136.65,109.67,0.00,136.65,0.00,109.67,35.00
STM-CR-00130-202604,ACC-CR-00130,2026-03-28,2026-04-27,2026-04-28T13:00:00Z,2026-05-22,109.67,325.56,0.00,109.67,0.00,325.56,35.00
STM-CR-00130-202605,ACC-CR-00130,2026-04-28,2026-05-27,2026-05-28T13:00:00Z,2026-06-21,325.56,861.15,0.00,325.56,0.00,861.15,35.00
STM-CR-00130-202606,ACC-CR-00130,2026-05-28,2026-06-27,2026-06-28T13:00:00Z,2026-07-22,861.15,376.92,0.00,861.15,0.00,376.92,35.00
STM-CR-00130-202607,ACC-CR-00130,2026-06-28,2026-07-27,2026-07-28T13:00:00Z,2026-08-21,376.92,139.92,0.00,376.92,0.00,139.92,35.00
STM-CR-00130-202608,ACC-CR-00130,2026-07-28,2026-08-27,2026-08-28T13:00:00Z,2026-09-21,139.92,304.05,0.00,139.92,0.00,304.05,35.00
STM-CR-00130-202609,ACC-CR-00130,2026-08-28,2026-09-27,2026-09-28T13:00:00Z,2026-10-22,304.05,201.81,0.00,304.05,0.00,201.81,35.00
STM-CR-00131-202509,ACC-CR-00131,2025-08-31,2025-09-03,2025-09-04T13:00:00Z,2025-09-28,0.00,0.00,0.00,0.00,0.00,0.00,0.00
STM-CR-00131-202510,ACC-CR-00131,2025-09-04,2025-10-03,2025-10-04T13:00:00Z,2025-10-28,0.00,0.00,0.00,0.00,0.00,0.00,0.00
STM-CR-00131-202511,ACC-CR-00131,2025-10-04,2025-11-03,2025-11-04T14:00:00Z,2025-11-28,0.00,342.72,0.00,0.00,0.00,342.72,35.00
STM-CR-00131-202512,ACC-CR-00131,2025-11-04,2025-12-03,2025-12-04T14:00:00Z,2025-12-28,342.72,312.29,0.00,137.09,0.00,517.92,35.00
STM-CR-00131-202601,ACC-CR-00131,2025-12-04,2026-01-03,2026-01-04T14:00:00Z,2026-01-28,517.92,251.24,0.00,207.17,0.00,561.99,35.00
STM-CR-00131-202602,ACC-CR-00131,2026-01-04,2026-02-03,2026-02-04T14:00:00Z,2026-02-28,561.99,237.44,0.00,224.80,0.00,574.63,35.00
STM-CR-00131-202603,ACC-CR-00131,2026-02-04,2026-03-03,2026-03-04T14:00:00Z,2026-03-28,574.63,263.90,0.00,229.85,0.00,608.68,35.00
STM-CR-00131-202604,ACC-CR-00131,2026-03-04,2026-04-03,2026-04-04T13:00:00Z,2026-04-28,608.68,107.07,0.00,243.47,0.00,472.28,35.00
STM-CR-00131-202605,ACC-CR-00131,2026-04-04,2026-05-03,2026-05-04T13:00:00Z,2026-05-28,472.28,222.24,0.00,188.91,0.00,505.61,35.00
STM-CR-00131-202606,ACC-CR-00131,2026-05-04,2026-06-03,2026-06-04T13:00:00Z,2026-06-28,505.61,254.99,0.00,202.24,0.00,558.36,35.00
STM-CR-00131-202607,ACC-CR-00131,2026-06-04,2026-07-03,2026-07-04T13:00:00Z,2026-07-28,558.36,236.91,0.00,223.34,0.00,571.93,35.00
STM-CR-00131-202608,ACC-CR-00131,2026-07-04,2026-08-03,2026-08-04T13:00:00Z,2026-08-28,571.93,182.59,0.00,228.77,0.00,525.75,35.00
STM-CR-00131-202609,ACC-CR-00131,2026-08-04,2026-09-03,2026-09-04T13:00:00Z,2026-09-28,525.75,158.69,0.00,210.30,0.00,474.14,35.00
STM-CR-00131-202610,ACC-CR-00131,2026-09-04,2026-10-03,2026-10-04T13:00:00Z,2026-10-28,474.14,95.86,0.00,189.66,0.00,380.34,35.00
STM-CR-00132-202509,ACC-CR-00132,2025-08-31,2025-09-14,2025-09-15T13:00:00Z,2025-10-09,0.00,0.00,0.00,0.00,0.00,0.00,0.00
STM-CR-00132-202510,ACC-CR-00132,2025-09-15,2025-10-14,2025-10-15T13:00:00Z,2025-11-08,0.00,113.69,0.00,0.00,0.00,113.69,35.00
STM-CR-00132-202511,ACC-CR-00132,2025-10-15,2025-11-14,2025-11-15T14:00:00Z,2025-12-09,113.69,416.09,0.00,45.48,0.00,484.30,35.00
STM-CR-00132-202512,ACC-CR-00132,2025-11-15,2025-12-14,2025-12-15T14:00:00Z,2026-01-08,484.30,136.49,0.00,193.72,0.00,427.07,35.00
STM-CR-00132-202601,ACC-CR-00132,2025-12-15,2026-01-14,2026-01-15T14:00:00Z,2026-02-08,427.07,168.66,0.00,170.83,0.00,424.90,35.00
STM-CR-00132-202602,ACC-CR-00132,2026-01-15,2026-02-14,2026-02-15T14:00:00Z,2026-03-11,424.90,287.43,0.00,169.96,0.00,542.37,35.00
STM-CR-00132-202603,ACC-CR-00132,2026-02-15,2026-03-14,2026-03-15T13:00:00Z,2026-04-08,542.37,274.75,0.00,216.95,0.00,600.17,35.00
STM-CR-00132-202604,ACC-CR-00132,2026-03-15,2026-04-14,2026-04-15T13:00:00Z,2026-05-09,600.17,400.66,0.00,240.07,0.00,760.76,35.00
STM-CR-00132-202605,ACC-CR-00132,2026-04-15,2026-05-14,2026-05-15T13:00:00Z,2026-06-08,760.76,159.24,0.00,304.30,0.00,615.70,35.00
STM-CR-00132-202606,ACC-CR-00132,2026-05-15,2026-06-14,2026-06-15T13:00:00Z,2026-07-09,615.70,1127.55,0.00,246.28,0.00,1496.97,35.00
STM-CR-00132-202607,ACC-CR-00132,2026-06-15,2026-07-14,2026-07-15T13:00:00Z,2026-08-08,1496.97,118.47,0.00,598.79,0.00,1016.65,35.00
STM-CR-00132-202608,ACC-CR-00132,2026-07-15,2026-08-14,2026-08-15T13:00:00Z,2026-09-08,1016.65,351.91,0.00,406.66,0.00,961.90,35.00
STM-CR-00132-202609,ACC-CR-00132,2026-08-15,2026-09-14,2026-09-15T13:00:00Z,2026-10-09,961.90,71.50,0.00,384.76,0.00,648.64,35.00
STM-CR-00132-202610,ACC-CR-00132,2026-09-15,2026-10-14,2026-10-15T13:00:00Z,2026-11-08,648.64,154.05,0.00,259.46,0.00,543.23,35.00
STM-CR-00133-202509,ACC-CR-00133,2025-08-31,2025-09-27,2025-09-28T13:00:00Z,2025-10-22,0.00,0.00,0.00,0.00,0.00,0.00,0.00
STM-CR-00133-202510,ACC-CR-00133,2025-09-28,2025-10-27,2025-10-28T13:00:00Z,2025-11-21,0.00,206.68,0.00,0.00,0.00,206.68,35.00
STM-CR-00133-202511,ACC-CR-00133,2025-10-28,2025-11-27,2025-11-28T14:00:00Z,2025-12-22,206.68,348.15,0.00,82.67,0.00,472.16,35.00
STM-CR-00133-202512,ACC-CR-00133,2025-11-28,2025-12-27,2025-12-28T14:00:00Z,2026-01-21,472.16,318.27,0.00,188.86,0.00,601.57,35.00
STM-CR-00133-202601,ACC-CR-00133,2025-12-28,2026-01-27,2026-01-28T14:00:00Z,2026-02-21,601.57,133.70,0.00,240.63,0.00,494.64,35.00
STM-CR-00133-202602,ACC-CR-00133,2026-01-28,2026-02-27,2026-02-28T14:00:00Z,2026-03-24,494.64,467.62,0.00,197.86,0.00,764.40,35.00
STM-CR-00133-202603,ACC-CR-00133,2026-02-28,2026-03-27,2026-03-28T13:00:00Z,2026-04-21,764.40,334.30,0.00,305.76,0.00,792.94,35.00
STM-CR-00133-202604,ACC-CR-00133,2026-03-28,2026-04-27,2026-04-28T13:00:00Z,2026-05-22,792.94,121.24,0.00,317.18,0.00,597.00,35.00
STM-CR-00133-202605,ACC-CR-00133,2026-04-28,2026-05-27,2026-05-28T13:00:00Z,2026-06-21,597.00,314.63,0.00,238.80,0.00,672.83,35.00
STM-CR-00133-202606,ACC-CR-00133,2026-05-28,2026-06-27,2026-06-28T13:00:00Z,2026-07-22,672.83,193.29,0.00,269.13,0.00,596.99,35.00
STM-CR-00133-202607,ACC-CR-00133,2026-06-28,2026-07-27,2026-07-28T13:00:00Z,2026-08-21,596.99,311.41,0.00,238.80,0.00,669.60,35.00
STM-CR-00133-202608,ACC-CR-00133,2026-07-28,2026-08-27,2026-08-28T13:00:00Z,2026-09-21,669.60,375.83,0.00,267.84,0.00,777.59,35.00
STM-CR-00133-202609,ACC-CR-00133,2026-08-28,2026-09-27,2026-09-28T13:00:00Z,2026-10-22,777.59,826.12,0.00,311.04,0.00,1292.67,35.00
STM-CR-00134-202509,ACC-CR-00134,2025-08-31,2025-09-28,2025-09-29T13:00:00Z,2025-10-23,0.00,0.00,0.00,0.00,0.00,0.00,0.00
STM-CR-00134-202510,ACC-CR-00134,2025-09-29,2025-10-28,2025-10-29T13:00:00Z,2025-11-22,0.00,311.37,0.00,0.00,0.00,311.37,35.00
STM-CR-00134-202511,ACC-CR-00134,2025-10-29,2025-11-28,2025-11-29T14:00:00Z,2025-12-23,311.37,604.53,0.00,311.37,0.00,604.53,35.00
STM-CR-00134-202512,ACC-CR-00134,2025-11-29,2025-12-28,2025-12-29T14:00:00Z,2026-01-22,604.53,253.61,0.00,604.53,0.00,253.61,35.00
STM-CR-00134-202601,ACC-CR-00134,2025-12-29,2026-01-28,2026-01-29T14:00:00Z,2026-02-22,253.61,334.26,0.00,253.61,0.00,334.26,35.00
STM-CR-00134-202602,ACC-CR-00134,2026-01-29,2026-02-28,2026-03-01T14:00:00Z,2026-03-25,334.26,242.82,0.00,334.26,0.00,242.82,35.00
STM-CR-00134-202603,ACC-CR-00134,2026-03-01,2026-03-28,2026-03-29T13:00:00Z,2026-04-22,242.82,385.67,0.00,242.82,0.00,385.67,35.00
STM-CR-00134-202604,ACC-CR-00134,2026-03-29,2026-04-28,2026-04-29T13:00:00Z,2026-05-23,385.67,376.18,0.00,385.67,0.00,376.18,35.00
STM-CR-00134-202605,ACC-CR-00134,2026-04-29,2026-05-28,2026-05-29T13:00:00Z,2026-06-22,376.18,63.99,0.00,376.18,0.00,63.99,35.00
STM-CR-00134-202606,ACC-CR-00134,2026-05-29,2026-06-28,2026-06-29T13:00:00Z,2026-07-23,63.99,271.84,0.00,63.99,0.00,271.84,35.00
STM-CR-00134-202607,ACC-CR-00134,2026-06-29,2026-07-28,2026-07-29T13:00:00Z,2026-08-22,271.84,339.12,0.00,271.84,0.00,339.12,35.00
STM-CR-00134-202608,ACC-CR-00134,2026-07-29,2026-08-28,2026-08-29T13:00:00Z,2026-09-22,339.12,199.47,0.00,339.12,0.00,199.47,35.00
STM-CR-00134-202609,ACC-CR-00134,2026-08-29,2026-09-28,2026-09-29T13:00:00Z,2026-10-23,199.47,205.04,0.00,199.47,0.00,205.04,35.00
STM-CR-00135-202509,ACC-CR-00135,2025-08-31,2025-09-14,2025-09-15T13:00:00Z,2025-10-09,0.00,0.00,0.00,0.00,0.00,0.00,0.00
STM-CR-00135-202510,ACC-CR-00135,2025-09-15,2025-10-14,2025-10-15T13:00:00Z,2025-11-08,0.00,548.89,0.00,0.00,0.00,548.89,35.00
STM-CR-00135-202511,ACC-CR-00135,2025-10-15,2025-11-14,2025-11-15T14:00:00Z,2025-12-09,548.89,332.75,0.00,219.56,0.00,662.08,35.00
STM-CR-00135-202512,ACC-CR-00135,2025-11-15,2025-12-14,2025-12-15T14:00:00Z,2026-01-08,662.08,1076.71,0.00,264.83,0.00,1473.96,35.00
STM-CR-00135-202601,ACC-CR-00135,2025-12-15,2026-01-14,2026-01-15T14:00:00Z,2026-02-08,1473.96,314.11,0.00,589.58,0.00,1198.49,35.00
STM-CR-00135-202602,ACC-CR-00135,2026-01-15,2026-02-14,2026-02-15T14:00:00Z,2026-03-11,1198.49,477.11,0.00,479.40,0.00,1196.20,35.00
STM-CR-00135-202603,ACC-CR-00135,2026-02-15,2026-03-14,2026-03-15T13:00:00Z,2026-04-08,1196.20,194.31,0.00,478.48,0.00,912.03,35.00
STM-CR-00135-202604,ACC-CR-00135,2026-03-15,2026-04-14,2026-04-15T13:00:00Z,2026-05-09,912.03,158.01,0.00,364.81,0.00,705.23,35.00
STM-CR-00135-202605,ACC-CR-00135,2026-04-15,2026-05-14,2026-05-15T13:00:00Z,2026-06-08,705.23,402.44,0.00,282.09,0.00,825.58,35.00
STM-CR-00135-202606,ACC-CR-00135,2026-05-15,2026-06-14,2026-06-15T13:00:00Z,2026-07-09,825.58,163.24,0.00,330.23,0.00,658.59,35.00
STM-CR-00135-202607,ACC-CR-00135,2026-06-15,2026-07-14,2026-07-15T13:00:00Z,2026-08-08,658.59,366.96,41.23,263.44,0.00,720.88,35.00
STM-CR-00135-202608,ACC-CR-00135,2026-07-15,2026-08-14,2026-08-15T13:00:00Z,2026-09-08,720.88,586.64,0.00,288.35,0.00,1019.17,35.00
STM-CR-00135-202609,ACC-CR-00135,2026-08-15,2026-09-14,2026-09-15T13:00:00Z,2026-10-09,1019.17,202.40,0.00,407.67,0.00,813.90,35.00
STM-CR-00135-202610,ACC-CR-00135,2026-09-15,2026-10-14,2026-10-15T13:00:00Z,2026-11-08,813.90,258.05,0.00,325.56,0.00,746.39,35.00
STM-CR-00136-202509,ACC-CR-00136,2025-08-31,2025-09-09,2025-09-10T13:00:00Z,2025-10-04,0.00,0.00,0.00,0.00,0.00,0.00,0.00
STM-CR-00136-202510,ACC-CR-00136,2025-09-10,2025-10-09,2025-10-10T13:00:00Z,2025-11-03,0.00,245.11,0.00,0.00,0.00,245.11,35.00
STM-CR-00136-202511,ACC-CR-00136,2025-10-10,2025-11-09,2025-11-10T14:00:00Z,2025-12-04,245.11,186.84,0.00,98.04,0.00,333.91,35.00
STM-CR-00136-202512,ACC-CR-00136,2025-11-10,2025-12-09,2025-12-10T14:00:00Z,2026-01-03,333.91,73.77,0.00,133.56,0.00,274.12,35.00
STM-CR-00136-202601,ACC-CR-00136,2025-12-10,2026-01-09,2026-01-10T14:00:00Z,2026-02-03,274.12,226.49,0.00,109.65,0.00,390.96,35.00
STM-CR-00136-202602,ACC-CR-00136,2026-01-10,2026-02-09,2026-02-10T14:00:00Z,2026-03-06,390.96,267.51,26.31,156.38,0.00,475.78,35.00
STM-CR-00136-202603,ACC-CR-00136,2026-02-10,2026-03-09,2026-03-10T13:00:00Z,2026-04-03,475.78,1090.64,175.54,190.31,0.00,1200.57,35.00
STM-CR-00136-202604,ACC-CR-00136,2026-03-10,2026-04-09,2026-04-10T13:00:00Z,2026-05-04,1200.57,274.23,0.00,480.23,0.00,994.57,35.00
STM-CR-00136-202605,ACC-CR-00136,2026-04-10,2026-05-09,2026-05-10T13:00:00Z,2026-06-03,994.57,915.76,0.00,397.83,0.00,1512.50,35.00
STM-CR-00136-202606,ACC-CR-00136,2026-05-10,2026-06-09,2026-06-10T13:00:00Z,2026-07-04,1512.50,419.43,0.00,605.00,0.00,1326.93,35.00
STM-CR-00136-202607,ACC-CR-00136,2026-06-10,2026-07-09,2026-07-10T13:00:00Z,2026-08-03,1326.93,44.35,0.00,530.77,0.00,840.51,35.00
STM-CR-00136-202608,ACC-CR-00136,2026-07-10,2026-08-09,2026-08-10T13:00:00Z,2026-09-03,840.51,592.18,0.00,336.20,0.00,1096.49,35.00
STM-CR-00136-202609,ACC-CR-00136,2026-08-10,2026-09-09,2026-09-10T13:00:00Z,2026-10-04,1096.49,192.62,0.00,438.60,0.00,850.51,35.00
STM-CR-00136-202610,ACC-CR-00136,2026-09-10,2026-10-09,2026-10-10T13:00:00Z,2026-11-03,850.51,490.78,7.45,340.20,0.00,993.64,35.00
STM-CR-00137-202509,ACC-CR-00137,2025-08-31,2025-09-23,2025-09-24T13:00:00Z,2025-10-18,0.00,0.00,0.00,0.00,0.00,0.00,0.00
STM-CR-00137-202510,ACC-CR-00137,2025-09-24,2025-10-23,2025-10-24T13:00:00Z,2025-11-17,0.00,479.82,0.00,0.00,0.00,479.82,35.00
STM-CR-00137-202511,ACC-CR-00137,2025-10-24,2025-11-23,2025-11-24T14:00:00Z,2025-12-18,479.82,453.32,0.00,191.93,0.00,741.21,35.00
STM-CR-00137-202512,ACC-CR-00137,2025-11-24,2025-12-23,2025-12-24T14:00:00Z,2026-01-17,741.21,314.16,0.00,296.48,0.00,758.89,35.00
STM-CR-00137-202601,ACC-CR-00137,2025-12-24,2026-01-23,2026-01-24T14:00:00Z,2026-02-17,758.89,273.44,0.00,303.56,0.00,728.77,35.00
STM-CR-00137-202602,ACC-CR-00137,2026-01-24,2026-02-23,2026-02-24T14:00:00Z,2026-03-20,728.77,314.02,0.00,291.51,0.00,751.28,35.00
STM-CR-00137-202603,ACC-CR-00137,2026-02-24,2026-03-23,2026-03-24T13:00:00Z,2026-04-17,751.28,318.40,0.00,300.51,0.00,769.17,35.00
STM-CR-00137-202604,ACC-CR-00137,2026-03-24,2026-04-23,2026-04-24T13:00:00Z,2026-05-18,769.17,237.28,0.00,307.67,0.00,698.78,35.00
STM-CR-00137-202605,ACC-CR-00137,2026-04-24,2026-05-23,2026-05-24T13:00:00Z,2026-06-17,698.78,365.14,0.00,279.51,0.00,784.41,35.00
STM-CR-00137-202606,ACC-CR-00137,2026-05-24,2026-06-23,2026-06-24T13:00:00Z,2026-07-18,784.41,325.18,0.00,313.76,0.00,795.83,35.00
STM-CR-00137-202607,ACC-CR-00137,2026-06-24,2026-07-23,2026-07-24T13:00:00Z,2026-08-17,795.83,268.81,0.00,318.33,0.00,746.31,35.00
STM-CR-00137-202608,ACC-CR-00137,2026-07-24,2026-08-23,2026-08-24T13:00:00Z,2026-09-17,746.31,304.79,0.00,298.52,0.00,752.58,35.00
STM-CR-00137-202609,ACC-CR-00137,2026-08-24,2026-09-23,2026-09-24T13:00:00Z,2026-10-18,752.58,345.51,0.00,301.03,0.00,797.06,35.00
STM-CR-00138-202509,ACC-CR-00138,2025-08-31,2025-09-10,2025-09-11T13:00:00Z,2025-10-05,0.00,0.00,0.00,0.00,0.00,0.00,0.00
STM-CR-00138-202510,ACC-CR-00138,2025-09-11,2025-10-10,2025-10-11T13:00:00Z,2025-11-04,0.00,111.48,0.00,0.00,0.00,111.48,35.00
STM-CR-00138-202511,ACC-CR-00138,2025-10-11,2025-11-10,2025-11-11T14:00:00Z,2025-12-05,111.48,470.73,0.00,111.48,0.00,470.73,35.00
STM-CR-00138-202512,ACC-CR-00138,2025-11-11,2025-12-10,2025-12-11T14:00:00Z,2026-01-04,470.73,556.42,0.00,470.73,0.00,556.42,35.00
STM-CR-00138-202601,ACC-CR-00138,2025-12-11,2026-01-10,2026-01-11T14:00:00Z,2026-02-04,556.42,537.89,0.00,556.42,0.00,537.89,35.00
STM-CR-00138-202602,ACC-CR-00138,2026-01-11,2026-02-10,2026-02-11T14:00:00Z,2026-03-07,537.89,252.34,0.00,537.89,0.00,252.34,35.00
STM-CR-00138-202603,ACC-CR-00138,2026-02-11,2026-03-10,2026-03-11T13:00:00Z,2026-04-04,252.34,537.51,0.00,252.34,0.00,537.51,35.00
STM-CR-00138-202604,ACC-CR-00138,2026-03-11,2026-04-10,2026-04-11T13:00:00Z,2026-05-05,537.51,403.92,0.00,537.51,0.00,403.92,35.00
STM-CR-00138-202605,ACC-CR-00138,2026-04-11,2026-05-10,2026-05-11T13:00:00Z,2026-06-04,403.92,275.62,0.00,403.92,0.00,275.62,35.00
STM-CR-00138-202606,ACC-CR-00138,2026-05-11,2026-06-10,2026-06-11T13:00:00Z,2026-07-05,275.62,487.58,0.00,275.62,0.00,487.58,35.00
STM-CR-00138-202607,ACC-CR-00138,2026-06-11,2026-07-10,2026-07-11T13:00:00Z,2026-08-04,487.58,718.49,0.00,487.58,0.00,718.49,35.00
STM-CR-00138-202608,ACC-CR-00138,2026-07-11,2026-08-10,2026-08-11T13:00:00Z,2026-09-04,718.49,350.84,0.00,718.49,0.00,350.84,35.00
STM-CR-00138-202609,ACC-CR-00138,2026-08-11,2026-09-10,2026-09-11T13:00:00Z,2026-10-05,350.84,410.48,0.00,350.84,0.00,410.48,35.00
STM-CR-00138-202610,ACC-CR-00138,2026-09-11,2026-10-10,2026-10-11T13:00:00Z,2026-11-04,410.48,194.98,0.00,410.48,0.00,194.98,35.00
STM-CR-00139-202509,ACC-CR-00139,2025-08-31,2025-09-24,2025-09-25T13:00:00Z,2025-10-19,0.00,0.00,0.00,0.00,0.00,0.00,0.00
STM-CR-00139-202510,ACC-CR-00139,2025-09-25,2025-10-24,2025-10-25T13:00:00Z,2025-11-18,0.00,532.75,0.00,0.00,0.00,532.75,35.00
STM-CR-00139-202511,ACC-CR-00139,2025-10-25,2025-11-24,2025-11-25T14:00:00Z,2025-12-19,532.75,481.16,0.00,532.75,0.00,481.16,35.00
STM-CR-00139-202512,ACC-CR-00139,2025-11-25,2025-12-24,2025-12-25T14:00:00Z,2026-01-18,481.16,954.08,0.00,481.16,0.00,954.08,35.00
STM-CR-00139-202601,ACC-CR-00139,2025-12-25,2026-01-24,2026-01-25T14:00:00Z,2026-02-18,954.08,377.00,0.00,954.08,0.00,377.00,35.00
STM-CR-00139-202602,ACC-CR-00139,2026-01-25,2026-02-24,2026-02-25T14:00:00Z,2026-03-21,377.00,676.91,0.00,377.00,0.00,676.91,35.00
STM-CR-00139-202603,ACC-CR-00139,2026-02-25,2026-03-24,2026-03-25T13:00:00Z,2026-04-18,676.91,651.60,0.00,676.91,0.00,651.60,35.00
STM-CR-00139-202604,ACC-CR-00139,2026-03-25,2026-04-24,2026-04-25T13:00:00Z,2026-05-19,651.60,469.50,0.00,651.60,0.00,469.50,35.00
STM-CR-00139-202605,ACC-CR-00139,2026-04-25,2026-05-24,2026-05-25T13:00:00Z,2026-06-18,469.50,433.36,0.00,469.50,0.00,433.36,35.00
STM-CR-00139-202606,ACC-CR-00139,2026-05-25,2026-06-24,2026-06-25T13:00:00Z,2026-07-19,433.36,574.82,0.00,433.36,0.00,574.82,35.00
STM-CR-00139-202607,ACC-CR-00139,2026-06-25,2026-07-24,2026-07-25T13:00:00Z,2026-08-18,574.82,432.27,0.00,574.82,0.00,432.27,35.00
STM-CR-00139-202608,ACC-CR-00139,2026-07-25,2026-08-24,2026-08-25T13:00:00Z,2026-09-18,432.27,283.45,0.00,432.27,0.00,283.45,35.00
STM-CR-00139-202609,ACC-CR-00139,2026-08-25,2026-09-24,2026-09-25T13:00:00Z,2026-10-19,283.45,995.03,0.00,283.45,0.00,995.03,35.00
STM-CR-00140-202509,ACC-CR-00140,2025-08-31,2025-09-21,2025-09-22T13:00:00Z,2025-10-16,0.00,0.00,0.00,0.00,0.00,0.00,0.00
STM-CR-00140-202510,ACC-CR-00140,2025-09-22,2025-10-21,2025-10-22T13:00:00Z,2025-11-15,0.00,144.20,0.00,0.00,0.00,144.20,35.00
STM-CR-00140-202511,ACC-CR-00140,2025-10-22,2025-11-21,2025-11-22T14:00:00Z,2025-12-16,144.20,39.83,0.00,35.00,0.00,149.03,35.00
STM-CR-00140-202512,ACC-CR-00140,2025-11-22,2025-12-21,2025-12-22T14:00:00Z,2026-01-15,149.03,610.78,238.28,35.00,0.00,486.53,35.00
STM-CR-00140-202601,ACC-CR-00140,2025-12-22,2026-01-21,2026-01-22T14:00:00Z,2026-02-15,486.53,349.97,0.00,35.00,0.00,801.50,35.00
STM-CR-00140-202602,ACC-CR-00140,2026-01-22,2026-02-21,2026-02-22T14:00:00Z,2026-03-18,801.50,282.77,0.00,35.00,0.00,1049.27,35.00
STM-CR-00140-202603,ACC-CR-00140,2026-02-22,2026-03-21,2026-03-22T13:00:00Z,2026-04-15,1049.27,195.77,0.00,35.00,0.00,1210.04,35.00
STM-CR-00140-202604,ACC-CR-00140,2026-03-22,2026-04-21,2026-04-22T13:00:00Z,2026-05-16,1210.04,171.65,0.00,35.00,0.00,1346.69,35.00
STM-CR-00140-202605,ACC-CR-00140,2026-04-22,2026-05-21,2026-05-22T13:00:00Z,2026-06-15,1346.69,349.20,0.00,35.00,0.00,1660.89,35.00
STM-CR-00140-202606,ACC-CR-00140,2026-05-22,2026-06-21,2026-06-22T13:00:00Z,2026-07-16,1660.89,288.63,0.00,35.00,0.00,1914.52,38.29
STM-CR-00140-202607,ACC-CR-00140,2026-06-22,2026-07-21,2026-07-22T13:00:00Z,2026-08-15,1914.52,364.10,0.00,38.29,0.00,2240.33,44.81
STM-CR-00140-202608,ACC-CR-00140,2026-07-22,2026-08-21,2026-08-22T13:00:00Z,2026-09-15,2240.33,89.08,0.00,44.81,0.00,2284.60,45.69
STM-CR-00140-202609,ACC-CR-00140,2026-08-22,2026-09-21,2026-09-22T13:00:00Z,2026-10-16,2284.60,52.52,0.00,45.69,0.00,2291.43,45.83
STM-CR-00141-202509,ACC-CR-00141,2025-08-31,2025-09-20,2025-09-21T13:00:00Z,2025-10-15,0.00,0.00,0.00,0.00,0.00,0.00,0.00
STM-CR-00141-202510,ACC-CR-00141,2025-09-21,2025-10-20,2025-10-21T13:00:00Z,2025-11-14,0.00,213.55,0.00,0.00,0.00,213.55,35.00
STM-CR-00141-202511,ACC-CR-00141,2025-10-21,2025-11-20,2025-11-21T14:00:00Z,2025-12-15,213.55,316.09,0.00,213.55,0.00,316.09,35.00
STM-CR-00141-202512,ACC-CR-00141,2025-11-21,2025-12-20,2025-12-21T14:00:00Z,2026-01-14,316.09,298.43,0.00,316.09,0.00,298.43,35.00
STM-CR-00141-202601,ACC-CR-00141,2025-12-21,2026-01-20,2026-01-21T14:00:00Z,2026-02-14,298.43,433.15,0.00,298.43,0.00,433.15,35.00
STM-CR-00141-202602,ACC-CR-00141,2026-01-21,2026-02-20,2026-02-21T14:00:00Z,2026-03-17,433.15,939.91,0.00,433.15,0.00,939.91,35.00
STM-CR-00141-202603,ACC-CR-00141,2026-02-21,2026-03-20,2026-03-21T13:00:00Z,2026-04-14,939.91,783.03,0.00,939.91,0.00,783.03,35.00
STM-CR-00141-202604,ACC-CR-00141,2026-03-21,2026-04-20,2026-04-21T13:00:00Z,2026-05-15,783.03,103.64,0.00,783.03,0.00,103.64,35.00
STM-CR-00141-202605,ACC-CR-00141,2026-04-21,2026-05-20,2026-05-21T13:00:00Z,2026-06-14,103.64,287.06,0.00,103.64,0.00,287.06,35.00
STM-CR-00141-202606,ACC-CR-00141,2026-05-21,2026-06-20,2026-06-21T13:00:00Z,2026-07-15,287.06,549.77,0.00,287.06,0.00,549.77,35.00
STM-CR-00141-202607,ACC-CR-00141,2026-06-21,2026-07-20,2026-07-21T13:00:00Z,2026-08-14,549.77,345.79,0.00,549.77,0.00,345.79,35.00
STM-CR-00141-202608,ACC-CR-00141,2026-07-21,2026-08-20,2026-08-21T13:00:00Z,2026-09-14,345.79,280.30,0.00,345.79,0.00,280.30,35.00
STM-CR-00141-202609,ACC-CR-00141,2026-08-21,2026-09-20,2026-09-21T13:00:00Z,2026-10-15,280.30,270.09,0.00,280.30,0.00,270.09,35.00
STM-CR-00141-202610,ACC-CR-00141,2026-09-21,2026-10-20,2026-10-21T13:00:00Z,2026-11-14,270.09,249.73,0.00,270.09,0.00,249.73,35.00
STM-CR-00142-202509,ACC-CR-00142,2025-08-31,2025-09-21,2025-09-22T13:00:00Z,2025-10-16,0.00,0.00,0.00,0.00,0.00,0.00,0.00
STM-CR-00142-202510,ACC-CR-00142,2025-09-22,2025-10-21,2025-10-22T13:00:00Z,2025-11-15,0.00,237.30,0.00,0.00,0.00,237.30,35.00
STM-CR-00142-202511,ACC-CR-00142,2025-10-22,2025-11-21,2025-11-22T14:00:00Z,2025-12-16,237.30,376.21,0.00,237.30,0.00,376.21,35.00
STM-CR-00142-202512,ACC-CR-00142,2025-11-22,2025-12-21,2025-12-22T14:00:00Z,2026-01-15,376.21,369.71,0.00,376.21,0.00,369.71,35.00
STM-CR-00142-202601,ACC-CR-00142,2025-12-22,2026-01-21,2026-01-22T14:00:00Z,2026-02-15,369.71,518.52,0.00,369.71,0.00,518.52,35.00
STM-CR-00142-202602,ACC-CR-00142,2026-01-22,2026-02-21,2026-02-22T14:00:00Z,2026-03-18,518.52,253.81,0.00,518.52,0.00,253.81,35.00
STM-CR-00142-202603,ACC-CR-00142,2026-02-22,2026-03-21,2026-03-22T13:00:00Z,2026-04-15,253.81,598.59,0.00,253.81,0.00,598.59,35.00
STM-CR-00142-202604,ACC-CR-00142,2026-03-22,2026-04-21,2026-04-22T13:00:00Z,2026-05-16,598.59,295.44,0.00,598.59,0.00,295.44,35.00
STM-CR-00142-202605,ACC-CR-00142,2026-04-22,2026-05-21,2026-05-22T13:00:00Z,2026-06-15,295.44,791.76,0.00,295.44,0.00,791.76,35.00
STM-CR-00142-202606,ACC-CR-00142,2026-05-22,2026-06-21,2026-06-22T13:00:00Z,2026-07-16,791.76,756.71,0.00,791.76,0.00,756.71,35.00
STM-CR-00142-202607,ACC-CR-00142,2026-06-22,2026-07-21,2026-07-22T13:00:00Z,2026-08-15,756.71,161.74,0.00,756.71,0.00,161.74,35.00
STM-CR-00142-202608,ACC-CR-00142,2026-07-22,2026-08-21,2026-08-22T13:00:00Z,2026-09-15,161.74,395.95,0.00,161.74,0.00,395.95,35.00
STM-CR-00142-202609,ACC-CR-00142,2026-08-22,2026-09-21,2026-09-22T13:00:00Z,2026-10-16,395.95,517.08,0.00,395.95,0.00,517.08,35.00
STM-CR-00143-202509,ACC-CR-00143,2025-08-31,2025-09-10,2025-09-11T13:00:00Z,2025-10-05,0.00,0.00,0.00,0.00,0.00,0.00,0.00
STM-CR-00143-202510,ACC-CR-00143,2025-09-11,2025-10-10,2025-10-11T13:00:00Z,2025-11-04,0.00,18.34,0.00,0.00,0.00,18.34,35.00
STM-CR-00143-202511,ACC-CR-00143,2025-10-11,2025-11-10,2025-11-11T14:00:00Z,2025-12-05,18.34,295.58,0.00,35.00,0.00,278.92,35.00
STM-CR-00143-202512,ACC-CR-00143,2025-11-11,2025-12-10,2025-12-11T14:00:00Z,2026-01-04,278.92,153.66,0.00,35.00,0.00,397.58,35.00
STM-CR-00143-202601,ACC-CR-00143,2025-12-11,2026-01-10,2026-01-11T14:00:00Z,2026-02-04,397.58,204.99,0.00,35.00,0.00,567.57,35.00
STM-CR-00143-202602,ACC-CR-00143,2026-01-11,2026-02-10,2026-02-11T14:00:00Z,2026-03-07,567.57,218.77,0.00,35.00,0.00,751.34,35.00
STM-CR-00143-202603,ACC-CR-00143,2026-02-11,2026-03-10,2026-03-11T13:00:00Z,2026-04-04,751.34,370.19,0.00,35.00,0.00,1086.53,35.00
STM-CR-00143-202604,ACC-CR-00143,2026-03-11,2026-04-10,2026-04-11T13:00:00Z,2026-05-05,1086.53,138.42,0.00,35.00,0.00,1189.95,35.00
STM-CR-00143-202605,ACC-CR-00143,2026-04-11,2026-05-10,2026-05-11T13:00:00Z,2026-06-04,1189.95,955.25,0.00,35.00,0.00,2110.20,42.20
STM-CR-00143-202606,ACC-CR-00143,2026-05-11,2026-06-10,2026-06-11T13:00:00Z,2026-07-05,2110.20,147.20,0.00,42.20,0.00,2215.20,44.30
STM-CR-00143-202607,ACC-CR-00143,2026-06-11,2026-07-10,2026-07-11T13:00:00Z,2026-08-04,2215.20,132.58,0.00,44.30,0.00,2303.48,46.07
STM-CR-00143-202608,ACC-CR-00143,2026-07-11,2026-08-10,2026-08-11T13:00:00Z,2026-09-04,2303.48,106.75,0.00,46.07,0.00,2364.16,47.28
STM-CR-00143-202609,ACC-CR-00143,2026-08-11,2026-09-10,2026-09-11T13:00:00Z,2026-10-05,2364.16,324.12,0.00,47.28,0.00,2641.00,52.82
STM-CR-00143-202610,ACC-CR-00143,2026-09-11,2026-10-10,2026-10-11T13:00:00Z,2026-11-04,2641.00,479.94,0.00,52.82,0.00,3068.12,61.36
STM-CR-00144-202509,ACC-CR-00144,2025-08-31,2025-09-22,2025-09-23T13:00:00Z,2025-10-17,0.00,0.00,0.00,0.00,0.00,0.00,0.00
STM-CR-00144-202510,ACC-CR-00144,2025-09-23,2025-10-22,2025-10-23T13:00:00Z,2025-11-16,0.00,341.72,0.00,0.00,0.00,341.72,35.00
STM-CR-00144-202511,ACC-CR-00144,2025-10-23,2025-11-22,2025-11-23T14:00:00Z,2025-12-17,341.72,338.07,16.29,341.72,0.00,321.78,35.00
STM-CR-00144-202512,ACC-CR-00144,2025-11-23,2025-12-22,2025-12-23T14:00:00Z,2026-01-16,321.78,397.63,0.00,321.78,0.00,397.63,35.00
STM-CR-00144-202601,ACC-CR-00144,2025-12-23,2026-01-22,2026-01-23T14:00:00Z,2026-02-16,397.63,421.28,17.57,397.63,0.00,403.71,35.00
STM-CR-00144-202602,ACC-CR-00144,2026-01-23,2026-02-22,2026-02-23T14:00:00Z,2026-03-19,403.71,286.33,0.00,403.71,0.00,286.33,35.00
STM-CR-00144-202603,ACC-CR-00144,2026-02-23,2026-03-22,2026-03-23T13:00:00Z,2026-04-16,286.33,623.74,0.00,286.33,0.00,623.74,35.00
STM-CR-00144-202604,ACC-CR-00144,2026-03-23,2026-04-22,2026-04-23T13:00:00Z,2026-05-17,623.74,368.54,0.00,623.74,0.00,368.54,35.00
STM-CR-00144-202605,ACC-CR-00144,2026-04-23,2026-05-22,2026-05-23T13:00:00Z,2026-06-16,368.54,282.54,0.00,368.54,0.00,282.54,35.00
STM-CR-00144-202606,ACC-CR-00144,2026-05-23,2026-06-22,2026-06-23T13:00:00Z,2026-07-17,282.54,408.76,0.00,282.54,0.00,408.76,35.00
STM-CR-00144-202607,ACC-CR-00144,2026-06-23,2026-07-22,2026-07-23T13:00:00Z,2026-08-16,408.76,315.76,0.00,408.76,0.00,315.76,35.00
STM-CR-00144-202608,ACC-CR-00144,2026-07-23,2026-08-22,2026-08-23T13:00:00Z,2026-09-16,315.76,247.22,0.00,315.76,0.00,247.22,35.00
STM-CR-00144-202609,ACC-CR-00144,2026-08-23,2026-09-22,2026-09-23T13:00:00Z,2026-10-17,247.22,424.05,0.00,247.22,0.00,424.05,35.00
STM-CR-00145-202509,ACC-CR-00145,2025-08-31,2025-09-24,2025-09-25T13:00:00Z,2025-10-19,0.00,0.00,0.00,0.00,0.00,0.00,0.00
STM-CR-00145-202510,ACC-CR-00145,2025-09-25,2025-10-24,2025-10-25T13:00:00Z,2025-11-18,0.00,240.22,0.00,0.00,0.00,240.22,35.00
STM-CR-00145-202511,ACC-CR-00145,2025-10-25,2025-11-24,2025-11-25T14:00:00Z,2025-12-19,240.22,14.83,0.00,96.09,0.00,158.96,35.00
STM-CR-00145-202512,ACC-CR-00145,2025-11-25,2025-12-24,2025-12-25T14:00:00Z,2026-01-18,158.96,245.74,0.00,63.58,0.00,341.12,35.00
STM-CR-00145-202601,ACC-CR-00145,2025-12-25,2026-01-24,2026-01-25T14:00:00Z,2026-02-18,341.12,47.24,0.00,136.45,0.00,251.91,35.00
STM-CR-00145-202602,ACC-CR-00145,2026-01-25,2026-02-24,2026-02-25T14:00:00Z,2026-03-21,251.91,187.12,0.00,100.76,0.00,338.27,35.00
STM-CR-00145-202603,ACC-CR-00145,2026-02-25,2026-03-24,2026-03-25T13:00:00Z,2026-04-18,338.27,283.89,0.00,135.31,0.00,486.85,35.00
STM-CR-00145-202604,ACC-CR-00145,2026-03-25,2026-04-24,2026-04-25T13:00:00Z,2026-05-19,486.85,546.71,0.00,194.74,0.00,838.82,35.00
STM-CR-00145-202605,ACC-CR-00145,2026-04-25,2026-05-24,2026-05-25T13:00:00Z,2026-06-18,838.82,385.23,0.00,335.53,0.00,888.52,35.00
STM-CR-00145-202606,ACC-CR-00145,2026-05-25,2026-06-24,2026-06-25T13:00:00Z,2026-07-19,888.52,281.92,0.00,355.41,0.00,815.03,35.00
STM-CR-00145-202607,ACC-CR-00145,2026-06-25,2026-07-24,2026-07-25T13:00:00Z,2026-08-18,815.03,301.31,0.00,326.01,0.00,790.33,35.00
STM-CR-00145-202608,ACC-CR-00145,2026-07-25,2026-08-24,2026-08-25T13:00:00Z,2026-09-18,790.33,177.70,0.00,316.13,0.00,651.90,35.00
STM-CR-00145-202609,ACC-CR-00145,2026-08-25,2026-09-24,2026-09-25T13:00:00Z,2026-10-19,651.90,1002.47,0.00,260.76,0.00,1393.61,35.00
STM-CR-00146-202509,ACC-CR-00146,2025-08-31,2025-09-27,2025-09-28T13:00:00Z,2025-10-22,0.00,0.00,0.00,0.00,0.00,0.00,0.00
STM-CR-00146-202510,ACC-CR-00146,2025-09-28,2025-10-27,2025-10-28T13:00:00Z,2025-11-21,0.00,587.14,0.00,0.00,0.00,587.14,35.00
STM-CR-00146-202511,ACC-CR-00146,2025-10-28,2025-11-27,2025-11-28T14:00:00Z,2025-12-22,587.14,436.24,0.00,587.14,0.00,436.24,35.00
STM-CR-00146-202512,ACC-CR-00146,2025-11-28,2025-12-27,2025-12-28T14:00:00Z,2026-01-21,436.24,522.34,0.00,436.24,0.00,522.34,35.00
STM-CR-00146-202601,ACC-CR-00146,2025-12-28,2026-01-27,2026-01-28T14:00:00Z,2026-02-21,522.34,283.64,0.00,522.34,0.00,283.64,35.00
STM-CR-00146-202602,ACC-CR-00146,2026-01-28,2026-02-27,2026-02-28T14:00:00Z,2026-03-24,283.64,248.97,0.00,283.64,0.00,248.97,35.00
STM-CR-00146-202603,ACC-CR-00146,2026-02-28,2026-03-27,2026-03-28T13:00:00Z,2026-04-21,248.97,561.30,0.00,248.97,0.00,561.30,35.00
STM-CR-00146-202604,ACC-CR-00146,2026-03-28,2026-04-27,2026-04-28T13:00:00Z,2026-05-22,561.30,205.43,0.00,561.30,0.00,205.43,35.00
STM-CR-00146-202605,ACC-CR-00146,2026-04-28,2026-05-27,2026-05-28T13:00:00Z,2026-06-21,205.43,603.52,0.00,205.43,0.00,603.52,35.00
STM-CR-00146-202606,ACC-CR-00146,2026-05-28,2026-06-27,2026-06-28T13:00:00Z,2026-07-22,603.52,441.01,0.00,603.52,0.00,441.01,35.00
STM-CR-00146-202607,ACC-CR-00146,2026-06-28,2026-07-27,2026-07-28T13:00:00Z,2026-08-21,441.01,359.35,94.87,441.01,0.00,264.48,35.00
STM-CR-00146-202608,ACC-CR-00146,2026-07-28,2026-08-27,2026-08-28T13:00:00Z,2026-09-21,264.48,423.14,0.00,264.48,0.00,423.14,35.00
STM-CR-00146-202609,ACC-CR-00146,2026-08-28,2026-09-27,2026-09-28T13:00:00Z,2026-10-22,423.14,275.55,0.00,423.14,0.00,275.55,35.00
STM-CR-00147-202509,ACC-CR-00147,2025-08-31,2025-09-11,2025-09-12T13:00:00Z,2025-10-06,0.00,0.00,0.00,0.00,0.00,0.00,0.00
STM-CR-00147-202510,ACC-CR-00147,2025-09-12,2025-10-11,2025-10-12T13:00:00Z,2025-11-05,0.00,65.54,0.00,0.00,0.00,65.54,35.00
STM-CR-00147-202511,ACC-CR-00147,2025-10-12,2025-11-11,2025-11-12T14:00:00Z,2025-12-06,65.54,164.52,0.00,65.54,0.00,164.52,35.00
STM-CR-00147-202512,ACC-CR-00147,2025-11-12,2025-12-11,2025-12-12T14:00:00Z,2026-01-05,164.52,56.00,0.00,164.52,0.00,56.00,35.00
STM-CR-00147-202601,ACC-CR-00147,2025-12-12,2026-01-11,2026-01-12T14:00:00Z,2026-02-05,56.00,267.78,0.00,56.00,0.00,267.78,35.00
STM-CR-00147-202602,ACC-CR-00147,2026-01-12,2026-02-11,2026-02-12T14:00:00Z,2026-03-08,267.78,179.39,0.00,267.78,0.00,179.39,35.00
STM-CR-00147-202603,ACC-CR-00147,2026-02-12,2026-03-11,2026-03-12T13:00:00Z,2026-04-05,179.39,861.03,0.00,179.39,0.00,861.03,35.00
STM-CR-00147-202604,ACC-CR-00147,2026-03-12,2026-04-11,2026-04-12T13:00:00Z,2026-05-06,861.03,221.79,0.00,861.03,0.00,221.79,35.00
STM-CR-00147-202605,ACC-CR-00147,2026-04-12,2026-05-11,2026-05-12T13:00:00Z,2026-06-05,221.79,198.66,0.00,221.79,0.00,198.66,35.00
STM-CR-00147-202606,ACC-CR-00147,2026-05-12,2026-06-11,2026-06-12T13:00:00Z,2026-07-06,198.66,738.64,0.00,198.66,0.00,738.64,35.00
STM-CR-00147-202607,ACC-CR-00147,2026-06-12,2026-07-11,2026-07-12T13:00:00Z,2026-08-05,738.64,355.70,0.00,738.64,0.00,355.70,35.00
STM-CR-00147-202608,ACC-CR-00147,2026-07-12,2026-08-11,2026-08-12T13:00:00Z,2026-09-05,355.70,224.73,0.00,355.70,0.00,224.73,35.00
STM-CR-00147-202609,ACC-CR-00147,2026-08-12,2026-09-11,2026-09-12T13:00:00Z,2026-10-06,224.73,142.59,0.00,224.73,0.00,142.59,35.00
STM-CR-00147-202610,ACC-CR-00147,2026-09-12,2026-10-11,2026-10-12T13:00:00Z,2026-11-05,142.59,415.41,0.00,142.59,0.00,415.41,35.00
STM-CR-00148-202509,ACC-CR-00148,2025-08-31,2025-09-01,2025-09-02T13:00:00Z,2025-09-26,0.00,0.00,0.00,0.00,0.00,0.00,0.00
STM-CR-00148-202510,ACC-CR-00148,2025-09-02,2025-10-01,2025-10-02T13:00:00Z,2025-10-26,0.00,0.00,0.00,0.00,0.00,0.00,0.00
STM-CR-00148-202511,ACC-CR-00148,2025-10-02,2025-11-01,2025-11-02T14:00:00Z,2025-11-26,0.00,390.89,0.00,0.00,0.00,390.89,35.00
STM-CR-00148-202512,ACC-CR-00148,2025-11-02,2025-12-01,2025-12-02T14:00:00Z,2025-12-26,390.89,193.61,0.00,156.36,0.00,428.14,35.00
STM-CR-00148-202601,ACC-CR-00148,2025-12-02,2026-01-01,2026-01-02T14:00:00Z,2026-01-26,428.14,183.15,0.00,171.26,0.00,440.03,35.00
STM-CR-00148-202602,ACC-CR-00148,2026-01-02,2026-02-01,2026-02-02T14:00:00Z,2026-02-26,440.03,291.89,0.00,176.01,0.00,555.91,35.00
STM-CR-00148-202603,ACC-CR-00148,2026-02-02,2026-03-01,2026-03-02T14:00:00Z,2026-03-26,555.91,868.25,0.00,222.36,0.00,1201.80,35.00
STM-CR-00148-202604,ACC-CR-00148,2026-03-02,2026-04-01,2026-04-02T13:00:00Z,2026-04-26,1201.80,311.23,0.00,480.72,0.00,1032.31,35.00
STM-CR-00148-202605,ACC-CR-00148,2026-04-02,2026-05-01,2026-05-02T13:00:00Z,2026-05-26,1032.31,162.39,0.00,412.92,0.00,781.78,35.00
STM-CR-00148-202606,ACC-CR-00148,2026-05-02,2026-06-01,2026-06-02T13:00:00Z,2026-06-26,781.78,478.04,0.00,312.71,0.00,947.11,35.00
STM-CR-00148-202607,ACC-CR-00148,2026-06-02,2026-07-01,2026-07-02T13:00:00Z,2026-07-26,947.11,267.28,0.00,378.84,0.00,835.55,35.00
STM-CR-00148-202608,ACC-CR-00148,2026-07-02,2026-08-01,2026-08-02T13:00:00Z,2026-08-26,835.55,209.32,0.00,334.22,0.00,710.65,35.00
STM-CR-00148-202609,ACC-CR-00148,2026-08-02,2026-09-01,2026-09-02T13:00:00Z,2026-09-26,710.65,342.15,0.00,284.26,0.00,768.54,35.00
STM-CR-00148-202610,ACC-CR-00148,2026-09-02,2026-10-01,2026-10-02T13:00:00Z,2026-10-26,768.54,394.10,0.00,307.42,0.00,855.22,35.00
STM-CR-00149-202509,ACC-CR-00149,2025-08-31,2025-09-06,2025-09-07T13:00:00Z,2025-10-01,0.00,0.00,0.00,0.00,0.00,0.00,0.00
STM-CR-00149-202510,ACC-CR-00149,2025-09-07,2025-10-06,2025-10-07T13:00:00Z,2025-10-31,0.00,0.00,0.00,0.00,0.00,0.00,0.00
STM-CR-00149-202511,ACC-CR-00149,2025-10-07,2025-11-06,2025-11-07T14:00:00Z,2025-12-01,0.00,280.62,0.00,0.00,0.00,280.62,35.00
STM-CR-00149-202512,ACC-CR-00149,2025-11-07,2025-12-06,2025-12-07T14:00:00Z,2025-12-31,280.62,177.68,0.00,112.25,0.00,346.05,35.00
STM-CR-00149-202601,ACC-CR-00149,2025-12-07,2026-01-06,2026-01-07T14:00:00Z,2026-01-31,346.05,229.47,0.00,138.42,0.00,437.10,35.00
STM-CR-00149-202602,ACC-CR-00149,2026-01-07,2026-02-06,2026-02-07T14:00:00Z,2026-03-03,437.10,227.71,0.00,174.84,0.00,489.97,35.00
STM-CR-00149-202603,ACC-CR-00149,2026-02-07,2026-03-06,2026-03-07T14:00:00Z,2026-03-31,489.97,132.93,0.00,195.99,0.00,426.91,35.00
STM-CR-00149-202604,ACC-CR-00149,2026-03-07,2026-04-06,2026-04-07T13:00:00Z,2026-05-01,426.91,333.25,0.00,170.76,0.00,589.40,35.00
STM-CR-00149-202605,ACC-CR-00149,2026-04-07,2026-05-06,2026-05-07T13:00:00Z,2026-05-31,589.40,243.96,0.00,235.76,0.00,597.60,35.00
STM-CR-00149-202606,ACC-CR-00149,2026-05-07,2026-06-06,2026-06-07T13:00:00Z,2026-07-01,597.60,405.83,0.00,239.04,0.00,764.39,35.00
STM-CR-00149-202607,ACC-CR-00149,2026-06-07,2026-07-06,2026-07-07T13:00:00Z,2026-07-31,764.39,344.00,0.00,305.76,0.00,802.63,35.00
STM-CR-00149-202608,ACC-CR-00149,2026-07-07,2026-08-06,2026-08-07T13:00:00Z,2026-08-31,802.63,54.11,0.00,321.05,0.00,535.69,35.00
STM-CR-00149-202609,ACC-CR-00149,2026-08-07,2026-09-06,2026-09-07T13:00:00Z,2026-10-01,535.69,111.49,0.00,214.28,0.00,432.90,35.00
STM-CR-00149-202610,ACC-CR-00149,2026-09-07,2026-10-06,2026-10-07T13:00:00Z,2026-10-31,432.90,152.27,0.00,173.16,0.00,412.01,35.00
STM-CR-00150-202509,ACC-CR-00150,2025-08-31,2025-09-25,2025-09-26T13:00:00Z,2025-10-20,0.00,0.00,0.00,0.00,0.00,0.00,0.00
STM-CR-00150-202510,ACC-CR-00150,2025-09-26,2025-10-25,2025-10-26T13:00:00Z,2025-11-19,0.00,387.43,0.00,0.00,0.00,387.43,35.00
STM-CR-00150-202511,ACC-CR-00150,2025-10-26,2025-11-25,2025-11-26T14:00:00Z,2025-12-20,387.43,557.79,0.00,387.43,0.00,557.79,35.00
STM-CR-00150-202512,ACC-CR-00150,2025-11-26,2025-12-25,2025-12-26T14:00:00Z,2026-01-19,557.79,345.45,0.00,557.79,0.00,345.45,35.00
STM-CR-00150-202601,ACC-CR-00150,2025-12-26,2026-01-25,2026-01-26T14:00:00Z,2026-02-19,345.45,190.15,0.00,345.45,0.00,190.15,35.00
STM-CR-00150-202602,ACC-CR-00150,2026-01-26,2026-02-25,2026-02-26T14:00:00Z,2026-03-22,190.15,334.56,0.00,190.15,0.00,334.56,35.00
STM-CR-00150-202603,ACC-CR-00150,2026-02-26,2026-03-25,2026-03-26T13:00:00Z,2026-04-19,334.56,535.01,0.00,334.56,0.00,535.01,35.00
STM-CR-00150-202604,ACC-CR-00150,2026-03-26,2026-04-25,2026-04-26T13:00:00Z,2026-05-20,535.01,255.98,0.00,535.01,0.00,255.98,35.00
STM-CR-00150-202605,ACC-CR-00150,2026-04-26,2026-05-25,2026-05-26T13:00:00Z,2026-06-19,255.98,268.46,0.00,255.98,0.00,268.46,35.00
STM-CR-00150-202606,ACC-CR-00150,2026-05-26,2026-06-25,2026-06-26T13:00:00Z,2026-07-20,268.46,942.40,0.00,268.46,0.00,942.40,35.00
STM-CR-00150-202607,ACC-CR-00150,2026-06-26,2026-07-25,2026-07-26T13:00:00Z,2026-08-19,942.40,240.27,0.00,942.40,0.00,240.27,35.00
STM-CR-00150-202608,ACC-CR-00150,2026-07-26,2026-08-25,2026-08-26T13:00:00Z,2026-09-19,240.27,339.08,0.00,240.27,0.00,339.08,35.00
STM-CR-00150-202609,ACC-CR-00150,2026-08-26,2026-09-25,2026-09-26T13:00:00Z,2026-10-20,339.08,657.57,0.00,339.08,0.00,657.57,35.00
STM-CR-00151-202509,ACC-CR-00151,2025-08-31,2025-09-08,2025-09-09T13:00:00Z,2025-10-03,0.00,0.00,0.00,0.00,0.00,0.00,0.00
STM-CR-00151-202510,ACC-CR-00151,2025-09-09,2025-10-08,2025-10-09T13:00:00Z,2025-11-02,0.00,17.05,0.00,0.00,0.00,17.05,35.00
STM-CR-00151-202511,ACC-CR-00151,2025-10-09,2025-11-08,2025-11-09T14:00:00Z,2025-12-03,17.05,318.22,0.00,6.82,0.00,328.45,35.00
STM-CR-00151-202512,ACC-CR-00151,2025-11-09,2025-12-08,2025-12-09T14:00:00Z,2026-01-02,328.45,405.75,0.00,131.38,0.00,602.82,35.00
STM-CR-00151-202601,ACC-CR-00151,2025-12-09,2026-01-08,2026-01-09T14:00:00Z,2026-02-02,602.82,267.45,0.00,241.13,0.00,629.14,35.00
STM-CR-00151-202602,ACC-CR-00151,2026-01-09,2026-02-08,2026-02-09T14:00:00Z,2026-03-05,629.14,276.37,0.00,251.66,0.00,653.85,35.00
STM-CR-00151-202603,ACC-CR-00151,2026-02-09,2026-03-08,2026-03-09T13:00:00Z,2026-04-02,653.85,272.76,0.00,261.54,0.00,665.07,35.00
STM-CR-00151-202604,ACC-CR-00151,2026-03-09,2026-04-08,2026-04-09T13:00:00Z,2026-05-03,665.07,390.28,0.00,266.03,0.00,789.32,35.00
STM-CR-00151-202605,ACC-CR-00151,2026-04-09,2026-05-08,2026-05-09T13:00:00Z,2026-06-02,789.32,231.49,0.00,315.73,0.00,705.08,35.00
STM-CR-00151-202606,ACC-CR-00151,2026-05-09,2026-06-08,2026-06-09T13:00:00Z,2026-07-03,705.08,222.72,0.00,282.03,0.00,645.77,35.00
STM-CR-00151-202607,ACC-CR-00151,2026-06-09,2026-07-08,2026-07-09T13:00:00Z,2026-08-02,645.77,254.04,0.00,258.31,0.00,641.50,35.00
STM-CR-00151-202608,ACC-CR-00151,2026-07-09,2026-08-08,2026-08-09T13:00:00Z,2026-09-02,641.50,169.05,0.00,256.60,0.00,553.95,35.00
STM-CR-00151-202609,ACC-CR-00151,2026-08-09,2026-09-08,2026-09-09T13:00:00Z,2026-10-03,553.95,394.92,0.00,221.58,0.00,727.29,35.00
STM-CR-00151-202610,ACC-CR-00151,2026-09-09,2026-10-08,2026-10-09T13:00:00Z,2026-11-02,727.29,368.01,0.00,290.92,0.00,804.38,35.00
STM-CR-00152-202509,ACC-CR-00152,2025-08-31,2025-09-15,2025-09-16T13:00:00Z,2025-10-10,0.00,0.00,0.00,0.00,0.00,0.00,0.00
STM-CR-00152-202510,ACC-CR-00152,2025-09-16,2025-10-15,2025-10-16T13:00:00Z,2025-11-09,0.00,331.64,0.00,0.00,0.00,331.64,35.00
STM-CR-00152-202511,ACC-CR-00152,2025-10-16,2025-11-15,2025-11-16T14:00:00Z,2025-12-10,331.64,190.80,0.00,331.64,0.00,190.80,35.00
STM-CR-00152-202512,ACC-CR-00152,2025-11-16,2025-12-15,2025-12-16T14:00:00Z,2026-01-09,190.80,202.81,0.00,190.80,0.00,202.81,35.00
STM-CR-00152-202601,ACC-CR-00152,2025-12-16,2026-01-15,2026-01-16T14:00:00Z,2026-02-09,202.81,226.12,0.00,202.81,0.00,226.12,35.00
STM-CR-00152-202602,ACC-CR-00152,2026-01-16,2026-02-15,2026-02-16T14:00:00Z,2026-03-12,226.12,113.69,0.00,226.12,0.00,113.69,35.00
STM-CR-00152-202603,ACC-CR-00152,2026-02-16,2026-03-15,2026-03-16T13:00:00Z,2026-04-09,113.69,270.53,0.00,113.69,0.00,270.53,35.00
STM-CR-00152-202604,ACC-CR-00152,2026-03-16,2026-04-15,2026-04-16T13:00:00Z,2026-05-10,270.53,465.37,0.00,270.53,0.00,465.37,35.00
STM-CR-00152-202605,ACC-CR-00152,2026-04-16,2026-05-15,2026-05-16T13:00:00Z,2026-06-09,465.37,232.09,0.00,465.37,0.00,232.09,35.00
STM-CR-00152-202606,ACC-CR-00152,2026-05-16,2026-06-15,2026-06-16T13:00:00Z,2026-07-10,232.09,279.10,0.00,232.09,0.00,279.10,35.00
STM-CR-00152-202607,ACC-CR-00152,2026-06-16,2026-07-15,2026-07-16T13:00:00Z,2026-08-09,279.10,417.72,0.00,279.10,0.00,417.72,35.00
STM-CR-00152-202608,ACC-CR-00152,2026-07-16,2026-08-15,2026-08-16T13:00:00Z,2026-09-09,417.72,440.22,159.81,417.72,0.00,280.41,35.00
STM-CR-00152-202609,ACC-CR-00152,2026-08-16,2026-09-15,2026-09-16T13:00:00Z,2026-10-10,280.41,89.80,0.00,280.41,0.00,89.80,35.00
STM-CR-00152-202610,ACC-CR-00152,2026-09-16,2026-10-15,2026-10-16T13:00:00Z,2026-11-09,89.80,1265.51,0.00,89.80,0.00,1265.51,35.00
STM-CR-00153-202509,ACC-CR-00153,2025-08-31,2025-09-24,2025-09-25T13:00:00Z,2025-10-19,0.00,0.00,0.00,0.00,0.00,0.00,0.00
STM-CR-00153-202510,ACC-CR-00153,2025-09-25,2025-10-24,2025-10-25T13:00:00Z,2025-11-18,0.00,323.93,0.00,0.00,0.00,323.93,35.00
STM-CR-00153-202511,ACC-CR-00153,2025-10-25,2025-11-24,2025-11-25T14:00:00Z,2025-12-19,323.93,157.04,0.00,323.93,0.00,157.04,35.00
STM-CR-00153-202512,ACC-CR-00153,2025-11-25,2025-12-24,2025-12-25T14:00:00Z,2026-01-18,157.04,399.54,0.00,157.04,0.00,399.54,35.00
STM-CR-00153-202601,ACC-CR-00153,2025-12-25,2026-01-24,2026-01-25T14:00:00Z,2026-02-18,399.54,677.52,0.00,399.54,0.00,677.52,35.00
STM-CR-00153-202602,ACC-CR-00153,2026-01-25,2026-02-24,2026-02-25T14:00:00Z,2026-03-21,677.52,449.67,0.00,677.52,0.00,449.67,35.00
STM-CR-00153-202603,ACC-CR-00153,2026-02-25,2026-03-24,2026-03-25T13:00:00Z,2026-04-18,449.67,375.71,38.60,449.67,0.00,337.11,35.00
STM-CR-00153-202604,ACC-CR-00153,2026-03-25,2026-04-24,2026-04-25T13:00:00Z,2026-05-19,337.11,332.93,0.00,337.11,0.00,332.93,35.00
STM-CR-00153-202605,ACC-CR-00153,2026-04-25,2026-05-24,2026-05-25T13:00:00Z,2026-06-18,332.93,324.84,0.00,332.93,0.00,324.84,35.00
STM-CR-00153-202606,ACC-CR-00153,2026-05-25,2026-06-24,2026-06-25T13:00:00Z,2026-07-19,324.84,789.42,29.55,324.84,0.00,759.87,35.00
STM-CR-00153-202607,ACC-CR-00153,2026-06-25,2026-07-24,2026-07-25T13:00:00Z,2026-08-18,759.87,354.63,0.00,759.87,0.00,354.63,35.00
STM-CR-00153-202608,ACC-CR-00153,2026-07-25,2026-08-24,2026-08-25T13:00:00Z,2026-09-18,354.63,342.59,73.77,354.63,0.00,268.82,35.00
STM-CR-00153-202609,ACC-CR-00153,2026-08-25,2026-09-24,2026-09-25T13:00:00Z,2026-10-19,268.82,277.16,0.00,268.82,0.00,277.16,35.00
STM-CR-00154-202509,ACC-CR-00154,2025-08-31,2025-09-28,2025-09-29T13:00:00Z,2025-10-23,0.00,0.00,0.00,0.00,0.00,0.00,0.00
STM-CR-00154-202510,ACC-CR-00154,2025-09-29,2025-10-28,2025-10-29T13:00:00Z,2025-11-22,0.00,255.65,0.00,0.00,0.00,255.65,35.00
STM-CR-00154-202511,ACC-CR-00154,2025-10-29,2025-11-28,2025-11-29T14:00:00Z,2025-12-23,255.65,238.37,0.00,102.26,0.00,391.76,35.00
STM-CR-00154-202512,ACC-CR-00154,2025-11-29,2025-12-28,2025-12-29T14:00:00Z,2026-01-22,391.76,352.76,0.00,156.70,0.00,587.82,35.00
STM-CR-00154-202601,ACC-CR-00154,2025-12-29,2026-01-28,2026-01-29T14:00:00Z,2026-02-22,587.82,214.88,0.00,235.13,0.00,567.57,35.00
STM-CR-00154-202602,ACC-CR-00154,2026-01-29,2026-02-28,2026-03-01T14:00:00Z,2026-03-25,567.57,583.78,0.00,227.03,0.00,924.32,35.00
STM-CR-00154-202603,ACC-CR-00154,2026-03-01,2026-03-28,2026-03-29T13:00:00Z,2026-04-22,924.32,344.81,0.00,369.73,0.00,899.40,35.00
STM-CR-00154-202604,ACC-CR-00154,2026-03-29,2026-04-28,2026-04-29T13:00:00Z,2026-05-23,899.40,283.84,115.56,359.76,0.00,707.92,35.00
STM-CR-00154-202605,ACC-CR-00154,2026-04-29,2026-05-28,2026-05-29T13:00:00Z,2026-06-22,707.92,215.33,0.00,283.17,0.00,640.08,35.00
STM-CR-00154-202606,ACC-CR-00154,2026-05-29,2026-06-28,2026-06-29T13:00:00Z,2026-07-23,640.08,150.59,0.00,256.03,0.00,534.64,35.00
STM-CR-00154-202607,ACC-CR-00154,2026-06-29,2026-07-28,2026-07-29T13:00:00Z,2026-08-22,534.64,95.18,0.00,213.86,0.00,415.96,35.00
STM-CR-00154-202608,ACC-CR-00154,2026-07-29,2026-08-28,2026-08-29T13:00:00Z,2026-09-22,415.96,199.42,0.00,166.38,0.00,449.00,35.00
STM-CR-00154-202609,ACC-CR-00154,2026-08-29,2026-09-28,2026-09-29T13:00:00Z,2026-10-23,449.00,259.74,0.00,179.60,0.00,529.14,35.00
STM-CR-00155-202509,ACC-CR-00155,2025-08-31,2025-09-21,2025-09-22T13:00:00Z,2025-10-16,0.00,0.00,0.00,0.00,0.00,0.00,0.00
STM-CR-00155-202510,ACC-CR-00155,2025-09-22,2025-10-21,2025-10-22T13:00:00Z,2025-11-15,0.00,206.20,0.00,0.00,0.00,206.20,35.00
STM-CR-00155-202511,ACC-CR-00155,2025-10-22,2025-11-21,2025-11-22T14:00:00Z,2025-12-16,206.20,38.74,0.00,82.48,0.00,162.46,35.00
STM-CR-00155-202512,ACC-CR-00155,2025-11-22,2025-12-21,2025-12-22T14:00:00Z,2026-01-15,162.46,0.00,0.00,64.98,0.00,97.48,35.00
STM-CR-00155-202601,ACC-CR-00155,2025-12-22,2026-01-21,2026-01-22T14:00:00Z,2026-02-15,97.48,172.70,0.00,38.99,0.00,231.19,35.00
STM-CR-00155-202602,ACC-CR-00155,2026-01-22,2026-02-21,2026-02-22T14:00:00Z,2026-03-18,231.19,10.27,0.00,92.48,0.00,148.98,35.00
STM-CR-00155-202603,ACC-CR-00155,2026-02-22,2026-03-21,2026-03-22T13:00:00Z,2026-04-15,148.98,257.39,0.00,59.59,0.00,346.78,35.00
STM-CR-00155-202604,ACC-CR-00155,2026-03-22,2026-04-21,2026-04-22T13:00:00Z,2026-05-16,346.78,283.57,0.00,138.71,0.00,491.64,35.00
STM-CR-00155-202605,ACC-CR-00155,2026-04-22,2026-05-21,2026-05-22T13:00:00Z,2026-06-15,491.64,15.79,0.00,196.66,0.00,310.77,35.00
STM-CR-00155-202606,ACC-CR-00155,2026-05-22,2026-06-21,2026-06-22T13:00:00Z,2026-07-16,310.77,122.90,0.00,124.31,0.00,309.36,35.00
STM-CR-00155-202607,ACC-CR-00155,2026-06-22,2026-07-21,2026-07-22T13:00:00Z,2026-08-15,309.36,85.84,0.00,123.74,0.00,271.46,35.00
STM-CR-00155-202608,ACC-CR-00155,2026-07-22,2026-08-21,2026-08-22T13:00:00Z,2026-09-15,271.46,78.83,0.00,108.58,0.00,241.71,35.00
STM-CR-00155-202609,ACC-CR-00155,2026-08-22,2026-09-21,2026-09-22T13:00:00Z,2026-10-16,241.71,112.20,0.00,96.68,0.00,257.23,35.00
STM-CR-00156-202509,ACC-CR-00156,2025-08-31,2025-09-18,2025-09-19T13:00:00Z,2025-10-13,0.00,0.00,0.00,0.00,0.00,0.00,0.00
STM-CR-00156-202510,ACC-CR-00156,2025-09-19,2025-10-18,2025-10-19T13:00:00Z,2025-11-12,0.00,990.48,0.00,0.00,0.00,990.48,35.00
STM-CR-00156-202511,ACC-CR-00156,2025-10-19,2025-11-18,2025-11-19T14:00:00Z,2025-12-13,990.48,203.84,0.00,396.19,0.00,798.13,35.00
STM-CR-00156-202512,ACC-CR-00156,2025-11-19,2025-12-18,2025-12-19T14:00:00Z,2026-01-12,798.13,87.96,0.00,319.25,0.00,566.84,35.00
STM-CR-00156-202601,ACC-CR-00156,2025-12-19,2026-01-18,2026-01-19T14:00:00Z,2026-02-12,566.84,321.49,0.00,226.74,0.00,661.59,35.00
STM-CR-00156-202602,ACC-CR-00156,2026-01-19,2026-02-18,2026-02-19T14:00:00Z,2026-03-15,661.59,136.55,0.00,264.64,0.00,533.50,35.00
STM-CR-00156-202603,ACC-CR-00156,2026-02-19,2026-03-18,2026-03-19T13:00:00Z,2026-04-12,533.50,204.05,0.00,213.40,0.00,524.15,35.00
STM-CR-00156-202604,ACC-CR-00156,2026-03-19,2026-04-18,2026-04-19T13:00:00Z,2026-05-13,524.15,1155.78,0.00,209.66,0.00,1470.27,35.00
STM-CR-00156-202605,ACC-CR-00156,2026-04-19,2026-05-18,2026-05-19T13:00:00Z,2026-06-12,1470.27,186.75,0.00,588.11,0.00,1068.91,35.00
STM-CR-00156-202606,ACC-CR-00156,2026-05-19,2026-06-18,2026-06-19T13:00:00Z,2026-07-13,1068.91,968.88,0.00,427.56,0.00,1610.23,35.00
STM-CR-00156-202607,ACC-CR-00156,2026-06-19,2026-07-18,2026-07-19T13:00:00Z,2026-08-12,1610.23,144.88,0.00,644.09,0.00,1111.02,35.00
STM-CR-00156-202608,ACC-CR-00156,2026-07-19,2026-08-18,2026-08-19T13:00:00Z,2026-09-12,1111.02,317.53,0.00,444.41,0.00,984.14,35.00
STM-CR-00156-202609,ACC-CR-00156,2026-08-19,2026-09-18,2026-09-19T13:00:00Z,2026-10-13,984.14,310.48,0.00,393.66,0.00,900.96,35.00
STM-CR-00156-202610,ACC-CR-00156,2026-09-19,2026-10-18,2026-10-19T13:00:00Z,2026-11-12,900.96,160.10,0.00,360.38,0.00,700.68,35.00
STM-CR-00157-202509,ACC-CR-00157,2025-08-31,2025-09-09,2025-09-10T13:00:00Z,2025-10-04,0.00,0.00,0.00,0.00,0.00,0.00,0.00
STM-CR-00157-202510,ACC-CR-00157,2025-09-10,2025-10-09,2025-10-10T13:00:00Z,2025-11-03,0.00,58.44,0.00,0.00,0.00,58.44,35.00
STM-CR-00157-202511,ACC-CR-00157,2025-10-10,2025-11-09,2025-11-10T14:00:00Z,2025-12-04,58.44,112.74,0.00,23.38,0.00,147.80,35.00
STM-CR-00157-202512,ACC-CR-00157,2025-11-10,2025-12-09,2025-12-10T14:00:00Z,2026-01-03,147.80,288.99,0.00,59.12,0.00,377.67,35.00
STM-CR-00157-202601,ACC-CR-00157,2025-12-10,2026-01-09,2026-01-10T14:00:00Z,2026-02-03,377.67,273.80,0.00,151.07,0.00,500.40,35.00
STM-CR-00157-202602,ACC-CR-00157,2026-01-10,2026-02-09,2026-02-10T14:00:00Z,2026-03-06,500.40,320.37,0.00,200.16,0.00,620.61,35.00
STM-CR-00157-202603,ACC-CR-00157,2026-02-10,2026-03-09,2026-03-10T13:00:00Z,2026-04-03,620.61,186.39,0.00,248.24,0.00,558.76,35.00
STM-CR-00157-202604,ACC-CR-00157,2026-03-10,2026-04-09,2026-04-10T13:00:00Z,2026-05-04,558.76,126.69,0.00,223.50,0.00,461.95,35.00
STM-CR-00157-202605,ACC-CR-00157,2026-04-10,2026-05-09,2026-05-10T13:00:00Z,2026-06-03,461.95,595.56,0.00,184.78,0.00,872.73,35.00
STM-CR-00157-202606,ACC-CR-00157,2026-05-10,2026-06-09,2026-06-10T13:00:00Z,2026-07-04,872.73,58.32,0.00,349.09,0.00,581.96,35.00
STM-CR-00157-202607,ACC-CR-00157,2026-06-10,2026-07-09,2026-07-10T13:00:00Z,2026-08-03,581.96,421.90,0.00,232.78,0.00,771.08,35.00
STM-CR-00157-202608,ACC-CR-00157,2026-07-10,2026-08-09,2026-08-10T13:00:00Z,2026-09-03,771.08,324.53,0.00,308.43,0.00,787.18,35.00
STM-CR-00157-202609,ACC-CR-00157,2026-08-10,2026-09-09,2026-09-10T13:00:00Z,2026-10-04,787.18,918.65,0.00,314.87,0.00,1390.96,35.00
STM-CR-00157-202610,ACC-CR-00157,2026-09-10,2026-10-09,2026-10-10T13:00:00Z,2026-11-03,1390.96,285.81,0.00,556.38,0.00,1120.39,35.00
STM-CR-00158-202509,ACC-CR-00158,2025-08-31,2025-09-09,2025-09-10T13:00:00Z,2025-10-04,0.00,0.00,0.00,0.00,0.00,0.00,0.00
STM-CR-00158-202510,ACC-CR-00158,2025-09-10,2025-10-09,2025-10-10T13:00:00Z,2025-11-03,0.00,210.30,0.00,0.00,0.00,210.30,35.00
STM-CR-00158-202511,ACC-CR-00158,2025-10-10,2025-11-09,2025-11-10T14:00:00Z,2025-12-04,210.30,97.98,0.00,210.30,0.00,97.98,35.00
STM-CR-00158-202512,ACC-CR-00158,2025-11-10,2025-12-09,2025-12-10T14:00:00Z,2026-01-03,97.98,277.56,0.00,97.98,0.00,277.56,35.00
STM-CR-00158-202601,ACC-CR-00158,2025-12-10,2026-01-09,2026-01-10T14:00:00Z,2026-02-03,277.56,222.64,0.00,277.56,0.00,222.64,35.00
STM-CR-00158-202602,ACC-CR-00158,2026-01-10,2026-02-09,2026-02-10T14:00:00Z,2026-03-06,222.64,135.57,0.00,222.64,0.00,135.57,35.00
STM-CR-00158-202603,ACC-CR-00158,2026-02-10,2026-03-09,2026-03-10T13:00:00Z,2026-04-03,135.57,468.08,0.00,135.57,0.00,468.08,35.00
STM-CR-00158-202604,ACC-CR-00158,2026-03-10,2026-04-09,2026-04-10T13:00:00Z,2026-05-04,468.08,216.28,0.00,468.08,0.00,216.28,35.00
STM-CR-00158-202605,ACC-CR-00158,2026-04-10,2026-05-09,2026-05-10T13:00:00Z,2026-06-03,216.28,186.38,0.00,216.28,0.00,186.38,35.00
STM-CR-00158-202606,ACC-CR-00158,2026-05-10,2026-06-09,2026-06-10T13:00:00Z,2026-07-04,186.38,222.68,0.00,186.38,0.00,222.68,35.00
STM-CR-00158-202607,ACC-CR-00158,2026-06-10,2026-07-09,2026-07-10T13:00:00Z,2026-08-03,222.68,23.71,0.00,222.68,0.00,23.71,35.00
STM-CR-00158-202608,ACC-CR-00158,2026-07-10,2026-08-09,2026-08-10T13:00:00Z,2026-09-03,23.71,178.83,0.00,23.71,0.00,178.83,35.00
STM-CR-00158-202609,ACC-CR-00158,2026-08-10,2026-09-09,2026-09-10T13:00:00Z,2026-10-04,178.83,175.51,32.74,178.83,0.00,142.77,35.00
STM-CR-00158-202610,ACC-CR-00158,2026-09-10,2026-10-09,2026-10-10T13:00:00Z,2026-11-03,142.77,449.74,0.00,142.77,0.00,449.74,35.00
STM-CR-00159-202509,ACC-CR-00159,2025-08-31,2025-09-18,2025-09-19T13:00:00Z,2025-10-13,0.00,0.00,0.00,0.00,0.00,0.00,0.00
STM-CR-00159-202510,ACC-CR-00159,2025-09-19,2025-10-18,2025-10-19T13:00:00Z,2025-11-12,0.00,249.77,0.00,0.00,0.00,249.77,35.00
STM-CR-00159-202511,ACC-CR-00159,2025-10-19,2025-11-18,2025-11-19T14:00:00Z,2025-12-13,249.77,253.00,0.00,35.00,0.00,467.77,35.00
STM-CR-00159-202512,ACC-CR-00159,2025-11-19,2025-12-18,2025-12-19T14:00:00Z,2026-01-12,467.77,854.17,0.00,35.00,0.00,1286.94,35.00
STM-CR-00159-202601,ACC-CR-00159,2025-12-19,2026-01-18,2026-01-19T14:00:00Z,2026-02-12,1286.94,266.07,0.00,35.00,0.00,1518.01,35.00
STM-CR-00159-202602,ACC-CR-00159,2026-01-19,2026-02-18,2026-02-19T14:00:00Z,2026-03-15,1518.01,245.26,0.00,35.00,0.00,1728.27,35.00
STM-CR-00159-202603,ACC-CR-00159,2026-02-19,2026-03-18,2026-03-19T13:00:00Z,2026-04-12,1728.27,157.69,0.00,35.00,0.00,1850.96,37.02
STM-CR-00159-202604,ACC-CR-00159,2026-03-19,2026-04-18,2026-04-19T13:00:00Z,2026-05-13,1850.96,577.05,0.00,37.02,0.00,2390.99,47.82
STM-CR-00159-202605,ACC-CR-00159,2026-04-19,2026-05-18,2026-05-19T13:00:00Z,2026-06-12,2390.99,351.46,0.00,47.82,0.00,2694.63,53.89
STM-CR-00159-202606,ACC-CR-00159,2026-05-19,2026-06-18,2026-06-19T13:00:00Z,2026-07-13,2694.63,430.47,0.00,53.89,0.00,3071.21,61.42
STM-CR-00159-202607,ACC-CR-00159,2026-06-19,2026-07-18,2026-07-19T13:00:00Z,2026-08-12,3071.21,364.68,0.00,61.42,0.00,3374.47,67.49
STM-CR-00159-202608,ACC-CR-00159,2026-07-19,2026-08-18,2026-08-19T13:00:00Z,2026-09-12,3374.47,553.23,0.00,67.49,0.00,3860.21,77.20
STM-CR-00159-202609,ACC-CR-00159,2026-08-19,2026-09-18,2026-09-19T13:00:00Z,2026-10-13,3860.21,720.62,0.00,77.20,0.00,4503.63,90.07
STM-CR-00159-202610,ACC-CR-00159,2026-09-19,2026-10-18,2026-10-19T13:00:00Z,2026-11-12,4503.63,256.62,0.00,90.07,0.00,4670.18,93.40
STM-CR-00160-202509,ACC-CR-00160,2025-08-31,2025-09-07,2025-09-08T13:00:00Z,2025-10-02,0.00,0.00,0.00,0.00,0.00,0.00,0.00
STM-CR-00160-202510,ACC-CR-00160,2025-09-08,2025-10-07,2025-10-08T13:00:00Z,2025-11-01,0.00,0.00,0.00,0.00,0.00,0.00,0.00
STM-CR-00160-202511,ACC-CR-00160,2025-10-08,2025-11-07,2025-11-08T14:00:00Z,2025-12-02,0.00,236.50,0.00,0.00,0.00,236.50,35.00
STM-CR-00160-202512,ACC-CR-00160,2025-11-08,2025-12-07,2025-12-08T14:00:00Z,2026-01-01,236.50,0.00,0.00,236.50,0.00,0.00,0.00
STM-CR-00160-202601,ACC-CR-00160,2025-12-08,2026-01-07,2026-01-08T14:00:00Z,2026-02-01,0.00,160.35,0.00,0.00,0.00,160.35,35.00
STM-CR-00160-202602,ACC-CR-00160,2026-01-08,2026-02-07,2026-02-08T14:00:00Z,2026-03-04,160.35,241.37,0.00,160.35,0.00,241.37,35.00
STM-CR-00160-202603,ACC-CR-00160,2026-02-08,2026-03-07,2026-03-08T13:00:00Z,2026-04-01,241.37,281.99,0.00,241.37,0.00,281.99,35.00
STM-CR-00160-202604,ACC-CR-00160,2026-03-08,2026-04-07,2026-04-08T13:00:00Z,2026-05-02,281.99,260.25,0.00,281.99,0.00,260.25,35.00
STM-CR-00160-202605,ACC-CR-00160,2026-04-08,2026-05-07,2026-05-08T13:00:00Z,2026-06-01,260.25,188.22,0.00,260.25,0.00,188.22,35.00
STM-CR-00160-202606,ACC-CR-00160,2026-05-08,2026-06-07,2026-06-08T13:00:00Z,2026-07-02,188.22,0.00,0.00,188.22,0.00,0.00,0.00
STM-CR-00160-202607,ACC-CR-00160,2026-06-08,2026-07-07,2026-07-08T13:00:00Z,2026-08-01,0.00,214.35,0.00,0.00,0.00,214.35,35.00
STM-CR-00160-202608,ACC-CR-00160,2026-07-08,2026-08-07,2026-08-08T13:00:00Z,2026-09-01,214.35,391.99,0.00,214.35,0.00,391.99,35.00
STM-CR-00160-202609,ACC-CR-00160,2026-08-08,2026-09-07,2026-09-08T13:00:00Z,2026-10-02,391.99,357.41,0.00,391.99,0.00,357.41,35.00
STM-CR-00160-202610,ACC-CR-00160,2026-09-08,2026-10-07,2026-10-08T13:00:00Z,2026-11-01,357.41,291.46,0.00,357.41,0.00,291.46,35.00
STM-CR-00161-202509,ACC-CR-00161,2025-08-31,2025-09-01,2025-09-02T13:00:00Z,2025-09-26,0.00,0.00,0.00,0.00,0.00,0.00,0.00
STM-CR-00161-202510,ACC-CR-00161,2025-09-02,2025-10-01,2025-10-02T13:00:00Z,2025-10-26,0.00,0.00,0.00,0.00,0.00,0.00,0.00
STM-CR-00161-202511,ACC-CR-00161,2025-10-02,2025-11-01,2025-11-02T14:00:00Z,2025-11-26,0.00,405.56,0.00,0.00,0.00,405.56,35.00
STM-CR-00161-202512,ACC-CR-00161,2025-11-02,2025-12-01,2025-12-02T14:00:00Z,2025-12-26,405.56,145.66,0.00,162.22,0.00,389.00,35.00
STM-CR-00161-202601,ACC-CR-00161,2025-12-02,2026-01-01,2026-01-02T14:00:00Z,2026-01-26,389.00,1227.67,0.00,155.60,0.00,1461.07,35.00
STM-CR-00161-202602,ACC-CR-00161,2026-01-02,2026-02-01,2026-02-02T14:00:00Z,2026-02-26,1461.07,457.01,0.00,584.43,0.00,1333.65,35.00
STM-CR-00161-202603,ACC-CR-00161,2026-02-02,2026-03-01,2026-03-02T14:00:00Z,2026-03-26,1333.65,444.10,0.00,533.46,0.00,1244.29,35.00
STM-CR-00161-202604,ACC-CR-00161,2026-03-02,2026-04-01,2026-04-02T13:00:00Z,2026-04-26,1244.29,132.66,0.00,497.72,0.00,879.23,35.00
STM-CR-00161-202605,ACC-CR-00161,2026-04-02,2026-05-01,2026-05-02T13:00:00Z,2026-05-26,879.23,218.45,0.00,351.69,0.00,745.99,35.00
STM-CR-00161-202606,ACC-CR-00161,2026-05-02,2026-06-01,2026-06-02T13:00:00Z,2026-06-26,745.99,338.95,0.00,298.40,0.00,786.54,35.00
STM-CR-00161-202607,ACC-CR-00161,2026-06-02,2026-07-01,2026-07-02T13:00:00Z,2026-07-26,786.54,284.76,0.00,314.62,0.00,756.68,35.00
STM-CR-00161-202608,ACC-CR-00161,2026-07-02,2026-08-01,2026-08-02T13:00:00Z,2026-08-26,756.68,387.60,0.00,302.67,0.00,841.61,35.00
STM-CR-00161-202609,ACC-CR-00161,2026-08-02,2026-09-01,2026-09-02T13:00:00Z,2026-09-26,841.61,295.88,0.00,336.64,0.00,800.85,35.00
STM-CR-00161-202610,ACC-CR-00161,2026-09-02,2026-10-01,2026-10-02T13:00:00Z,2026-10-26,800.85,378.70,0.00,320.34,0.00,859.21,35.00
STM-CR-00162-202509,ACC-CR-00162,2025-08-31,2025-09-23,2025-09-24T13:00:00Z,2025-10-18,0.00,0.00,0.00,0.00,0.00,0.00,0.00
STM-CR-00162-202510,ACC-CR-00162,2025-09-24,2025-10-23,2025-10-24T13:00:00Z,2025-11-17,0.00,298.70,0.00,0.00,0.00,298.70,35.00
STM-CR-00162-202511,ACC-CR-00162,2025-10-24,2025-11-23,2025-11-24T14:00:00Z,2025-12-18,298.70,261.42,0.00,298.70,0.00,261.42,35.00
STM-CR-00162-202512,ACC-CR-00162,2025-11-24,2025-12-23,2025-12-24T14:00:00Z,2026-01-17,261.42,1024.97,0.00,261.42,0.00,1024.97,35.00
STM-CR-00162-202601,ACC-CR-00162,2025-12-24,2026-01-23,2026-01-24T14:00:00Z,2026-02-17,1024.97,69.99,0.00,1024.97,0.00,69.99,35.00
STM-CR-00162-202602,ACC-CR-00162,2026-01-24,2026-02-23,2026-02-24T14:00:00Z,2026-03-20,69.99,337.60,0.00,69.99,0.00,337.60,35.00
STM-CR-00162-202603,ACC-CR-00162,2026-02-24,2026-03-23,2026-03-24T13:00:00Z,2026-04-17,337.60,334.03,0.00,337.60,0.00,334.03,35.00
STM-CR-00162-202604,ACC-CR-00162,2026-03-24,2026-04-23,2026-04-24T13:00:00Z,2026-05-18,334.03,320.81,0.00,334.03,0.00,320.81,35.00
STM-CR-00162-202605,ACC-CR-00162,2026-04-24,2026-05-23,2026-05-24T13:00:00Z,2026-06-17,320.81,678.09,0.00,320.81,0.00,678.09,35.00
STM-CR-00162-202606,ACC-CR-00162,2026-05-24,2026-06-23,2026-06-24T13:00:00Z,2026-07-18,678.09,428.00,0.00,678.09,0.00,428.00,35.00
STM-CR-00162-202607,ACC-CR-00162,2026-06-24,2026-07-23,2026-07-24T13:00:00Z,2026-08-17,428.00,371.18,0.00,428.00,0.00,371.18,35.00
STM-CR-00162-202608,ACC-CR-00162,2026-07-24,2026-08-23,2026-08-24T13:00:00Z,2026-09-17,371.18,132.19,0.00,371.18,0.00,132.19,35.00
STM-CR-00162-202609,ACC-CR-00162,2026-08-24,2026-09-23,2026-09-24T13:00:00Z,2026-10-18,132.19,385.63,0.00,132.19,0.00,385.63,35.00
STM-CR-00163-202509,ACC-CR-00163,2025-08-31,2025-09-05,2025-09-06T13:00:00Z,2025-09-30,0.00,0.00,0.00,0.00,0.00,0.00,0.00
STM-CR-00163-202510,ACC-CR-00163,2025-09-06,2025-10-05,2025-10-06T13:00:00Z,2025-10-30,0.00,0.00,0.00,0.00,0.00,0.00,0.00
STM-CR-00163-202511,ACC-CR-00163,2025-10-06,2025-11-05,2025-11-06T14:00:00Z,2025-11-30,0.00,811.69,27.43,0.00,0.00,784.26,35.00
STM-CR-00163-202512,ACC-CR-00163,2025-11-06,2025-12-05,2025-12-06T14:00:00Z,2025-12-30,784.26,157.75,0.00,784.26,0.00,157.75,35.00
STM-CR-00163-202601,ACC-CR-00163,2025-12-06,2026-01-05,2026-01-06T14:00:00Z,2026-01-30,157.75,145.28,0.00,157.75,0.00,145.28,35.00
STM-CR-00163-202602,ACC-CR-00163,2026-01-06,2026-02-05,2026-02-06T14:00:00Z,2026-03-02,145.28,99.87,0.00,145.28,0.00,99.87,35.00
STM-CR-00163-202603,ACC-CR-00163,2026-02-06,2026-03-05,2026-03-06T14:00:00Z,2026-03-30,99.87,251.98,0.00,99.87,0.00,251.98,35.00
STM-CR-00163-202604,ACC-CR-00163,2026-03-06,2026-04-05,2026-04-06T13:00:00Z,2026-04-30,251.98,294.39,0.00,251.98,0.00,294.39,35.00
STM-CR-00163-202605,ACC-CR-00163,2026-04-06,2026-05-05,2026-05-06T13:00:00Z,2026-05-30,294.39,222.66,0.00,294.39,0.00,222.66,35.00
STM-CR-00163-202606,ACC-CR-00163,2026-05-06,2026-06-05,2026-06-06T13:00:00Z,2026-06-30,222.66,311.20,0.00,222.66,0.00,311.20,35.00
STM-CR-00163-202607,ACC-CR-00163,2026-06-06,2026-07-05,2026-07-06T13:00:00Z,2026-07-30,311.20,144.40,0.00,311.20,0.00,144.40,35.00
STM-CR-00163-202608,ACC-CR-00163,2026-07-06,2026-08-05,2026-08-06T13:00:00Z,2026-08-30,144.40,222.22,0.00,144.40,0.00,222.22,35.00
STM-CR-00163-202609,ACC-CR-00163,2026-08-06,2026-09-05,2026-09-06T13:00:00Z,2026-09-30,222.22,379.98,0.00,222.22,0.00,379.98,35.00
STM-CR-00163-202610,ACC-CR-00163,2026-09-06,2026-10-05,2026-10-06T13:00:00Z,2026-10-30,379.98,214.86,0.00,379.98,0.00,214.86,35.00
STM-CR-00164-202509,ACC-CR-00164,2025-08-31,2025-09-17,2025-09-18T13:00:00Z,2025-10-12,0.00,0.00,0.00,0.00,0.00,0.00,0.00
STM-CR-00164-202510,ACC-CR-00164,2025-09-18,2025-10-17,2025-10-18T13:00:00Z,2025-11-11,0.00,367.67,0.00,0.00,0.00,367.67,35.00
STM-CR-00164-202511,ACC-CR-00164,2025-10-18,2025-11-17,2025-11-18T14:00:00Z,2025-12-12,367.67,447.02,0.00,367.67,0.00,447.02,35.00
STM-CR-00164-202512,ACC-CR-00164,2025-11-18,2025-12-17,2025-12-18T14:00:00Z,2026-01-11,447.02,317.24,0.00,447.02,0.00,317.24,35.00
STM-CR-00164-202601,ACC-CR-00164,2025-12-18,2026-01-17,2026-01-18T14:00:00Z,2026-02-11,317.24,382.21,0.00,317.24,0.00,382.21,35.00
STM-CR-00164-202602,ACC-CR-00164,2026-01-18,2026-02-17,2026-02-18T14:00:00Z,2026-03-14,382.21,238.40,0.00,382.21,0.00,238.40,35.00
STM-CR-00164-202603,ACC-CR-00164,2026-02-18,2026-03-17,2026-03-18T13:00:00Z,2026-04-11,238.40,128.75,0.00,238.40,0.00,128.75,35.00
STM-CR-00164-202604,ACC-CR-00164,2026-03-18,2026-04-17,2026-04-18T13:00:00Z,2026-05-12,128.75,410.74,0.00,128.75,0.00,410.74,35.00
STM-CR-00164-202605,ACC-CR-00164,2026-04-18,2026-05-17,2026-05-18T13:00:00Z,2026-06-11,410.74,171.21,0.00,410.74,0.00,171.21,35.00
STM-CR-00164-202606,ACC-CR-00164,2026-05-18,2026-06-17,2026-06-18T13:00:00Z,2026-07-12,171.21,352.05,0.00,171.21,0.00,352.05,35.00
STM-CR-00164-202607,ACC-CR-00164,2026-06-18,2026-07-17,2026-07-18T13:00:00Z,2026-08-11,352.05,261.82,0.00,352.05,0.00,261.82,35.00
STM-CR-00164-202608,ACC-CR-00164,2026-07-18,2026-08-17,2026-08-18T13:00:00Z,2026-09-11,261.82,184.67,0.00,261.82,0.00,184.67,35.00
STM-CR-00164-202609,ACC-CR-00164,2026-08-18,2026-09-17,2026-09-18T13:00:00Z,2026-10-12,184.67,540.56,0.00,184.67,0.00,540.56,35.00
STM-CR-00164-202610,ACC-CR-00164,2026-09-18,2026-10-17,2026-10-18T13:00:00Z,2026-11-11,540.56,491.33,0.00,540.56,0.00,491.33,35.00
STM-CR-00165-202509,ACC-CR-00165,2025-08-31,2025-09-16,2025-09-17T13:00:00Z,2025-10-11,0.00,0.00,0.00,0.00,0.00,0.00,0.00
STM-CR-00165-202510,ACC-CR-00165,2025-09-17,2025-10-16,2025-10-17T13:00:00Z,2025-11-10,0.00,17.99,0.00,0.00,0.00,17.99,35.00
STM-CR-00165-202511,ACC-CR-00165,2025-10-17,2025-11-16,2025-11-17T14:00:00Z,2025-12-11,17.99,237.10,0.00,17.99,0.00,237.10,35.00
STM-CR-00165-202512,ACC-CR-00165,2025-11-17,2025-12-16,2025-12-17T14:00:00Z,2026-01-10,237.10,108.93,0.00,237.10,0.00,108.93,35.00
STM-CR-00165-202601,ACC-CR-00165,2025-12-17,2026-01-16,2026-01-17T14:00:00Z,2026-02-10,108.93,160.47,0.00,108.93,0.00,160.47,35.00
STM-CR-00165-202602,ACC-CR-00165,2026-01-17,2026-02-16,2026-02-17T14:00:00Z,2026-03-13,160.47,256.85,0.00,160.47,0.00,256.85,35.00
STM-CR-00165-202603,ACC-CR-00165,2026-02-17,2026-03-16,2026-03-17T13:00:00Z,2026-04-10,256.85,55.59,0.00,256.85,0.00,55.59,35.00
STM-CR-00165-202604,ACC-CR-00165,2026-03-17,2026-04-16,2026-04-17T13:00:00Z,2026-05-11,55.59,303.38,0.00,55.59,0.00,303.38,35.00
STM-CR-00165-202605,ACC-CR-00165,2026-04-17,2026-05-16,2026-05-17T13:00:00Z,2026-06-10,303.38,151.51,0.00,303.38,0.00,151.51,35.00
STM-CR-00165-202606,ACC-CR-00165,2026-05-17,2026-06-16,2026-06-17T13:00:00Z,2026-07-11,151.51,566.05,0.00,151.51,0.00,566.05,35.00
STM-CR-00165-202607,ACC-CR-00165,2026-06-17,2026-07-16,2026-07-17T13:00:00Z,2026-08-10,566.05,568.86,0.00,566.05,0.00,568.86,35.00
STM-CR-00165-202608,ACC-CR-00165,2026-07-17,2026-08-16,2026-08-17T13:00:00Z,2026-09-10,568.86,36.50,0.00,568.86,0.00,36.50,35.00
STM-CR-00165-202609,ACC-CR-00165,2026-08-17,2026-09-16,2026-09-17T13:00:00Z,2026-10-11,36.50,51.19,0.00,36.50,0.00,51.19,35.00
STM-CR-00165-202610,ACC-CR-00165,2026-09-17,2026-10-16,2026-10-17T13:00:00Z,2026-11-10,51.19,173.76,0.00,51.19,0.00,173.76,35.00
STM-CR-00166-202509,ACC-CR-00166,2025-08-31,2025-09-09,2025-09-10T13:00:00Z,2025-10-04,0.00,0.00,0.00,0.00,0.00,0.00,0.00
STM-CR-00166-202510,ACC-CR-00166,2025-09-10,2025-10-09,2025-10-10T13:00:00Z,2025-11-03,0.00,234.36,0.00,0.00,0.00,234.36,35.00
STM-CR-00166-202511,ACC-CR-00166,2025-10-10,2025-11-09,2025-11-10T14:00:00Z,2025-12-04,234.36,501.85,0.00,35.00,0.00,701.21,35.00
STM-CR-00166-202512,ACC-CR-00166,2025-11-10,2025-12-09,2025-12-10T14:00:00Z,2026-01-03,701.21,455.36,0.00,35.00,0.00,1121.57,35.00
STM-CR-00166-202601,ACC-CR-00166,2025-12-10,2026-01-09,2026-01-10T14:00:00Z,2026-02-03,1121.57,285.34,0.00,35.00,0.00,1371.91,35.00
STM-CR-00166-202602,ACC-CR-00166,2026-01-10,2026-02-09,2026-02-10T14:00:00Z,2026-03-06,1371.91,415.18,0.00,35.00,0.00,1752.09,35.04
STM-CR-00166-202603,ACC-CR-00166,2026-02-10,2026-03-09,2026-03-10T13:00:00Z,2026-04-03,1752.09,375.67,0.00,35.04,0.00,2092.72,41.85
STM-CR-00166-202604,ACC-CR-00166,2026-03-10,2026-04-09,2026-04-10T13:00:00Z,2026-05-04,2092.72,312.72,0.00,41.85,0.00,2363.59,47.27
STM-CR-00166-202605,ACC-CR-00166,2026-04-10,2026-05-09,2026-05-10T13:00:00Z,2026-06-03,2363.59,348.18,0.00,47.27,0.00,2664.50,53.29
STM-CR-00166-202606,ACC-CR-00166,2026-05-10,2026-06-09,2026-06-10T13:00:00Z,2026-07-04,2664.50,1008.40,0.00,53.29,0.00,3619.61,72.39
STM-CR-00166-202607,ACC-CR-00166,2026-06-10,2026-07-09,2026-07-10T13:00:00Z,2026-08-03,3619.61,796.64,0.00,72.39,0.00,4343.86,86.88
STM-CR-00166-202608,ACC-CR-00166,2026-07-10,2026-08-09,2026-08-10T13:00:00Z,2026-09-03,4343.86,441.19,0.00,86.88,0.00,4698.17,93.96
STM-CR-00166-202609,ACC-CR-00166,2026-08-10,2026-09-09,2026-09-10T13:00:00Z,2026-10-04,4698.17,436.47,0.00,93.96,0.00,5040.68,100.81
STM-CR-00166-202610,ACC-CR-00166,2026-09-10,2026-10-09,2026-10-10T13:00:00Z,2026-11-03,5040.68,236.91,0.00,100.81,0.00,5176.78,103.54
STM-CR-00167-202509,ACC-CR-00167,2025-08-31,2025-09-23,2025-09-24T13:00:00Z,2025-10-18,0.00,0.00,0.00,0.00,0.00,0.00,0.00
STM-CR-00167-202510,ACC-CR-00167,2025-09-24,2025-10-23,2025-10-24T13:00:00Z,2025-11-17,0.00,291.38,0.00,0.00,0.00,291.38,35.00
STM-CR-00167-202511,ACC-CR-00167,2025-10-24,2025-11-23,2025-11-24T14:00:00Z,2025-12-18,291.38,316.71,0.00,116.55,0.00,491.54,35.00
STM-CR-00167-202512,ACC-CR-00167,2025-11-24,2025-12-23,2025-12-24T14:00:00Z,2026-01-17,491.54,286.68,0.00,196.62,0.00,581.60,35.00
STM-CR-00167-202601,ACC-CR-00167,2025-12-24,2026-01-23,2026-01-24T14:00:00Z,2026-02-17,581.60,395.39,0.00,232.64,0.00,744.35,35.00
STM-CR-00167-202602,ACC-CR-00167,2026-01-24,2026-02-23,2026-02-24T14:00:00Z,2026-03-20,744.35,474.71,0.00,297.74,0.00,921.32,35.00
STM-CR-00167-202603,ACC-CR-00167,2026-02-24,2026-03-23,2026-03-24T13:00:00Z,2026-04-17,921.32,337.66,0.00,368.53,0.00,890.45,35.00
STM-CR-00167-202604,ACC-CR-00167,2026-03-24,2026-04-23,2026-04-24T13:00:00Z,2026-05-18,890.45,1277.69,0.00,356.18,0.00,1811.96,36.24
STM-CR-00167-202605,ACC-CR-00167,2026-04-24,2026-05-23,2026-05-24T13:00:00Z,2026-06-17,1811.96,329.40,0.00,724.78,0.00,1416.58,35.00
STM-CR-00167-202606,ACC-CR-00167,2026-05-24,2026-06-23,2026-06-24T13:00:00Z,2026-07-18,1416.58,761.22,0.00,566.63,0.00,1611.17,35.00
STM-CR-00167-202607,ACC-CR-00167,2026-06-24,2026-07-23,2026-07-24T13:00:00Z,2026-08-17,1611.17,1595.23,0.00,644.47,0.00,2561.93,51.24
STM-CR-00167-202608,ACC-CR-00167,2026-07-24,2026-08-23,2026-08-24T13:00:00Z,2026-09-17,2561.93,491.85,0.00,1024.77,0.00,2029.01,40.58
STM-CR-00167-202609,ACC-CR-00167,2026-08-24,2026-09-23,2026-09-24T13:00:00Z,2026-10-18,2029.01,207.38,0.00,811.60,0.00,1424.79,35.00
STM-CR-00168-202509,ACC-CR-00168,2025-08-31,2025-09-03,2025-09-04T13:00:00Z,2025-09-28,0.00,0.00,0.00,0.00,0.00,0.00,0.00
STM-CR-00168-202510,ACC-CR-00168,2025-09-04,2025-10-03,2025-10-04T13:00:00Z,2025-10-28,0.00,0.00,0.00,0.00,0.00,0.00,0.00
STM-CR-00168-202511,ACC-CR-00168,2025-10-04,2025-11-03,2025-11-04T14:00:00Z,2025-11-28,0.00,343.36,0.00,0.00,0.00,343.36,35.00
STM-CR-00168-202512,ACC-CR-00168,2025-11-04,2025-12-03,2025-12-04T14:00:00Z,2025-12-28,343.36,542.27,0.00,35.00,0.00,850.63,35.00
STM-CR-00168-202601,ACC-CR-00168,2025-12-04,2026-01-03,2026-01-04T14:00:00Z,2026-01-28,850.63,539.89,0.00,35.00,0.00,1355.52,35.00
STM-CR-00168-202602,ACC-CR-00168,2026-01-04,2026-02-03,2026-02-04T14:00:00Z,2026-02-28,1355.52,473.84,0.00,35.00,0.00,1794.36,35.89
STM-CR-00168-202603,ACC-CR-00168,2026-02-04,2026-03-03,2026-03-04T14:00:00Z,2026-03-28,1794.36,563.38,0.00,35.89,0.00,2321.85,46.44
STM-CR-00168-202604,ACC-CR-00168,2026-03-04,2026-04-03,2026-04-04T13:00:00Z,2026-04-28,2321.85,628.08,0.00,46.44,0.00,2903.49,58.07
STM-CR-00168-202605,ACC-CR-00168,2026-04-04,2026-05-03,2026-05-04T13:00:00Z,2026-05-28,2903.49,355.64,0.00,58.07,0.00,3201.06,64.02
STM-CR-00168-202606,ACC-CR-00168,2026-05-04,2026-06-03,2026-06-04T13:00:00Z,2026-06-28,3201.06,469.02,0.00,64.02,0.00,3606.06,72.12
STM-CR-00168-202607,ACC-CR-00168,2026-06-04,2026-07-03,2026-07-04T13:00:00Z,2026-07-28,3606.06,453.68,0.00,72.12,0.00,3987.62,79.75
STM-CR-00168-202608,ACC-CR-00168,2026-07-04,2026-08-03,2026-08-04T13:00:00Z,2026-08-28,3987.62,394.75,0.00,79.75,0.00,4302.62,86.05
STM-CR-00168-202609,ACC-CR-00168,2026-08-04,2026-09-03,2026-09-04T13:00:00Z,2026-09-28,4302.62,377.09,0.00,86.05,0.00,4593.66,91.87
STM-CR-00168-202610,ACC-CR-00168,2026-09-04,2026-10-03,2026-10-04T13:00:00Z,2026-10-28,4593.66,266.08,0.00,91.87,0.00,4767.87,95.36
STM-CR-00169-202509,ACC-CR-00169,2025-08-31,2025-09-23,2025-09-24T13:00:00Z,2025-10-18,0.00,0.00,0.00,0.00,0.00,0.00,0.00
STM-CR-00169-202510,ACC-CR-00169,2025-09-24,2025-10-23,2025-10-24T13:00:00Z,2025-11-17,0.00,221.70,0.00,0.00,0.00,221.70,35.00
STM-CR-00169-202511,ACC-CR-00169,2025-10-24,2025-11-23,2025-11-24T14:00:00Z,2025-12-18,221.70,437.75,0.00,221.70,0.00,437.75,35.00
STM-CR-00169-202512,ACC-CR-00169,2025-11-24,2025-12-23,2025-12-24T14:00:00Z,2026-01-17,437.75,175.80,0.00,437.75,0.00,175.80,35.00
STM-CR-00169-202601,ACC-CR-00169,2025-12-24,2026-01-23,2026-01-24T14:00:00Z,2026-02-17,175.80,738.27,0.00,175.80,0.00,738.27,35.00
STM-CR-00169-202602,ACC-CR-00169,2026-01-24,2026-02-23,2026-02-24T14:00:00Z,2026-03-20,738.27,293.82,0.00,738.27,0.00,293.82,35.00
STM-CR-00169-202603,ACC-CR-00169,2026-02-24,2026-03-23,2026-03-24T13:00:00Z,2026-04-17,293.82,401.38,0.00,293.82,0.00,401.38,35.00
STM-CR-00169-202604,ACC-CR-00169,2026-03-24,2026-04-23,2026-04-24T13:00:00Z,2026-05-18,401.38,204.32,0.00,401.38,0.00,204.32,35.00
STM-CR-00169-202605,ACC-CR-00169,2026-04-24,2026-05-23,2026-05-24T13:00:00Z,2026-06-17,204.32,379.32,0.00,204.32,0.00,379.32,35.00
STM-CR-00169-202606,ACC-CR-00169,2026-05-24,2026-06-23,2026-06-24T13:00:00Z,2026-07-18,379.32,90.75,0.00,379.32,0.00,90.75,35.00
STM-CR-00169-202607,ACC-CR-00169,2026-06-24,2026-07-23,2026-07-24T13:00:00Z,2026-08-17,90.75,325.23,0.00,90.75,0.00,325.23,35.00
STM-CR-00169-202608,ACC-CR-00169,2026-07-24,2026-08-23,2026-08-24T13:00:00Z,2026-09-17,325.23,358.43,0.00,325.23,0.00,358.43,35.00
STM-CR-00169-202609,ACC-CR-00169,2026-08-24,2026-09-23,2026-09-24T13:00:00Z,2026-10-18,358.43,300.71,0.00,358.43,0.00,300.71,35.00
STM-CR-00170-202509,ACC-CR-00170,2025-08-31,2025-09-03,2025-09-04T13:00:00Z,2025-09-28,0.00,0.00,0.00,0.00,0.00,0.00,0.00
STM-CR-00170-202510,ACC-CR-00170,2025-09-04,2025-10-03,2025-10-04T13:00:00Z,2025-10-28,0.00,0.00,0.00,0.00,0.00,0.00,0.00
STM-CR-00170-202511,ACC-CR-00170,2025-10-04,2025-11-03,2025-11-04T14:00:00Z,2025-11-28,0.00,587.63,0.00,0.00,0.00,587.63,35.00
STM-CR-00170-202512,ACC-CR-00170,2025-11-04,2025-12-03,2025-12-04T14:00:00Z,2025-12-28,587.63,605.69,0.00,587.63,0.00,605.69,35.00
STM-CR-00170-202601,ACC-CR-00170,2025-12-04,2026-01-03,2026-01-04T14:00:00Z,2026-01-28,605.69,438.39,0.00,605.69,0.00,438.39,35.00
STM-CR-00170-202602,ACC-CR-00170,2026-01-04,2026-02-03,2026-02-04T14:00:00Z,2026-02-28,438.39,459.87,0.00,438.39,0.00,459.87,35.00
STM-CR-00170-202603,ACC-CR-00170,2026-02-04,2026-03-03,2026-03-04T14:00:00Z,2026-03-28,459.87,476.25,0.00,459.87,0.00,476.25,35.00
STM-CR-00170-202604,ACC-CR-00170,2026-03-04,2026-04-03,2026-04-04T13:00:00Z,2026-04-28,476.25,522.59,0.00,476.25,0.00,522.59,35.00
STM-CR-00170-202605,ACC-CR-00170,2026-04-04,2026-05-03,2026-05-04T13:00:00Z,2026-05-28,522.59,330.82,0.00,522.59,0.00,330.82,35.00
STM-CR-00170-202606,ACC-CR-00170,2026-05-04,2026-06-03,2026-06-04T13:00:00Z,2026-06-28,330.82,565.55,24.53,330.82,0.00,541.02,35.00
STM-CR-00170-202607,ACC-CR-00170,2026-06-04,2026-07-03,2026-07-04T13:00:00Z,2026-07-28,541.02,865.47,0.00,541.02,0.00,865.47,35.00
STM-CR-00170-202608,ACC-CR-00170,2026-07-04,2026-08-03,2026-08-04T13:00:00Z,2026-08-28,865.47,352.03,0.00,865.47,0.00,352.03,35.00
STM-CR-00170-202609,ACC-CR-00170,2026-08-04,2026-09-03,2026-09-04T13:00:00Z,2026-09-28,352.03,1186.47,0.00,352.03,0.00,1186.47,35.00
STM-CR-00170-202610,ACC-CR-00170,2026-09-04,2026-10-03,2026-10-04T13:00:00Z,2026-10-28,1186.47,274.22,0.00,1186.47,0.00,274.22,35.00
STM-CR-00171-202509,ACC-CR-00171,2025-08-31,2025-09-13,2025-09-14T13:00:00Z,2025-10-08,0.00,0.00,0.00,0.00,0.00,0.00,0.00
STM-CR-00171-202510,ACC-CR-00171,2025-09-14,2025-10-13,2025-10-14T13:00:00Z,2025-11-07,0.00,341.67,0.00,0.00,0.00,341.67,35.00
STM-CR-00171-202511,ACC-CR-00171,2025-10-14,2025-11-13,2025-11-14T14:00:00Z,2025-12-08,341.67,146.43,0.00,341.67,0.00,146.43,35.00
STM-CR-00171-202512,ACC-CR-00171,2025-11-14,2025-12-13,2025-12-14T14:00:00Z,2026-01-07,146.43,309.82,0.00,146.43,0.00,309.82,35.00
STM-CR-00171-202601,ACC-CR-00171,2025-12-14,2026-01-13,2026-01-14T14:00:00Z,2026-02-07,309.82,145.49,0.00,309.82,0.00,145.49,35.00
STM-CR-00171-202602,ACC-CR-00171,2026-01-14,2026-02-13,2026-02-14T14:00:00Z,2026-03-10,145.49,349.90,0.00,145.49,0.00,349.90,35.00
STM-CR-00171-202603,ACC-CR-00171,2026-02-14,2026-03-13,2026-03-14T13:00:00Z,2026-04-07,349.90,86.58,0.00,349.90,0.00,86.58,35.00
STM-CR-00171-202604,ACC-CR-00171,2026-03-14,2026-04-13,2026-04-14T13:00:00Z,2026-05-08,86.58,123.19,0.00,86.58,0.00,123.19,35.00
STM-CR-00171-202605,ACC-CR-00171,2026-04-14,2026-05-13,2026-05-14T13:00:00Z,2026-06-07,123.19,608.09,0.00,123.19,0.00,608.09,35.00
STM-CR-00171-202606,ACC-CR-00171,2026-05-14,2026-06-13,2026-06-14T13:00:00Z,2026-07-08,608.09,375.02,0.00,608.09,0.00,375.02,35.00
STM-CR-00171-202607,ACC-CR-00171,2026-06-14,2026-07-13,2026-07-14T13:00:00Z,2026-08-07,375.02,175.86,0.00,375.02,0.00,175.86,35.00
STM-CR-00171-202608,ACC-CR-00171,2026-07-14,2026-08-13,2026-08-14T13:00:00Z,2026-09-07,175.86,65.29,0.00,175.86,0.00,65.29,35.00
STM-CR-00171-202609,ACC-CR-00171,2026-08-14,2026-09-13,2026-09-14T13:00:00Z,2026-10-08,65.29,541.09,0.00,65.29,0.00,541.09,35.00
STM-CR-00171-202610,ACC-CR-00171,2026-09-14,2026-10-13,2026-10-14T13:00:00Z,2026-11-07,541.09,184.11,0.00,541.09,0.00,184.11,35.00
STM-CR-00172-202509,ACC-CR-00172,2025-08-31,2025-09-27,2025-09-28T13:00:00Z,2025-10-22,0.00,0.00,0.00,0.00,0.00,0.00,0.00
STM-CR-00172-202510,ACC-CR-00172,2025-09-28,2025-10-27,2025-10-28T13:00:00Z,2025-11-21,0.00,186.41,0.00,0.00,0.00,186.41,35.00
STM-CR-00172-202511,ACC-CR-00172,2025-10-28,2025-11-27,2025-11-28T14:00:00Z,2025-12-22,186.41,546.49,0.00,186.41,0.00,546.49,35.00
STM-CR-00172-202512,ACC-CR-00172,2025-11-28,2025-12-27,2025-12-28T14:00:00Z,2026-01-21,546.49,246.96,0.00,546.49,0.00,246.96,35.00
STM-CR-00172-202601,ACC-CR-00172,2025-12-28,2026-01-27,2026-01-28T14:00:00Z,2026-02-21,246.96,346.87,0.00,246.96,0.00,346.87,35.00
STM-CR-00172-202602,ACC-CR-00172,2026-01-28,2026-02-27,2026-02-28T14:00:00Z,2026-03-24,346.87,297.71,0.00,346.87,0.00,297.71,35.00
STM-CR-00172-202603,ACC-CR-00172,2026-02-28,2026-03-27,2026-03-28T13:00:00Z,2026-04-21,297.71,516.68,0.00,297.71,0.00,516.68,35.00
STM-CR-00172-202604,ACC-CR-00172,2026-03-28,2026-04-27,2026-04-28T13:00:00Z,2026-05-22,516.68,201.73,0.00,516.68,0.00,201.73,35.00
STM-CR-00172-202605,ACC-CR-00172,2026-04-28,2026-05-27,2026-05-28T13:00:00Z,2026-06-21,201.73,293.84,0.00,201.73,0.00,293.84,35.00
STM-CR-00172-202606,ACC-CR-00172,2026-05-28,2026-06-27,2026-06-28T13:00:00Z,2026-07-22,293.84,500.64,0.00,293.84,0.00,500.64,35.00
STM-CR-00172-202607,ACC-CR-00172,2026-06-28,2026-07-27,2026-07-28T13:00:00Z,2026-08-21,500.64,376.11,0.00,500.64,0.00,376.11,35.00
STM-CR-00172-202608,ACC-CR-00172,2026-07-28,2026-08-27,2026-08-28T13:00:00Z,2026-09-21,376.11,620.82,0.00,376.11,0.00,620.82,35.00
STM-CR-00172-202609,ACC-CR-00172,2026-08-28,2026-09-27,2026-09-28T13:00:00Z,2026-10-22,620.82,302.42,0.00,620.82,0.00,302.42,35.00
STM-CR-00173-202509,ACC-CR-00173,2025-08-31,2025-09-22,2025-09-23T13:00:00Z,2025-10-17,0.00,0.00,0.00,0.00,0.00,0.00,0.00
STM-CR-00173-202510,ACC-CR-00173,2025-09-23,2025-10-22,2025-10-23T13:00:00Z,2025-11-16,0.00,486.62,0.00,0.00,0.00,486.62,35.00
STM-CR-00173-202511,ACC-CR-00173,2025-10-23,2025-11-22,2025-11-23T14:00:00Z,2025-12-17,486.62,436.90,0.00,486.62,0.00,436.90,35.00
STM-CR-00173-202512,ACC-CR-00173,2025-11-23,2025-12-22,2025-12-23T14:00:00Z,2026-01-16,436.90,231.41,0.00,436.90,0.00,231.41,35.00
STM-CR-00173-202601,ACC-CR-00173,2025-12-23,2026-01-22,2026-01-23T14:00:00Z,2026-02-16,231.41,295.28,0.00,231.41,0.00,295.28,35.00
STM-CR-00173-202602,ACC-CR-00173,2026-01-23,2026-02-22,2026-02-23T14:00:00Z,2026-03-19,295.28,325.88,0.00,295.28,0.00,325.88,35.00
STM-CR-00173-202603,ACC-CR-00173,2026-02-23,2026-03-22,2026-03-23T13:00:00Z,2026-04-16,325.88,330.57,112.18,325.88,0.00,218.39,35.00
STM-CR-00173-202604,ACC-CR-00173,2026-03-23,2026-04-22,2026-04-23T13:00:00Z,2026-05-17,218.39,131.57,0.00,218.39,0.00,131.57,35.00
STM-CR-00173-202605,ACC-CR-00173,2026-04-23,2026-05-22,2026-05-23T13:00:00Z,2026-06-16,131.57,270.98,0.00,131.57,0.00,270.98,35.00
STM-CR-00173-202606,ACC-CR-00173,2026-05-23,2026-06-22,2026-06-23T13:00:00Z,2026-07-17,270.98,1590.16,0.00,270.98,0.00,1590.16,35.00
STM-CR-00173-202607,ACC-CR-00173,2026-06-23,2026-07-22,2026-07-23T13:00:00Z,2026-08-16,1590.16,429.34,0.00,1590.16,0.00,429.34,35.00
STM-CR-00173-202608,ACC-CR-00173,2026-07-23,2026-08-22,2026-08-23T13:00:00Z,2026-09-16,429.34,167.59,0.00,429.34,0.00,167.59,35.00
STM-CR-00173-202609,ACC-CR-00173,2026-08-23,2026-09-22,2026-09-23T13:00:00Z,2026-10-17,167.59,142.92,0.00,167.59,0.00,142.92,35.00
STM-CR-00174-202509,ACC-CR-00174,2025-08-31,2025-09-04,2025-09-05T13:00:00Z,2025-09-29,0.00,0.00,0.00,0.00,0.00,0.00,0.00
STM-CR-00174-202510,ACC-CR-00174,2025-09-05,2025-10-04,2025-10-05T13:00:00Z,2025-10-29,0.00,0.00,0.00,0.00,0.00,0.00,0.00
STM-CR-00174-202511,ACC-CR-00174,2025-10-05,2025-11-04,2025-11-05T14:00:00Z,2025-11-29,0.00,352.23,0.00,0.00,0.00,352.23,35.00
STM-CR-00174-202512,ACC-CR-00174,2025-11-05,2025-12-04,2025-12-05T14:00:00Z,2025-12-29,352.23,154.27,0.00,35.00,0.00,471.50,35.00
STM-CR-00174-202601,ACC-CR-00174,2025-12-05,2026-01-04,2026-01-05T14:00:00Z,2026-01-29,471.50,261.16,0.00,35.00,0.00,697.66,35.00
STM-CR-00174-202602,ACC-CR-00174,2026-01-05,2026-02-04,2026-02-05T14:00:00Z,2026-03-01,697.66,90.39,0.00,35.00,0.00,753.05,35.00
STM-CR-00174-202603,ACC-CR-00174,2026-02-05,2026-03-04,2026-03-05T14:00:00Z,2026-03-29,753.05,149.58,0.00,35.00,0.00,867.63,35.00
STM-CR-00174-202604,ACC-CR-00174,2026-03-05,2026-04-04,2026-04-05T13:00:00Z,2026-04-29,867.63,242.66,0.00,35.00,0.00,1075.29,35.00
STM-CR-00174-202605,ACC-CR-00174,2026-04-05,2026-05-04,2026-05-05T13:00:00Z,2026-05-29,1075.29,132.01,0.00,35.00,0.00,1172.30,35.00
STM-CR-00174-202606,ACC-CR-00174,2026-05-05,2026-06-04,2026-06-05T13:00:00Z,2026-06-29,1172.30,100.54,0.00,35.00,0.00,1237.84,35.00
STM-CR-00174-202607,ACC-CR-00174,2026-06-05,2026-07-04,2026-07-05T13:00:00Z,2026-07-29,1237.84,112.12,0.00,35.00,0.00,1314.96,35.00
STM-CR-00174-202608,ACC-CR-00174,2026-07-05,2026-08-04,2026-08-05T13:00:00Z,2026-08-29,1314.96,144.52,0.00,35.00,0.00,1424.48,35.00
STM-CR-00174-202609,ACC-CR-00174,2026-08-05,2026-09-04,2026-09-05T13:00:00Z,2026-09-29,1424.48,114.31,0.00,35.00,0.00,1503.79,35.00
STM-CR-00174-202610,ACC-CR-00174,2026-09-05,2026-10-04,2026-10-05T13:00:00Z,2026-10-29,1503.79,271.23,0.00,35.00,0.00,1740.02,35.00
STM-CR-00175-202509,ACC-CR-00175,2025-08-31,2025-09-04,2025-09-05T13:00:00Z,2025-09-29,0.00,0.00,0.00,0.00,0.00,0.00,0.00
STM-CR-00175-202510,ACC-CR-00175,2025-09-05,2025-10-04,2025-10-05T13:00:00Z,2025-10-29,0.00,117.45,0.00,0.00,0.00,117.45,35.00
STM-CR-00175-202511,ACC-CR-00175,2025-10-05,2025-11-04,2025-11-05T14:00:00Z,2025-11-29,117.45,406.32,0.00,46.98,0.00,476.79,35.00
STM-CR-00175-202512,ACC-CR-00175,2025-11-05,2025-12-04,2025-12-05T14:00:00Z,2025-12-29,476.79,697.29,0.00,190.72,0.00,983.36,35.00
STM-CR-00175-202601,ACC-CR-00175,2025-12-05,2026-01-04,2026-01-05T14:00:00Z,2026-01-29,983.36,506.10,0.00,393.34,0.00,1096.12,35.00
STM-CR-00175-202602,ACC-CR-00175,2026-01-05,2026-02-04,2026-02-05T14:00:00Z,2026-03-01,1096.12,446.54,0.00,438.45,0.00,1104.21,35.00
STM-CR-00175-202603,ACC-CR-00175,2026-02-05,2026-03-04,2026-03-05T14:00:00Z,2026-03-29,1104.21,362.09,0.00,441.68,0.00,1024.62,35.00
STM-CR-00175-202604,ACC-CR-00175,2026-03-05,2026-04-04,2026-04-05T13:00:00Z,2026-04-29,1024.62,885.22,0.00,409.85,0.00,1499.99,35.00
STM-CR-00175-202605,ACC-CR-00175,2026-04-05,2026-05-04,2026-05-05T13:00:00Z,2026-05-29,1499.99,391.47,0.00,600.00,0.00,1291.46,35.00
STM-CR-00175-202606,ACC-CR-00175,2026-05-05,2026-06-04,2026-06-05T13:00:00Z,2026-06-29,1291.46,430.01,0.00,516.58,0.00,1204.89,35.00
STM-CR-00175-202607,ACC-CR-00175,2026-06-05,2026-07-04,2026-07-05T13:00:00Z,2026-07-29,1204.89,659.99,0.00,481.96,0.00,1382.92,35.00
STM-CR-00175-202608,ACC-CR-00175,2026-07-05,2026-08-04,2026-08-05T13:00:00Z,2026-08-29,1382.92,543.38,0.00,553.17,0.00,1373.13,35.00
STM-CR-00175-202609,ACC-CR-00175,2026-08-05,2026-09-04,2026-09-05T13:00:00Z,2026-09-29,1373.13,471.21,0.00,549.25,0.00,1295.09,35.00
STM-CR-00175-202610,ACC-CR-00175,2026-09-05,2026-10-04,2026-10-05T13:00:00Z,2026-10-29,1295.09,753.93,0.00,518.04,0.00,1530.98,35.00
STM-CR-00176-202509,ACC-CR-00176,2025-08-31,2025-09-20,2025-09-21T13:00:00Z,2025-10-15,0.00,0.00,0.00,0.00,0.00,0.00,0.00
STM-CR-00176-202510,ACC-CR-00176,2025-09-21,2025-10-20,2025-10-21T13:00:00Z,2025-11-14,0.00,342.37,0.00,0.00,0.00,342.37,35.00
STM-CR-00176-202511,ACC-CR-00176,2025-10-21,2025-11-20,2025-11-21T14:00:00Z,2025-12-15,342.37,234.06,0.00,342.37,0.00,234.06,35.00
STM-CR-00176-202512,ACC-CR-00176,2025-11-21,2025-12-20,2025-12-21T14:00:00Z,2026-01-14,234.06,265.69,0.00,234.06,0.00,265.69,35.00
STM-CR-00176-202601,ACC-CR-00176,2025-12-21,2026-01-20,2026-01-21T14:00:00Z,2026-02-14,265.69,604.30,0.00,265.69,0.00,604.30,35.00
STM-CR-00176-202602,ACC-CR-00176,2026-01-21,2026-02-20,2026-02-21T14:00:00Z,2026-03-17,604.30,306.33,0.00,604.30,0.00,306.33,35.00
STM-CR-00176-202603,ACC-CR-00176,2026-02-21,2026-03-20,2026-03-21T13:00:00Z,2026-04-14,306.33,303.31,0.00,306.33,0.00,303.31,35.00
STM-CR-00176-202604,ACC-CR-00176,2026-03-21,2026-04-20,2026-04-21T13:00:00Z,2026-05-15,303.31,314.70,0.00,303.31,0.00,314.70,35.00
STM-CR-00176-202605,ACC-CR-00176,2026-04-21,2026-05-20,2026-05-21T13:00:00Z,2026-06-14,314.70,165.64,0.00,314.70,0.00,165.64,35.00
STM-CR-00176-202606,ACC-CR-00176,2026-05-21,2026-06-20,2026-06-21T13:00:00Z,2026-07-15,165.64,288.82,0.00,165.64,0.00,288.82,35.00
STM-CR-00176-202607,ACC-CR-00176,2026-06-21,2026-07-20,2026-07-21T13:00:00Z,2026-08-14,288.82,447.86,0.00,288.82,0.00,447.86,35.00
STM-CR-00176-202608,ACC-CR-00176,2026-07-21,2026-08-20,2026-08-21T13:00:00Z,2026-09-14,447.86,217.20,0.00,447.86,0.00,217.20,35.00
STM-CR-00176-202609,ACC-CR-00176,2026-08-21,2026-09-20,2026-09-21T13:00:00Z,2026-10-15,217.20,358.65,0.00,217.20,0.00,358.65,35.00
STM-CR-00176-202610,ACC-CR-00176,2026-09-21,2026-10-20,2026-10-21T13:00:00Z,2026-11-14,358.65,280.66,0.00,358.65,0.00,280.66,35.00
STM-CR-00177-202509,ACC-CR-00177,2025-08-31,2025-09-01,2025-09-02T13:00:00Z,2025-09-26,0.00,0.00,0.00,0.00,0.00,0.00,0.00
STM-CR-00177-202510,ACC-CR-00177,2025-09-02,2025-10-01,2025-10-02T13:00:00Z,2025-10-26,0.00,0.00,0.00,0.00,0.00,0.00,0.00
STM-CR-00177-202511,ACC-CR-00177,2025-10-02,2025-11-01,2025-11-02T14:00:00Z,2025-11-26,0.00,180.90,0.00,0.00,0.00,180.90,35.00
STM-CR-00177-202512,ACC-CR-00177,2025-11-02,2025-12-01,2025-12-02T14:00:00Z,2025-12-26,180.90,165.21,0.00,72.36,0.00,273.75,35.00
STM-CR-00177-202601,ACC-CR-00177,2025-12-02,2026-01-01,2026-01-02T14:00:00Z,2026-01-26,273.75,59.27,0.00,109.50,0.00,223.52,35.00
STM-CR-00177-202602,ACC-CR-00177,2026-01-02,2026-02-01,2026-02-02T14:00:00Z,2026-02-26,223.52,78.74,0.00,89.41,0.00,212.85,35.00
STM-CR-00177-202603,ACC-CR-00177,2026-02-02,2026-03-01,2026-03-02T14:00:00Z,2026-03-26,212.85,139.33,0.00,85.14,0.00,267.04,35.00
STM-CR-00177-202604,ACC-CR-00177,2026-03-02,2026-04-01,2026-04-02T13:00:00Z,2026-04-26,267.04,249.23,0.00,106.82,0.00,409.45,35.00
STM-CR-00177-202605,ACC-CR-00177,2026-04-02,2026-05-01,2026-05-02T13:00:00Z,2026-05-26,409.45,1177.23,0.00,163.78,0.00,1422.90,35.00
STM-CR-00177-202606,ACC-CR-00177,2026-05-02,2026-06-01,2026-06-02T13:00:00Z,2026-06-26,1422.90,36.84,0.00,569.16,0.00,890.58,35.00
STM-CR-00177-202607,ACC-CR-00177,2026-06-02,2026-07-01,2026-07-02T13:00:00Z,2026-07-26,890.58,98.87,0.00,356.23,0.00,633.22,35.00
STM-CR-00177-202608,ACC-CR-00177,2026-07-02,2026-08-01,2026-08-02T13:00:00Z,2026-08-26,633.22,685.25,0.00,253.29,0.00,1065.18,35.00
STM-CR-00177-202609,ACC-CR-00177,2026-08-02,2026-09-01,2026-09-02T13:00:00Z,2026-09-26,1065.18,68.15,0.00,426.07,0.00,707.26,35.00
STM-CR-00177-202610,ACC-CR-00177,2026-09-02,2026-10-01,2026-10-02T13:00:00Z,2026-10-26,707.26,153.47,0.00,282.90,0.00,577.83,35.00
STM-CR-00178-202509,ACC-CR-00178,2025-08-31,2025-09-19,2025-09-20T13:00:00Z,2025-10-14,0.00,0.00,0.00,0.00,0.00,0.00,0.00
STM-CR-00178-202510,ACC-CR-00178,2025-09-20,2025-10-19,2025-10-20T13:00:00Z,2025-11-13,0.00,25.74,0.00,0.00,0.00,25.74,35.00
STM-CR-00178-202511,ACC-CR-00178,2025-10-20,2025-11-19,2025-11-20T14:00:00Z,2025-12-14,25.74,311.34,144.93,10.30,0.00,181.85,35.00
STM-CR-00178-202512,ACC-CR-00178,2025-11-20,2025-12-19,2025-12-20T14:00:00Z,2026-01-13,181.85,429.26,0.00,72.74,0.00,538.37,35.00
STM-CR-00178-202601,ACC-CR-00178,2025-12-20,2026-01-19,2026-01-20T14:00:00Z,2026-02-13,538.37,399.92,0.00,215.35,0.00,722.94,35.00
STM-CR-00178-202602,ACC-CR-00178,2026-01-20,2026-02-19,2026-02-20T14:00:00Z,2026-03-16,722.94,477.19,0.00,289.18,0.00,910.95,35.00
STM-CR-00178-202603,ACC-CR-00178,2026-02-20,2026-03-19,2026-03-20T13:00:00Z,2026-04-13,910.95,172.25,0.00,364.38,0.00,718.82,35.00
STM-CR-00178-202604,ACC-CR-00178,2026-03-20,2026-04-19,2026-04-20T13:00:00Z,2026-05-14,718.82,399.33,0.00,287.53,0.00,830.62,35.00
STM-CR-00178-202605,ACC-CR-00178,2026-04-20,2026-05-19,2026-05-20T13:00:00Z,2026-06-13,830.62,247.43,0.00,332.25,0.00,745.80,35.00
STM-CR-00178-202606,ACC-CR-00178,2026-05-20,2026-06-19,2026-06-20T13:00:00Z,2026-07-14,745.80,430.65,0.00,298.32,0.00,878.13,35.00
STM-CR-00178-202607,ACC-CR-00178,2026-06-20,2026-07-19,2026-07-20T13:00:00Z,2026-08-13,878.13,363.44,0.00,351.25,0.00,890.32,35.00
STM-CR-00178-202608,ACC-CR-00178,2026-07-20,2026-08-19,2026-08-20T13:00:00Z,2026-09-13,890.32,262.69,0.00,356.13,0.00,796.88,35.00
STM-CR-00178-202609,ACC-CR-00178,2026-08-20,2026-09-19,2026-09-20T13:00:00Z,2026-10-14,796.88,445.00,0.00,318.75,0.00,923.13,35.00
STM-CR-00178-202610,ACC-CR-00178,2026-09-20,2026-10-19,2026-10-20T13:00:00Z,2026-11-13,923.13,235.22,0.00,369.25,0.00,789.10,35.00
STM-CR-00179-202509,ACC-CR-00179,2025-08-31,2025-09-07,2025-09-08T13:00:00Z,2025-10-02,0.00,0.00,0.00,0.00,0.00,0.00,0.00
STM-CR-00179-202510,ACC-CR-00179,2025-09-08,2025-10-07,2025-10-08T13:00:00Z,2025-11-01,0.00,98.25,0.00,0.00,0.00,98.25,35.00
STM-CR-00179-202511,ACC-CR-00179,2025-10-08,2025-11-07,2025-11-08T14:00:00Z,2025-12-02,98.25,120.55,0.00,39.30,0.00,179.50,35.00
STM-CR-00179-202512,ACC-CR-00179,2025-11-08,2025-12-07,2025-12-08T14:00:00Z,2026-01-01,179.50,320.62,0.00,71.80,0.00,428.32,35.00
STM-CR-00179-202601,ACC-CR-00179,2025-12-08,2026-01-07,2026-01-08T14:00:00Z,2026-02-01,428.32,174.49,0.00,171.33,0.00,431.48,35.00
STM-CR-00179-202602,ACC-CR-00179,2026-01-08,2026-02-07,2026-02-08T14:00:00Z,2026-03-04,431.48,348.17,0.00,172.59,0.00,607.06,35.00
STM-CR-00179-202603,ACC-CR-00179,2026-02-08,2026-03-07,2026-03-08T13:00:00Z,2026-04-01,607.06,270.23,0.00,242.82,0.00,634.47,35.00
STM-CR-00179-202604,ACC-CR-00179,2026-03-08,2026-04-07,2026-04-08T13:00:00Z,2026-05-02,634.47,499.31,0.00,253.79,0.00,879.99,35.00
STM-CR-00179-202605,ACC-CR-00179,2026-04-08,2026-05-07,2026-05-08T13:00:00Z,2026-06-01,879.99,330.92,0.00,352.00,0.00,858.91,35.00
STM-CR-00179-202606,ACC-CR-00179,2026-05-08,2026-06-07,2026-06-08T13:00:00Z,2026-07-02,858.91,215.11,0.00,343.56,0.00,730.46,35.00
STM-CR-00179-202607,ACC-CR-00179,2026-06-08,2026-07-07,2026-07-08T13:00:00Z,2026-08-01,730.46,439.87,0.00,292.18,0.00,878.15,35.00
STM-CR-00179-202608,ACC-CR-00179,2026-07-08,2026-08-07,2026-08-08T13:00:00Z,2026-09-01,878.15,285.17,0.00,351.26,0.00,812.06,35.00
STM-CR-00179-202609,ACC-CR-00179,2026-08-08,2026-09-07,2026-09-08T13:00:00Z,2026-10-02,812.06,138.11,0.00,324.82,0.00,625.35,35.00
STM-CR-00179-202610,ACC-CR-00179,2026-09-08,2026-10-07,2026-10-08T13:00:00Z,2026-11-01,625.35,388.86,106.16,250.14,0.00,657.91,35.00
STM-CR-00180-202509,ACC-CR-00180,2025-08-31,2025-09-24,2025-09-25T13:00:00Z,2025-10-19,0.00,0.00,0.00,0.00,0.00,0.00,0.00
STM-CR-00180-202510,ACC-CR-00180,2025-09-25,2025-10-24,2025-10-25T13:00:00Z,2025-11-18,0.00,15.99,0.00,0.00,0.00,15.99,35.00
STM-CR-00180-202511,ACC-CR-00180,2025-10-25,2025-11-24,2025-11-25T14:00:00Z,2025-12-19,15.99,1087.02,0.00,6.40,0.00,1096.61,35.00
STM-CR-00180-202512,ACC-CR-00180,2025-11-25,2025-12-24,2025-12-25T14:00:00Z,2026-01-18,1096.61,519.14,0.00,438.64,0.00,1177.11,35.00
STM-CR-00180-202601,ACC-CR-00180,2025-12-25,2026-01-24,2026-01-25T14:00:00Z,2026-02-18,1177.11,264.14,0.00,470.84,0.00,970.41,35.00
STM-CR-00180-202602,ACC-CR-00180,2026-01-25,2026-02-24,2026-02-25T14:00:00Z,2026-03-21,970.41,100.99,0.00,388.16,0.00,683.24,35.00
STM-CR-00180-202603,ACC-CR-00180,2026-02-25,2026-03-24,2026-03-25T13:00:00Z,2026-04-18,683.24,463.52,0.00,273.30,0.00,873.46,35.00
STM-CR-00180-202604,ACC-CR-00180,2026-03-25,2026-04-24,2026-04-25T13:00:00Z,2026-05-19,873.46,258.65,0.00,349.38,0.00,782.73,35.00
STM-CR-00180-202605,ACC-CR-00180,2026-04-25,2026-05-24,2026-05-25T13:00:00Z,2026-06-18,782.73,110.86,0.00,313.09,0.00,580.50,35.00
STM-CR-00180-202606,ACC-CR-00180,2026-05-25,2026-06-24,2026-06-25T13:00:00Z,2026-07-19,580.50,100.99,0.00,232.20,0.00,449.29,35.00
STM-CR-00180-202607,ACC-CR-00180,2026-06-25,2026-07-24,2026-07-25T13:00:00Z,2026-08-18,449.29,228.98,0.00,179.72,0.00,498.55,35.00
STM-CR-00180-202608,ACC-CR-00180,2026-07-25,2026-08-24,2026-08-25T13:00:00Z,2026-09-18,498.55,100.99,0.00,199.42,0.00,400.12,35.00
STM-CR-00180-202609,ACC-CR-00180,2026-08-25,2026-09-24,2026-09-25T13:00:00Z,2026-10-19,400.12,316.96,0.00,160.05,0.00,557.03,35.00
STM-CR-00181-202607,ACC-CR-00181,2026-06-28,2026-07-18,2026-07-19T13:00:00Z,2026-08-12,0.00,33.20,0.00,0.00,0.00,33.20,35.00
STM-CR-00181-202608,ACC-CR-00181,2026-07-19,2026-08-18,2026-08-19T13:00:00Z,2026-09-12,33.20,199.70,0.00,33.20,0.00,199.70,35.00
STM-CR-00181-202609,ACC-CR-00181,2026-08-19,2026-09-18,2026-09-19T13:00:00Z,2026-10-13,199.70,27.51,0.00,199.70,0.00,27.51,35.00
STM-CR-00181-202610,ACC-CR-00181,2026-09-19,2026-10-18,2026-10-19T13:00:00Z,2026-11-12,27.51,702.21,0.00,27.51,0.00,702.21,35.00
STM-CR-00182-202509,ACC-CR-00182,2025-08-31,2025-09-24,2025-09-25T13:00:00Z,2025-10-19,0.00,0.00,0.00,0.00,0.00,0.00,0.00
STM-CR-00182-202510,ACC-CR-00182,2025-09-25,2025-10-24,2025-10-25T13:00:00Z,2025-11-18,0.00,170.97,0.00,0.00,0.00,170.97,35.00
STM-CR-00182-202511,ACC-CR-00182,2025-10-25,2025-11-24,2025-11-25T14:00:00Z,2025-12-19,170.97,203.21,0.00,68.39,0.00,305.79,35.00
STM-CR-00182-202512,ACC-CR-00182,2025-11-25,2025-12-24,2025-12-25T14:00:00Z,2026-01-18,305.79,131.33,0.00,122.32,0.00,314.80,35.00
STM-CR-00182-202601,ACC-CR-00182,2025-12-25,2026-01-24,2026-01-25T14:00:00Z,2026-02-18,314.80,341.74,0.00,125.92,0.00,530.62,35.00
STM-CR-00182-202602,ACC-CR-00182,2026-01-25,2026-02-24,2026-02-25T14:00:00Z,2026-03-21,530.62,410.18,0.00,212.25,0.00,728.55,35.00
STM-CR-00182-202603,ACC-CR-00182,2026-02-25,2026-03-24,2026-03-25T13:00:00Z,2026-04-18,728.55,403.98,0.00,291.42,0.00,841.11,35.00
STM-CR-00182-202604,ACC-CR-00182,2026-03-25,2026-04-24,2026-04-25T13:00:00Z,2026-05-19,841.11,382.46,0.00,336.44,0.00,887.13,35.00
STM-CR-00182-202605,ACC-CR-00182,2026-04-25,2026-05-24,2026-05-25T13:00:00Z,2026-06-18,887.13,646.16,0.00,354.85,0.00,1178.44,35.00
STM-CR-00182-202606,ACC-CR-00182,2026-05-25,2026-06-24,2026-06-25T13:00:00Z,2026-07-19,1178.44,795.90,0.00,471.38,0.00,1502.96,35.00
STM-CR-00182-202607,ACC-CR-00182,2026-06-25,2026-07-24,2026-07-25T13:00:00Z,2026-08-18,1502.96,525.83,0.00,601.18,0.00,1427.61,35.00
STM-CR-00182-202608,ACC-CR-00182,2026-07-25,2026-08-24,2026-08-25T13:00:00Z,2026-09-18,1427.61,348.09,0.00,571.04,0.00,1204.66,35.00
STM-CR-00182-202609,ACC-CR-00182,2026-08-25,2026-09-24,2026-09-25T13:00:00Z,2026-10-19,1204.66,294.07,0.00,481.86,0.00,1016.87,35.00
STM-CR-00183-202509,ACC-CR-00183,2025-08-31,2025-09-23,2025-09-24T13:00:00Z,2025-10-18,0.00,0.00,0.00,0.00,0.00,0.00,0.00
STM-CR-00183-202510,ACC-CR-00183,2025-09-24,2025-10-23,2025-10-24T13:00:00Z,2025-11-17,0.00,320.65,0.00,0.00,0.00,320.65,35.00
STM-CR-00183-202511,ACC-CR-00183,2025-10-24,2025-11-23,2025-11-24T14:00:00Z,2025-12-18,320.65,412.87,0.00,320.65,0.00,412.87,35.00
STM-CR-00183-202512,ACC-CR-00183,2025-11-24,2025-12-23,2025-12-24T14:00:00Z,2026-01-17,412.87,614.40,0.00,412.87,0.00,614.40,35.00
STM-CR-00183-202601,ACC-CR-00183,2025-12-24,2026-01-23,2026-01-24T14:00:00Z,2026-02-17,614.40,328.41,0.00,614.40,0.00,328.41,35.00
STM-CR-00183-202602,ACC-CR-00183,2026-01-24,2026-02-23,2026-02-24T14:00:00Z,2026-03-20,328.41,188.94,0.00,328.41,0.00,188.94,35.00
STM-CR-00183-202603,ACC-CR-00183,2026-02-24,2026-03-23,2026-03-24T13:00:00Z,2026-04-17,188.94,350.13,0.00,188.94,0.00,350.13,35.00
STM-CR-00183-202604,ACC-CR-00183,2026-03-24,2026-04-23,2026-04-24T13:00:00Z,2026-05-18,350.13,381.45,0.00,350.13,0.00,381.45,35.00
STM-CR-00183-202605,ACC-CR-00183,2026-04-24,2026-05-23,2026-05-24T13:00:00Z,2026-06-17,381.45,441.93,0.00,381.45,0.00,441.93,35.00
STM-CR-00183-202606,ACC-CR-00183,2026-05-24,2026-06-23,2026-06-24T13:00:00Z,2026-07-18,441.93,406.09,0.00,441.93,0.00,406.09,35.00
STM-CR-00183-202607,ACC-CR-00183,2026-06-24,2026-07-23,2026-07-24T13:00:00Z,2026-08-17,406.09,497.79,0.00,406.09,0.00,497.79,35.00
STM-CR-00183-202608,ACC-CR-00183,2026-07-24,2026-08-23,2026-08-24T13:00:00Z,2026-09-17,497.79,318.08,0.00,497.79,0.00,318.08,35.00
STM-CR-00183-202609,ACC-CR-00183,2026-08-24,2026-09-23,2026-09-24T13:00:00Z,2026-10-18,318.08,1561.63,0.00,318.08,0.00,1561.63,35.00
STM-CR-00184-202509,ACC-CR-00184,2025-08-31,2025-09-13,2025-09-14T13:00:00Z,2025-10-08,0.00,0.00,0.00,0.00,0.00,0.00,0.00
STM-CR-00184-202510,ACC-CR-00184,2025-09-14,2025-10-13,2025-10-14T13:00:00Z,2025-11-07,0.00,15.99,0.00,0.00,0.00,15.99,35.00
STM-CR-00184-202511,ACC-CR-00184,2025-10-14,2025-11-13,2025-11-14T14:00:00Z,2025-12-08,15.99,280.76,0.00,15.99,0.00,280.76,35.00
STM-CR-00184-202512,ACC-CR-00184,2025-11-14,2025-12-13,2025-12-14T14:00:00Z,2026-01-07,280.76,156.10,0.00,280.76,0.00,156.10,35.00
STM-CR-00184-202601,ACC-CR-00184,2025-12-14,2026-01-13,2026-01-14T14:00:00Z,2026-02-07,156.10,350.21,0.00,156.10,0.00,350.21,35.00
STM-CR-00184-202602,ACC-CR-00184,2026-01-14,2026-02-13,2026-02-14T14:00:00Z,2026-03-10,350.21,318.03,0.00,350.21,0.00,318.03,35.00
STM-CR-00184-202603,ACC-CR-00184,2026-02-14,2026-03-13,2026-03-14T13:00:00Z,2026-04-07,318.03,759.90,0.00,318.03,0.00,759.90,35.00
STM-CR-00184-202604,ACC-CR-00184,2026-03-14,2026-04-13,2026-04-14T13:00:00Z,2026-05-08,759.90,297.76,0.00,759.90,0.00,297.76,35.00
STM-CR-00184-202605,ACC-CR-00184,2026-04-14,2026-05-13,2026-05-14T13:00:00Z,2026-06-07,297.76,154.86,0.00,297.76,0.00,154.86,35.00
STM-CR-00184-202606,ACC-CR-00184,2026-05-14,2026-06-13,2026-06-14T13:00:00Z,2026-07-08,154.86,178.95,0.00,154.86,0.00,178.95,35.00
STM-CR-00184-202607,ACC-CR-00184,2026-06-14,2026-07-13,2026-07-14T13:00:00Z,2026-08-07,178.95,33.63,0.00,178.95,0.00,33.63,35.00
STM-CR-00184-202608,ACC-CR-00184,2026-07-14,2026-08-13,2026-08-14T13:00:00Z,2026-09-07,33.63,322.28,0.00,33.63,0.00,322.28,35.00
STM-CR-00184-202609,ACC-CR-00184,2026-08-14,2026-09-13,2026-09-14T13:00:00Z,2026-10-08,322.28,1294.73,0.00,322.28,0.00,1294.73,35.00
STM-CR-00184-202610,ACC-CR-00184,2026-09-14,2026-10-13,2026-10-14T13:00:00Z,2026-11-07,1294.73,145.02,0.00,1294.73,0.00,145.02,35.00
STM-CR-00185-202509,ACC-CR-00185,2025-08-31,2025-09-20,2025-09-21T13:00:00Z,2025-10-15,0.00,0.00,0.00,0.00,0.00,0.00,0.00
STM-CR-00185-202510,ACC-CR-00185,2025-09-21,2025-10-20,2025-10-21T13:00:00Z,2025-11-14,0.00,194.79,0.00,0.00,0.00,194.79,35.00
STM-CR-00185-202511,ACC-CR-00185,2025-10-21,2025-11-20,2025-11-21T14:00:00Z,2025-12-15,194.79,309.13,0.00,35.00,0.00,468.92,35.00
STM-CR-00185-202512,ACC-CR-00185,2025-11-21,2025-12-20,2025-12-21T14:00:00Z,2026-01-14,468.92,99.10,0.00,35.00,0.00,533.02,35.00
STM-CR-00185-202601,ACC-CR-00185,2025-12-21,2026-01-20,2026-01-21T14:00:00Z,2026-02-14,533.02,375.12,0.00,35.00,0.00,873.14,35.00
STM-CR-00185-202602,ACC-CR-00185,2026-01-21,2026-02-20,2026-02-21T14:00:00Z,2026-03-17,873.14,260.23,0.00,35.00,0.00,1098.37,35.00
STM-CR-00185-202603,ACC-CR-00185,2026-02-21,2026-03-20,2026-03-21T13:00:00Z,2026-04-14,1098.37,513.81,0.00,35.00,0.00,1577.18,35.00
STM-CR-00185-202604,ACC-CR-00185,2026-03-21,2026-04-20,2026-04-21T13:00:00Z,2026-05-15,1577.18,167.00,0.00,35.00,0.00,1709.18,35.00
STM-CR-00185-202605,ACC-CR-00185,2026-04-21,2026-05-20,2026-05-21T13:00:00Z,2026-06-14,1709.18,568.87,0.00,35.00,0.00,2243.05,44.86
STM-CR-00185-202606,ACC-CR-00185,2026-05-21,2026-06-20,2026-06-21T13:00:00Z,2026-07-15,2243.05,84.20,0.00,44.86,0.00,2282.39,45.65
STM-CR-00185-202607,ACC-CR-00185,2026-06-21,2026-07-20,2026-07-21T13:00:00Z,2026-08-14,2282.39,359.66,0.00,45.65,0.00,2596.40,51.93
STM-CR-00185-202608,ACC-CR-00185,2026-07-21,2026-08-20,2026-08-21T13:00:00Z,2026-09-14,2596.40,193.16,0.00,51.93,0.00,2737.63,54.75
STM-CR-00185-202609,ACC-CR-00185,2026-08-21,2026-09-20,2026-09-21T13:00:00Z,2026-10-15,2737.63,313.22,0.00,54.75,0.00,2996.10,59.92
STM-CR-00185-202610,ACC-CR-00185,2026-09-21,2026-10-20,2026-10-21T13:00:00Z,2026-11-14,2996.10,347.71,0.00,59.92,0.00,3283.89,65.68
STM-CR-00186-202509,ACC-CR-00186,2025-08-31,2025-09-05,2025-09-06T13:00:00Z,2025-09-30,0.00,0.00,0.00,0.00,0.00,0.00,0.00
STM-CR-00186-202510,ACC-CR-00186,2025-09-06,2025-10-05,2025-10-06T13:00:00Z,2025-10-30,0.00,0.00,0.00,0.00,0.00,0.00,0.00
STM-CR-00186-202511,ACC-CR-00186,2025-10-06,2025-11-05,2025-11-06T14:00:00Z,2025-11-30,0.00,464.51,0.00,0.00,0.00,464.51,35.00
STM-CR-00186-202512,ACC-CR-00186,2025-11-06,2025-12-05,2025-12-06T14:00:00Z,2025-12-30,464.51,196.80,0.00,185.80,0.00,475.51,35.00
STM-CR-00186-202601,ACC-CR-00186,2025-12-06,2026-01-05,2026-01-06T14:00:00Z,2026-01-30,475.51,211.40,0.00,190.20,0.00,496.71,35.00
STM-CR-00186-202602,ACC-CR-00186,2026-01-06,2026-02-05,2026-02-06T14:00:00Z,2026-03-02,496.71,319.40,0.00,198.68,0.00,617.43,35.00
STM-CR-00186-202603,ACC-CR-00186,2026-02-06,2026-03-05,2026-03-06T14:00:00Z,2026-03-30,617.43,222.50,0.00,246.97,0.00,592.96,35.00
STM-CR-00186-202604,ACC-CR-00186,2026-03-06,2026-04-05,2026-04-06T13:00:00Z,2026-04-30,592.96,377.13,0.00,237.18,0.00,732.91,35.00
STM-CR-00186-202605,ACC-CR-00186,2026-04-06,2026-05-05,2026-05-06T13:00:00Z,2026-05-30,732.91,257.54,0.00,293.16,0.00,697.29,35.00
STM-CR-00186-202606,ACC-CR-00186,2026-05-06,2026-06-05,2026-06-06T13:00:00Z,2026-06-30,697.29,393.01,0.00,278.92,0.00,811.38,35.00
STM-CR-00186-202607,ACC-CR-00186,2026-06-06,2026-07-05,2026-07-06T13:00:00Z,2026-07-30,811.38,292.24,0.00,324.55,0.00,779.07,35.00
STM-CR-00186-202608,ACC-CR-00186,2026-07-06,2026-08-05,2026-08-06T13:00:00Z,2026-08-30,779.07,219.47,0.00,311.63,0.00,686.91,35.00
STM-CR-00186-202609,ACC-CR-00186,2026-08-06,2026-09-05,2026-09-06T13:00:00Z,2026-09-30,686.91,238.41,0.00,274.76,0.00,650.56,35.00
STM-CR-00186-202610,ACC-CR-00186,2026-09-06,2026-10-05,2026-10-06T13:00:00Z,2026-10-30,650.56,175.97,0.00,260.22,0.00,566.31,35.00
STM-CR-00187-202509,ACC-CR-00187,2025-08-31,2025-09-13,2025-09-14T13:00:00Z,2025-10-08,0.00,0.00,0.00,0.00,0.00,0.00,0.00
STM-CR-00187-202510,ACC-CR-00187,2025-09-14,2025-10-13,2025-10-14T13:00:00Z,2025-11-07,0.00,98.46,0.00,0.00,0.00,98.46,35.00
STM-CR-00187-202511,ACC-CR-00187,2025-10-14,2025-11-13,2025-11-14T14:00:00Z,2025-12-08,98.46,183.06,0.00,39.38,0.00,242.14,35.00
STM-CR-00187-202512,ACC-CR-00187,2025-11-14,2025-12-13,2025-12-14T14:00:00Z,2026-01-07,242.14,427.29,124.72,96.86,0.00,447.85,35.00
STM-CR-00187-202601,ACC-CR-00187,2025-12-14,2026-01-13,2026-01-14T14:00:00Z,2026-02-07,447.85,447.20,0.00,179.14,0.00,715.91,35.00
STM-CR-00187-202602,ACC-CR-00187,2026-01-14,2026-02-13,2026-02-14T14:00:00Z,2026-03-10,715.91,178.04,0.00,286.36,0.00,607.59,35.00
STM-CR-00187-202603,ACC-CR-00187,2026-02-14,2026-03-13,2026-03-14T13:00:00Z,2026-04-07,607.59,344.25,0.00,243.04,0.00,708.80,35.00
STM-CR-00187-202604,ACC-CR-00187,2026-03-14,2026-04-13,2026-04-14T13:00:00Z,2026-05-08,708.80,582.00,0.00,283.52,0.00,1007.28,35.00
STM-CR-00187-202605,ACC-CR-00187,2026-04-14,2026-05-13,2026-05-14T13:00:00Z,2026-06-07,1007.28,131.47,0.00,402.91,0.00,735.84,35.00
STM-CR-00187-202606,ACC-CR-00187,2026-05-14,2026-06-13,2026-06-14T13:00:00Z,2026-07-08,735.84,292.76,0.00,294.34,0.00,734.26,35.00
STM-CR-00187-202607,ACC-CR-00187,2026-06-14,2026-07-13,2026-07-14T13:00:00Z,2026-08-07,734.26,294.67,0.00,293.70,0.00,735.23,35.00
STM-CR-00187-202608,ACC-CR-00187,2026-07-14,2026-08-13,2026-08-14T13:00:00Z,2026-09-07,735.23,35.61,0.00,294.09,0.00,476.75,35.00
STM-CR-00187-202609,ACC-CR-00187,2026-08-14,2026-09-13,2026-09-14T13:00:00Z,2026-10-08,476.75,967.36,0.00,190.70,0.00,1253.41,35.00
STM-CR-00187-202610,ACC-CR-00187,2026-09-14,2026-10-13,2026-10-14T13:00:00Z,2026-11-07,1253.41,220.35,0.00,501.36,0.00,972.40,35.00
STM-CR-00188-202509,ACC-CR-00188,2025-08-31,2025-09-02,2025-09-03T13:00:00Z,2025-09-27,0.00,0.00,0.00,0.00,0.00,0.00,0.00
STM-CR-00188-202510,ACC-CR-00188,2025-09-03,2025-10-02,2025-10-03T13:00:00Z,2025-10-27,0.00,0.00,0.00,0.00,0.00,0.00,0.00
STM-CR-00188-202511,ACC-CR-00188,2025-10-03,2025-11-02,2025-11-03T14:00:00Z,2025-11-27,0.00,845.98,0.00,0.00,0.00,845.98,35.00
STM-CR-00188-202512,ACC-CR-00188,2025-11-03,2025-12-02,2025-12-03T14:00:00Z,2025-12-27,845.98,250.23,0.00,845.98,0.00,250.23,35.00
STM-CR-00188-202601,ACC-CR-00188,2025-12-03,2026-01-02,2026-01-03T14:00:00Z,2026-01-27,250.23,425.26,0.00,250.23,0.00,425.26,35.00
STM-CR-00188-202602,ACC-CR-00188,2026-01-03,2026-02-02,2026-02-03T14:00:00Z,2026-02-27,425.26,220.66,0.00,425.26,0.00,220.66,35.00
STM-CR-00188-202603,ACC-CR-00188,2026-02-03,2026-03-02,2026-03-03T14:00:00Z,2026-03-27,220.66,414.46,0.00,220.66,0.00,414.46,35.00
STM-CR-00188-202604,ACC-CR-00188,2026-03-03,2026-04-02,2026-04-03T13:00:00Z,2026-04-27,414.46,219.62,0.00,414.46,0.00,219.62,35.00
STM-CR-00188-202605,ACC-CR-00188,2026-04-03,2026-05-02,2026-05-03T13:00:00Z,2026-05-27,219.62,420.74,0.00,219.62,0.00,420.74,35.00
STM-CR-00188-202606,ACC-CR-00188,2026-05-03,2026-06-02,2026-06-03T13:00:00Z,2026-06-27,420.74,235.27,0.00,420.74,0.00,235.27,35.00
STM-CR-00188-202607,ACC-CR-00188,2026-06-03,2026-07-02,2026-07-03T13:00:00Z,2026-07-27,235.27,307.02,0.00,235.27,0.00,307.02,35.00
STM-CR-00188-202608,ACC-CR-00188,2026-07-03,2026-08-02,2026-08-03T13:00:00Z,2026-08-27,307.02,506.01,0.00,307.02,0.00,506.01,35.00
STM-CR-00188-202609,ACC-CR-00188,2026-08-03,2026-09-02,2026-09-03T13:00:00Z,2026-09-27,506.01,453.93,0.00,506.01,0.00,453.93,35.00
STM-CR-00188-202610,ACC-CR-00188,2026-09-03,2026-10-02,2026-10-03T13:00:00Z,2026-10-27,453.93,275.81,0.00,453.93,0.00,275.81,35.00
STM-CR-00189-202509,ACC-CR-00189,2025-08-31,2025-09-06,2025-09-07T13:00:00Z,2025-10-01,0.00,0.00,0.00,0.00,0.00,0.00,0.00
STM-CR-00189-202510,ACC-CR-00189,2025-09-07,2025-10-06,2025-10-07T13:00:00Z,2025-10-31,0.00,0.00,0.00,0.00,0.00,0.00,0.00
STM-CR-00189-202511,ACC-CR-00189,2025-10-07,2025-11-06,2025-11-07T14:00:00Z,2025-12-01,0.00,449.79,0.00,0.00,0.00,449.79,35.00
STM-CR-00189-202512,ACC-CR-00189,2025-11-07,2025-12-06,2025-12-07T14:00:00Z,2025-12-31,449.79,231.20,0.00,179.92,0.00,501.07,35.00
STM-CR-00189-202601,ACC-CR-00189,2025-12-07,2026-01-06,2026-01-07T14:00:00Z,2026-01-31,501.07,320.32,0.00,200.43,0.00,620.96,35.00
STM-CR-00189-202602,ACC-CR-00189,2026-01-07,2026-02-06,2026-02-07T14:00:00Z,2026-03-03,620.96,337.63,0.00,248.38,0.00,710.21,35.00
STM-CR-00189-202603,ACC-CR-00189,2026-02-07,2026-03-06,2026-03-07T14:00:00Z,2026-03-31,710.21,783.08,0.00,284.08,0.00,1209.21,35.00
STM-CR-00189-202604,ACC-CR-00189,2026-03-07,2026-04-06,2026-04-07T13:00:00Z,2026-05-01,1209.21,326.17,0.00,483.68,0.00,1051.70,35.00
STM-CR-00189-202605,ACC-CR-00189,2026-04-07,2026-05-06,2026-05-07T13:00:00Z,2026-05-31,1051.70,411.96,0.00,420.68,0.00,1042.98,35.00
STM-CR-00189-202606,ACC-CR-00189,2026-05-07,2026-06-06,2026-06-07T13:00:00Z,2026-07-01,1042.98,395.35,0.00,417.19,0.00,1021.14,35.00
STM-CR-00189-202607,ACC-CR-00189,2026-06-07,2026-07-06,2026-07-07T13:00:00Z,2026-07-31,1021.14,504.47,0.00,408.46,0.00,1117.15,35.00
STM-CR-00189-202608,ACC-CR-00189,2026-07-07,2026-08-06,2026-08-07T13:00:00Z,2026-08-31,1117.15,286.89,0.00,446.86,0.00,957.18,35.00
STM-CR-00189-202609,ACC-CR-00189,2026-08-07,2026-09-06,2026-09-07T13:00:00Z,2026-10-01,957.18,483.88,0.00,382.87,0.00,1058.19,35.00
STM-CR-00189-202610,ACC-CR-00189,2026-09-07,2026-10-06,2026-10-07T13:00:00Z,2026-10-31,1058.19,236.74,0.00,423.28,0.00,871.65,35.00
STM-CR-00190-202606,ACC-CR-00190,2026-06-16,2026-06-23,2026-06-24T13:00:00Z,2026-07-18,0.00,0.00,0.00,0.00,0.00,0.00,0.00
STM-CR-00190-202607,ACC-CR-00190,2026-06-24,2026-07-23,2026-07-24T13:00:00Z,2026-08-17,0.00,52.58,0.00,0.00,0.00,52.58,35.00
STM-CR-00190-202608,ACC-CR-00190,2026-07-24,2026-08-23,2026-08-24T13:00:00Z,2026-09-17,52.58,175.09,0.00,52.58,0.00,175.09,35.00
STM-CR-00190-202609,ACC-CR-00190,2026-08-24,2026-09-23,2026-09-24T13:00:00Z,2026-10-18,175.09,224.67,0.00,175.09,0.00,224.67,35.00
STM-CR-00191-202607,ACC-CR-00191,2026-06-21,2026-07-19,2026-07-20T13:00:00Z,2026-08-13,0.00,486.73,0.00,0.00,0.00,486.73,35.00
STM-CR-00191-202608,ACC-CR-00191,2026-07-20,2026-08-19,2026-08-20T13:00:00Z,2026-09-13,486.73,111.78,0.00,486.73,0.00,111.78,35.00
STM-CR-00191-202609,ACC-CR-00191,2026-08-20,2026-09-19,2026-09-20T13:00:00Z,2026-10-14,111.78,185.84,0.00,111.78,0.00,185.84,35.00
STM-CR-00191-202610,ACC-CR-00191,2026-09-20,2026-10-19,2026-10-20T13:00:00Z,2026-11-13,185.84,139.94,0.00,185.84,0.00,139.94,35.00
STM-CR-00192-202509,ACC-CR-00192,2025-08-31,2025-09-10,2025-09-11T13:00:00Z,2025-10-05,0.00,0.00,0.00,0.00,0.00,0.00,0.00
STM-CR-00192-202510,ACC-CR-00192,2025-09-11,2025-10-10,2025-10-11T13:00:00Z,2025-11-04,0.00,36.70,0.00,0.00,0.00,36.70,35.00
STM-CR-00192-202511,ACC-CR-00192,2025-10-11,2025-11-10,2025-11-11T14:00:00Z,2025-12-05,36.70,651.59,0.00,36.70,0.00,651.59,35.00
STM-CR-00192-202512,ACC-CR-00192,2025-11-11,2025-12-10,2025-12-11T14:00:00Z,2026-01-04,651.59,266.74,0.00,651.59,0.00,266.74,35.00
STM-CR-00192-202601,ACC-CR-00192,2025-12-11,2026-01-10,2026-01-11T14:00:00Z,2026-02-04,266.74,1086.54,0.00,266.74,0.00,1086.54,35.00
STM-CR-00192-202602,ACC-CR-00192,2026-01-11,2026-02-10,2026-02-11T14:00:00Z,2026-03-07,1086.54,236.46,0.00,1086.54,0.00,236.46,35.00
STM-CR-00192-202603,ACC-CR-00192,2026-02-11,2026-03-10,2026-03-11T13:00:00Z,2026-04-04,236.46,540.00,0.00,236.46,0.00,540.00,35.00
STM-CR-00192-202604,ACC-CR-00192,2026-03-11,2026-04-10,2026-04-11T13:00:00Z,2026-05-05,540.00,430.42,0.00,540.00,0.00,430.42,35.00
STM-CR-00192-202605,ACC-CR-00192,2026-04-11,2026-05-10,2026-05-11T13:00:00Z,2026-06-04,430.42,233.61,6.53,430.42,0.00,227.08,35.00
STM-CR-00192-202606,ACC-CR-00192,2026-05-11,2026-06-10,2026-06-11T13:00:00Z,2026-07-05,227.08,458.62,0.00,227.08,0.00,458.62,35.00
STM-CR-00192-202607,ACC-CR-00192,2026-06-11,2026-07-10,2026-07-11T13:00:00Z,2026-08-04,458.62,278.93,0.00,458.62,0.00,278.93,35.00
STM-CR-00192-202608,ACC-CR-00192,2026-07-11,2026-08-10,2026-08-11T13:00:00Z,2026-09-04,278.93,295.55,0.00,278.93,0.00,295.55,35.00
STM-CR-00192-202609,ACC-CR-00192,2026-08-11,2026-09-10,2026-09-11T13:00:00Z,2026-10-05,295.55,576.87,0.00,295.55,0.00,576.87,35.00
STM-CR-00192-202610,ACC-CR-00192,2026-09-11,2026-10-10,2026-10-11T13:00:00Z,2026-11-04,576.87,537.85,0.00,576.87,0.00,537.85,35.00
STM-CR-00193-202509,ACC-CR-00193,2025-08-31,2025-09-01,2025-09-02T13:00:00Z,2025-09-26,0.00,0.00,0.00,0.00,0.00,0.00,0.00
STM-CR-00193-202510,ACC-CR-00193,2025-09-02,2025-10-01,2025-10-02T13:00:00Z,2025-10-26,0.00,0.00,0.00,0.00,0.00,0.00,0.00
STM-CR-00193-202511,ACC-CR-00193,2025-10-02,2025-11-01,2025-11-02T14:00:00Z,2025-11-26,0.00,94.22,0.00,0.00,0.00,94.22,35.00
STM-CR-00193-202512,ACC-CR-00193,2025-11-02,2025-12-01,2025-12-02T14:00:00Z,2025-12-26,94.22,45.55,0.00,35.00,0.00,104.77,35.00
STM-CR-00193-202601,ACC-CR-00193,2025-12-02,2026-01-01,2026-01-02T14:00:00Z,2026-01-26,104.77,292.92,0.00,35.00,0.00,362.69,35.00
STM-CR-00193-202602,ACC-CR-00193,2026-01-02,2026-02-01,2026-02-02T14:00:00Z,2026-02-26,362.69,98.31,0.00,35.00,0.00,426.00,35.00
STM-CR-00193-202603,ACC-CR-00193,2026-02-02,2026-03-01,2026-03-02T14:00:00Z,2026-03-26,426.00,1303.83,0.00,35.00,0.00,1694.83,35.00
STM-CR-00193-202604,ACC-CR-00193,2026-03-02,2026-04-01,2026-04-02T13:00:00Z,2026-04-26,1694.83,80.56,0.00,35.00,0.00,1740.39,35.00
STM-CR-00193-202605,ACC-CR-00193,2026-04-02,2026-05-01,2026-05-02T13:00:00Z,2026-05-26,1740.39,272.96,154.22,35.00,0.00,1824.13,36.48
STM-CR-00193-202606,ACC-CR-00193,2026-05-02,2026-06-01,2026-06-02T13:00:00Z,2026-06-26,1824.13,112.88,0.00,36.48,0.00,1900.53,38.01
STM-CR-00193-202607,ACC-CR-00193,2026-06-02,2026-07-01,2026-07-02T13:00:00Z,2026-07-26,1900.53,430.27,0.00,38.01,0.00,2292.79,45.86
STM-CR-00193-202608,ACC-CR-00193,2026-07-02,2026-08-01,2026-08-02T13:00:00Z,2026-08-26,2292.79,345.74,74.21,45.86,0.00,2518.46,50.37
STM-CR-00193-202609,ACC-CR-00193,2026-08-02,2026-09-01,2026-09-02T13:00:00Z,2026-09-26,2518.46,128.37,0.00,50.37,0.00,2596.46,51.93
STM-CR-00193-202610,ACC-CR-00193,2026-09-02,2026-10-01,2026-10-02T13:00:00Z,2026-10-26,2596.46,304.53,0.00,51.93,0.00,2849.06,56.98
STM-CR-00194-202509,ACC-CR-00194,2025-08-31,2025-09-17,2025-09-18T13:00:00Z,2025-10-12,0.00,0.00,0.00,0.00,0.00,0.00,0.00
STM-CR-00194-202510,ACC-CR-00194,2025-09-18,2025-10-17,2025-10-18T13:00:00Z,2025-11-11,0.00,126.57,0.00,0.00,0.00,126.57,35.00
STM-CR-00194-202511,ACC-CR-00194,2025-10-18,2025-11-17,2025-11-18T14:00:00Z,2025-12-12,126.57,465.98,0.00,50.63,0.00,541.92,35.00
STM-CR-00194-202512,ACC-CR-00194,2025-11-18,2025-12-17,2025-12-18T14:00:00Z,2026-01-11,541.92,440.21,0.00,216.77,0.00,765.36,35.00
STM-CR-00194-202601,ACC-CR-00194,2025-12-18,2026-01-17,2026-01-18T14:00:00Z,2026-02-11,765.36,364.13,0.00,306.14,0.00,823.35,35.00
STM-CR-00194-202602,ACC-CR-00194,2026-01-18,2026-02-17,2026-02-18T14:00:00Z,2026-03-14,823.35,457.80,0.00,329.34,0.00,951.81,35.00
STM-CR-00194-202603,ACC-CR-00194,2026-02-18,2026-03-17,2026-03-18T13:00:00Z,2026-04-11,951.81,675.16,0.00,380.72,0.00,1246.25,35.00
STM-CR-00194-202604,ACC-CR-00194,2026-03-18,2026-04-17,2026-04-18T13:00:00Z,2026-05-12,1246.25,326.70,0.00,498.50,0.00,1074.45,35.00
STM-CR-00194-202605,ACC-CR-00194,2026-04-18,2026-05-17,2026-05-18T13:00:00Z,2026-06-11,1074.45,424.33,0.00,429.78,0.00,1069.00,35.00
STM-CR-00194-202606,ACC-CR-00194,2026-05-18,2026-06-17,2026-06-18T13:00:00Z,2026-07-12,1069.00,230.59,0.00,427.60,0.00,871.99,35.00
STM-CR-00194-202607,ACC-CR-00194,2026-06-18,2026-07-17,2026-07-18T13:00:00Z,2026-08-11,871.99,302.66,0.00,348.80,0.00,825.85,35.00
STM-CR-00194-202608,ACC-CR-00194,2026-07-18,2026-08-17,2026-08-18T13:00:00Z,2026-09-11,825.85,237.05,0.00,330.34,0.00,732.56,35.00
STM-CR-00194-202609,ACC-CR-00194,2026-08-18,2026-09-17,2026-09-18T13:00:00Z,2026-10-12,732.56,595.25,0.00,293.02,0.00,1034.79,35.00
STM-CR-00194-202610,ACC-CR-00194,2026-09-18,2026-10-17,2026-10-18T13:00:00Z,2026-11-11,1034.79,536.43,0.00,413.92,0.00,1157.30,35.00
STM-CR-00195-202509,ACC-CR-00195,2025-08-31,2025-09-08,2025-09-09T13:00:00Z,2025-10-03,0.00,0.00,0.00,0.00,0.00,0.00,0.00
STM-CR-00195-202510,ACC-CR-00195,2025-09-09,2025-10-08,2025-10-09T13:00:00Z,2025-11-02,0.00,0.00,0.00,0.00,0.00,0.00,0.00
STM-CR-00195-202511,ACC-CR-00195,2025-10-09,2025-11-08,2025-11-09T14:00:00Z,2025-12-03,0.00,195.13,0.00,0.00,0.00,195.13,35.00
STM-CR-00195-202512,ACC-CR-00195,2025-11-09,2025-12-08,2025-12-09T14:00:00Z,2026-01-02,195.13,231.55,0.00,195.13,0.00,231.55,35.00
STM-CR-00195-202601,ACC-CR-00195,2025-12-09,2026-01-08,2026-01-09T14:00:00Z,2026-02-02,231.55,427.20,0.00,231.55,0.00,427.20,35.00
STM-CR-00195-202602,ACC-CR-00195,2026-01-09,2026-02-08,2026-02-09T14:00:00Z,2026-03-05,427.20,168.73,0.00,427.20,0.00,168.73,35.00
STM-CR-00195-202603,ACC-CR-00195,2026-02-09,2026-03-08,2026-03-09T13:00:00Z,2026-04-02,168.73,557.64,0.00,168.73,0.00,557.64,35.00
STM-CR-00195-202604,ACC-CR-00195,2026-03-09,2026-04-08,2026-04-09T13:00:00Z,2026-05-03,557.64,222.49,0.00,557.64,0.00,222.49,35.00
STM-CR-00195-202605,ACC-CR-00195,2026-04-09,2026-05-08,2026-05-09T13:00:00Z,2026-06-02,222.49,427.63,0.00,222.49,0.00,427.63,35.00
STM-CR-00195-202606,ACC-CR-00195,2026-05-09,2026-06-08,2026-06-09T13:00:00Z,2026-07-03,427.63,99.53,0.00,427.63,0.00,99.53,35.00
STM-CR-00195-202607,ACC-CR-00195,2026-06-09,2026-07-08,2026-07-09T13:00:00Z,2026-08-02,99.53,679.08,0.00,99.53,0.00,679.08,35.00
STM-CR-00195-202608,ACC-CR-00195,2026-07-09,2026-08-08,2026-08-09T13:00:00Z,2026-09-02,679.08,306.32,0.00,679.08,0.00,306.32,35.00
STM-CR-00195-202609,ACC-CR-00195,2026-08-09,2026-09-08,2026-09-09T13:00:00Z,2026-10-03,306.32,234.02,0.00,306.32,0.00,234.02,35.00
STM-CR-00195-202610,ACC-CR-00195,2026-09-09,2026-10-08,2026-10-09T13:00:00Z,2026-11-02,234.02,262.17,0.00,234.02,0.00,262.17,35.00
STM-CR-00196-202509,ACC-CR-00196,2025-08-31,2025-09-06,2025-09-07T13:00:00Z,2025-10-01,0.00,0.00,0.00,0.00,0.00,0.00,0.00
STM-CR-00196-202510,ACC-CR-00196,2025-09-07,2025-10-06,2025-10-07T13:00:00Z,2025-10-31,0.00,0.00,0.00,0.00,0.00,0.00,0.00
STM-CR-00196-202511,ACC-CR-00196,2025-10-07,2025-11-06,2025-11-07T14:00:00Z,2025-12-01,0.00,604.59,0.00,0.00,0.00,604.59,35.00
STM-CR-00196-202512,ACC-CR-00196,2025-11-07,2025-12-06,2025-12-07T14:00:00Z,2025-12-31,604.59,367.60,0.00,241.84,0.00,730.35,35.00
STM-CR-00196-202601,ACC-CR-00196,2025-12-07,2026-01-06,2026-01-07T14:00:00Z,2026-01-31,730.35,417.65,0.00,292.14,0.00,855.86,35.00
STM-CR-00196-202602,ACC-CR-00196,2026-01-07,2026-02-06,2026-02-07T14:00:00Z,2026-03-03,855.86,351.70,0.00,342.34,0.00,865.22,35.00
STM-CR-00196-202603,ACC-CR-00196,2026-02-07,2026-03-06,2026-03-07T14:00:00Z,2026-03-31,865.22,333.51,0.00,346.09,0.00,852.64,35.00
STM-CR-00196-202604,ACC-CR-00196,2026-03-07,2026-04-06,2026-04-07T13:00:00Z,2026-05-01,852.64,1092.50,0.00,341.06,0.00,1604.08,35.00
STM-CR-00196-202605,ACC-CR-00196,2026-04-07,2026-05-06,2026-05-07T13:00:00Z,2026-05-31,1604.08,320.11,0.00,641.63,0.00,1282.56,35.00
STM-CR-00196-202606,ACC-CR-00196,2026-05-07,2026-06-06,2026-06-07T13:00:00Z,2026-07-01,1282.56,455.30,0.00,513.02,0.00,1224.84,35.00
STM-CR-00196-202607,ACC-CR-00196,2026-06-07,2026-07-06,2026-07-07T13:00:00Z,2026-07-31,1224.84,238.95,0.00,489.94,0.00,973.85,35.00
STM-CR-00196-202608,ACC-CR-00196,2026-07-07,2026-08-06,2026-08-07T13:00:00Z,2026-08-31,973.85,385.27,0.00,389.54,0.00,969.58,35.00
STM-CR-00196-202609,ACC-CR-00196,2026-08-07,2026-09-06,2026-09-07T13:00:00Z,2026-10-01,969.58,507.40,0.00,387.83,0.00,1089.15,35.00
STM-CR-00196-202610,ACC-CR-00196,2026-09-07,2026-10-06,2026-10-07T13:00:00Z,2026-10-31,1089.15,473.83,0.00,435.66,0.00,1127.32,35.00
STM-CR-00197-202509,ACC-CR-00197,2025-08-31,2025-09-25,2025-09-26T13:00:00Z,2025-10-20,0.00,0.00,0.00,0.00,0.00,0.00,0.00
STM-CR-00197-202510,ACC-CR-00197,2025-09-26,2025-10-25,2025-10-26T13:00:00Z,2025-11-19,0.00,216.00,0.00,0.00,0.00,216.00,35.00
STM-CR-00197-202511,ACC-CR-00197,2025-10-26,2025-11-25,2025-11-26T14:00:00Z,2025-12-20,216.00,231.51,0.00,86.40,0.00,361.11,35.00
STM-CR-00197-202512,ACC-CR-00197,2025-11-26,2025-12-25,2025-12-26T14:00:00Z,2026-01-19,361.11,244.34,0.00,144.44,0.00,461.01,35.00
STM-CR-00197-202601,ACC-CR-00197,2025-12-26,2026-01-25,2026-01-26T14:00:00Z,2026-02-19,461.01,264.03,0.00,184.40,0.00,540.64,35.00
STM-CR-00197-202602,ACC-CR-00197,2026-01-26,2026-02-25,2026-02-26T14:00:00Z,2026-03-22,540.64,239.43,0.00,216.26,0.00,563.81,35.00
STM-CR-00197-202603,ACC-CR-00197,2026-02-26,2026-03-25,2026-03-26T13:00:00Z,2026-04-19,563.81,306.96,0.00,225.52,0.00,645.25,35.00
STM-CR-00197-202604,ACC-CR-00197,2026-03-26,2026-04-25,2026-04-26T13:00:00Z,2026-05-20,645.25,169.79,0.00,258.10,0.00,556.94,35.00
STM-CR-00197-202605,ACC-CR-00197,2026-04-26,2026-05-25,2026-05-26T13:00:00Z,2026-06-19,556.94,14.91,0.00,222.78,0.00,349.07,35.00
STM-CR-00197-202606,ACC-CR-00197,2026-05-26,2026-06-25,2026-06-26T13:00:00Z,2026-07-20,349.07,302.69,0.00,139.63,0.00,512.13,35.00
STM-CR-00197-202607,ACC-CR-00197,2026-06-26,2026-07-25,2026-07-26T13:00:00Z,2026-08-19,512.13,199.52,0.00,204.85,0.00,506.80,35.00
STM-CR-00197-202608,ACC-CR-00197,2026-07-26,2026-08-25,2026-08-26T13:00:00Z,2026-09-19,506.80,167.54,0.00,202.72,0.00,471.62,35.00
STM-CR-00197-202609,ACC-CR-00197,2026-08-26,2026-09-25,2026-09-26T13:00:00Z,2026-10-20,471.62,108.22,0.00,188.65,0.00,391.19,35.00
STM-CR-00198-202509,ACC-CR-00198,2025-09-14,2025-09-26,2025-09-27T13:00:00Z,2025-10-21,0.00,0.00,0.00,0.00,0.00,0.00,0.00
STM-CR-00198-202510,ACC-CR-00198,2025-09-27,2025-10-26,2025-10-27T13:00:00Z,2025-11-20,0.00,176.81,0.00,0.00,0.00,176.81,35.00
STM-CR-00198-202511,ACC-CR-00198,2025-10-27,2025-11-26,2025-11-27T14:00:00Z,2025-12-21,176.81,293.06,0.00,70.72,0.00,399.15,35.00
STM-CR-00198-202512,ACC-CR-00198,2025-11-27,2025-12-26,2025-12-27T14:00:00Z,2026-01-20,399.15,239.57,0.00,159.66,0.00,479.06,35.00
STM-CR-00198-202601,ACC-CR-00198,2025-12-27,2026-01-26,2026-01-27T14:00:00Z,2026-02-20,479.06,289.78,0.00,191.62,0.00,577.22,35.00
STM-CR-00198-202602,ACC-CR-00198,2026-01-27,2026-02-26,2026-02-27T14:00:00Z,2026-03-23,577.22,465.20,0.00,230.89,0.00,811.53,35.00
STM-CR-00198-202603,ACC-CR-00198,2026-02-27,2026-03-26,2026-03-27T13:00:00Z,2026-04-20,811.53,238.71,0.00,324.61,0.00,725.63,35.00
STM-CR-00198-202604,ACC-CR-00198,2026-03-27,2026-04-26,2026-04-27T13:00:00Z,2026-05-21,725.63,211.76,0.00,290.25,0.00,647.14,35.00
STM-CR-00198-202605,ACC-CR-00198,2026-04-27,2026-05-26,2026-05-27T13:00:00Z,2026-06-20,647.14,299.77,0.00,258.86,0.00,688.05,35.00
STM-CR-00198-202606,ACC-CR-00198,2026-05-27,2026-06-26,2026-06-27T13:00:00Z,2026-07-21,688.05,418.02,0.00,275.22,0.00,830.85,35.00
STM-CR-00198-202607,ACC-CR-00198,2026-06-27,2026-07-26,2026-07-27T13:00:00Z,2026-08-20,830.85,675.72,0.00,332.34,0.00,1174.23,35.00
STM-CR-00198-202608,ACC-CR-00198,2026-07-27,2026-08-26,2026-08-27T13:00:00Z,2026-09-20,1174.23,85.00,0.00,469.69,0.00,789.54,35.00
STM-CR-00198-202609,ACC-CR-00198,2026-08-27,2026-09-26,2026-09-27T13:00:00Z,2026-10-21,789.54,280.70,0.00,315.82,0.00,754.42,35.00
STM-CR-00199-202509,ACC-CR-00199,2025-08-31,2025-09-12,2025-09-13T13:00:00Z,2025-10-07,0.00,0.00,0.00,0.00,0.00,0.00,0.00
STM-CR-00199-202510,ACC-CR-00199,2025-09-13,2025-10-12,2025-10-13T13:00:00Z,2025-11-06,0.00,58.57,0.00,0.00,0.00,58.57,35.00
STM-CR-00199-202511,ACC-CR-00199,2025-10-13,2025-11-12,2025-11-13T14:00:00Z,2025-12-07,58.57,126.52,0.00,58.57,0.00,126.52,35.00
STM-CR-00199-202512,ACC-CR-00199,2025-11-13,2025-12-12,2025-12-13T14:00:00Z,2026-01-06,126.52,915.51,0.00,126.52,0.00,915.51,35.00
STM-CR-00199-202601,ACC-CR-00199,2025-12-13,2026-01-12,2026-01-13T14:00:00Z,2026-02-06,915.51,140.51,0.00,915.51,0.00,140.51,35.00
STM-CR-00199-202602,ACC-CR-00199,2026-01-13,2026-02-12,2026-02-13T14:00:00Z,2026-03-09,140.51,21.98,0.00,140.51,0.00,21.98,35.00
STM-CR-00199-202603,ACC-CR-00199,2026-02-13,2026-03-12,2026-03-13T13:00:00Z,2026-04-06,21.98,253.15,0.00,21.98,0.00,253.15,35.00
STM-CR-00199-202604,ACC-CR-00199,2026-03-13,2026-04-12,2026-04-13T13:00:00Z,2026-05-07,253.15,203.54,0.00,253.15,0.00,203.54,35.00
STM-CR-00199-202605,ACC-CR-00199,2026-04-13,2026-05-12,2026-05-13T13:00:00Z,2026-06-06,203.54,707.46,0.00,203.54,0.00,707.46,35.00
STM-CR-00199-202606,ACC-CR-00199,2026-05-13,2026-06-12,2026-06-13T13:00:00Z,2026-07-07,707.46,231.88,0.00,707.46,0.00,231.88,35.00
STM-CR-00199-202607,ACC-CR-00199,2026-06-13,2026-07-12,2026-07-13T13:00:00Z,2026-08-06,231.88,0.00,0.00,231.88,0.00,0.00,0.00
STM-CR-00199-202608,ACC-CR-00199,2026-07-13,2026-08-12,2026-08-13T13:00:00Z,2026-09-06,0.00,325.73,0.00,0.00,0.00,325.73,35.00
STM-CR-00199-202609,ACC-CR-00199,2026-08-13,2026-09-12,2026-09-13T13:00:00Z,2026-10-07,325.73,335.07,60.39,325.73,0.00,274.68,35.00
STM-CR-00199-202610,ACC-CR-00199,2026-09-13,2026-10-12,2026-10-13T13:00:00Z,2026-11-06,274.68,21.18,0.00,274.68,0.00,21.18,35.00
STM-CR-00200-202509,ACC-CR-00200,2025-08-31,2025-09-04,2025-09-05T13:00:00Z,2025-09-29,0.00,0.00,0.00,0.00,0.00,0.00,0.00
STM-CR-00200-202510,ACC-CR-00200,2025-09-05,2025-10-04,2025-10-05T13:00:00Z,2025-10-29,0.00,0.00,0.00,0.00,0.00,0.00,0.00
STM-CR-00200-202511,ACC-CR-00200,2025-10-05,2025-11-04,2025-11-05T14:00:00Z,2025-11-29,0.00,268.45,0.00,0.00,0.00,268.45,35.00
STM-CR-00200-202512,ACC-CR-00200,2025-11-05,2025-12-04,2025-12-05T14:00:00Z,2025-12-29,268.45,390.52,0.00,107.38,0.00,551.59,35.00
STM-CR-00200-202601,ACC-CR-00200,2025-12-05,2026-01-04,2026-01-05T14:00:00Z,2026-01-29,551.59,190.28,0.00,220.64,0.00,521.23,35.00
STM-CR-00200-202602,ACC-CR-00200,2026-01-05,2026-02-04,2026-02-05T14:00:00Z,2026-03-01,521.23,238.70,0.00,208.49,0.00,551.44,35.00
STM-CR-00200-202603,ACC-CR-00200,2026-02-05,2026-03-04,2026-03-05T14:00:00Z,2026-03-29,551.44,169.65,0.00,220.58,0.00,500.51,35.00
STM-CR-00200-202604,ACC-CR-00200,2026-03-05,2026-04-04,2026-04-05T13:00:00Z,2026-04-29,500.51,139.00,0.00,200.20,0.00,439.31,35.00
STM-CR-00200-202605,ACC-CR-00200,2026-04-05,2026-05-04,2026-05-05T13:00:00Z,2026-05-29,439.31,336.68,0.00,175.72,0.00,600.27,35.00
STM-CR-00200-202606,ACC-CR-00200,2026-05-05,2026-06-04,2026-06-05T13:00:00Z,2026-06-29,600.27,306.19,0.00,240.11,0.00,666.35,35.00
STM-CR-00200-202607,ACC-CR-00200,2026-06-05,2026-07-04,2026-07-05T13:00:00Z,2026-07-29,666.35,244.50,0.00,266.54,0.00,644.31,35.00
STM-CR-00200-202608,ACC-CR-00200,2026-07-05,2026-08-04,2026-08-05T13:00:00Z,2026-08-29,644.31,332.75,0.00,257.72,0.00,719.34,35.00
STM-CR-00200-202609,ACC-CR-00200,2026-08-05,2026-09-04,2026-09-05T13:00:00Z,2026-09-29,719.34,173.68,0.00,287.74,0.00,605.28,35.00
STM-CR-00200-202610,ACC-CR-00200,2026-09-05,2026-10-04,2026-10-05T13:00:00Z,2026-10-29,605.28,312.63,0.00,242.11,0.00,675.80,35.00
STM-CR-00201-202607,ACC-CR-00201,2026-06-23,2026-07-17,2026-07-18T13:00:00Z,2026-08-11,0.00,150.22,0.00,0.00,0.00,150.22,35.00
STM-CR-00201-202608,ACC-CR-00201,2026-07-18,2026-08-17,2026-08-18T13:00:00Z,2026-09-11,150.22,329.38,0.00,60.09,0.00,419.51,35.00
STM-CR-00201-202609,ACC-CR-00201,2026-08-18,2026-09-17,2026-09-18T13:00:00Z,2026-10-12,419.51,279.46,0.00,167.80,0.00,531.17,35.00
STM-CR-00201-202610,ACC-CR-00201,2026-09-18,2026-10-17,2026-10-18T13:00:00Z,2026-11-11,531.17,223.76,0.00,212.47,0.00,542.46,35.00
STM-CR-00202-202509,ACC-CR-00202,2025-08-31,2025-09-07,2025-09-08T13:00:00Z,2025-10-02,0.00,0.00,0.00,0.00,0.00,0.00,0.00
STM-CR-00202-202510,ACC-CR-00202,2025-09-08,2025-10-07,2025-10-08T13:00:00Z,2025-11-01,0.00,140.71,0.00,0.00,0.00,140.71,35.00
STM-CR-00202-202511,ACC-CR-00202,2025-10-08,2025-11-07,2025-11-08T14:00:00Z,2025-12-02,140.71,529.72,0.00,56.28,0.00,614.15,35.00
STM-CR-00202-202512,ACC-CR-00202,2025-11-08,2025-12-07,2025-12-08T14:00:00Z,2026-01-01,614.15,144.70,0.00,245.66,0.00,513.19,35.00
STM-CR-00202-202601,ACC-CR-00202,2025-12-08,2026-01-07,2026-01-08T14:00:00Z,2026-02-01,513.19,549.86,0.00,205.28,0.00,857.77,35.00
STM-CR-00202-202602,ACC-CR-00202,2026-01-08,2026-02-07,2026-02-08T14:00:00Z,2026-03-04,857.77,196.73,0.00,343.11,0.00,711.39,35.00
STM-CR-00202-202603,ACC-CR-00202,2026-02-08,2026-03-07,2026-03-08T13:00:00Z,2026-04-01,711.39,272.44,0.00,284.56,0.00,699.27,35.00
STM-CR-00202-202604,ACC-CR-00202,2026-03-08,2026-04-07,2026-04-08T13:00:00Z,2026-05-02,699.27,509.66,0.00,279.71,0.00,929.22,35.00
STM-CR-00202-202605,ACC-CR-00202,2026-04-08,2026-05-07,2026-05-08T13:00:00Z,2026-06-01,929.22,175.80,0.00,371.69,0.00,733.33,35.00
STM-CR-00202-202606,ACC-CR-00202,2026-05-08,2026-06-07,2026-06-08T13:00:00Z,2026-07-02,733.33,333.89,0.00,293.33,0.00,773.89,35.00
STM-CR-00202-202607,ACC-CR-00202,2026-06-08,2026-07-07,2026-07-08T13:00:00Z,2026-08-01,773.89,851.81,0.00,309.56,0.00,1316.14,35.00
STM-CR-00202-202608,ACC-CR-00202,2026-07-08,2026-08-07,2026-08-08T13:00:00Z,2026-09-01,1316.14,205.23,0.00,526.46,0.00,994.91,35.00
STM-CR-00202-202609,ACC-CR-00202,2026-08-08,2026-09-07,2026-09-08T13:00:00Z,2026-10-02,994.91,130.10,0.00,397.96,0.00,727.05,35.00
STM-CR-00202-202610,ACC-CR-00202,2026-09-08,2026-10-07,2026-10-08T13:00:00Z,2026-11-01,727.05,321.33,0.00,290.82,0.00,757.56,35.00
STM-CR-00203-202509,ACC-CR-00203,2025-08-31,2025-09-21,2025-09-22T13:00:00Z,2025-10-16,0.00,0.00,0.00,0.00,0.00,0.00,0.00
STM-CR-00203-202510,ACC-CR-00203,2025-09-22,2025-10-21,2025-10-22T13:00:00Z,2025-11-15,0.00,87.63,0.00,0.00,0.00,87.63,35.00
STM-CR-00203-202511,ACC-CR-00203,2025-10-22,2025-11-21,2025-11-22T14:00:00Z,2025-12-16,87.63,354.96,0.00,35.05,0.00,407.54,35.00
STM-CR-00203-202512,ACC-CR-00203,2025-11-22,2025-12-21,2025-12-22T14:00:00Z,2026-01-15,407.54,269.35,0.00,163.02,0.00,513.87,35.00
STM-CR-00203-202601,ACC-CR-00203,2025-12-22,2026-01-21,2026-01-22T14:00:00Z,2026-02-15,513.87,263.10,0.00,205.55,0.00,571.42,35.00
STM-CR-00203-202602,ACC-CR-00203,2026-01-22,2026-02-21,2026-02-22T14:00:00Z,2026-03-18,571.42,232.73,0.00,228.57,0.00,575.58,35.00
STM-CR-00203-202603,ACC-CR-00203,2026-02-22,2026-03-21,2026-03-22T13:00:00Z,2026-04-15,575.58,340.87,0.00,230.23,0.00,686.22,35.00
STM-CR-00203-202604,ACC-CR-00203,2026-03-22,2026-04-21,2026-04-22T13:00:00Z,2026-05-16,686.22,169.08,0.00,274.49,0.00,580.81,35.00
STM-CR-00203-202605,ACC-CR-00203,2026-04-22,2026-05-21,2026-05-22T13:00:00Z,2026-06-15,580.81,307.74,0.00,232.32,0.00,656.23,35.00
STM-CR-00203-202606,ACC-CR-00203,2026-05-22,2026-06-21,2026-06-22T13:00:00Z,2026-07-16,656.23,183.58,0.00,262.49,0.00,577.32,35.00
STM-CR-00203-202607,ACC-CR-00203,2026-06-22,2026-07-21,2026-07-22T13:00:00Z,2026-08-15,577.32,457.80,0.00,230.93,0.00,804.19,35.00
STM-CR-00203-202608,ACC-CR-00203,2026-07-22,2026-08-21,2026-08-22T13:00:00Z,2026-09-15,804.19,890.73,0.00,321.68,0.00,1373.24,35.00
STM-CR-00203-202609,ACC-CR-00203,2026-08-22,2026-09-21,2026-09-22T13:00:00Z,2026-10-16,1373.24,165.01,0.00,549.30,0.00,988.95,35.00
STM-CR-00204-202509,ACC-CR-00204,2025-08-31,2025-09-15,2025-09-16T13:00:00Z,2025-10-10,0.00,0.00,0.00,0.00,0.00,0.00,0.00
STM-CR-00204-202510,ACC-CR-00204,2025-09-16,2025-10-15,2025-10-16T13:00:00Z,2025-11-09,0.00,264.84,0.00,0.00,0.00,264.84,35.00
STM-CR-00204-202511,ACC-CR-00204,2025-10-16,2025-11-15,2025-11-16T14:00:00Z,2025-12-10,264.84,185.58,14.67,264.84,0.00,170.91,35.00
STM-CR-00204-202512,ACC-CR-00204,2025-11-16,2025-12-15,2025-12-16T14:00:00Z,2026-01-09,170.91,397.24,356.00,170.91,0.00,41.24,35.00
STM-CR-00204-202601,ACC-CR-00204,2025-12-16,2026-01-15,2026-01-16T14:00:00Z,2026-02-09,41.24,138.98,0.00,41.24,0.00,138.98,35.00
STM-CR-00204-202602,ACC-CR-00204,2026-01-16,2026-02-15,2026-02-16T14:00:00Z,2026-03-12,138.98,284.86,0.00,138.98,0.00,284.86,35.00
STM-CR-00204-202603,ACC-CR-00204,2026-02-16,2026-03-15,2026-03-16T13:00:00Z,2026-04-09,284.86,311.68,0.00,284.86,0.00,311.68,35.00
STM-CR-00204-202604,ACC-CR-00204,2026-03-16,2026-04-15,2026-04-16T13:00:00Z,2026-05-10,311.68,281.74,0.00,311.68,0.00,281.74,35.00
STM-CR-00204-202605,ACC-CR-00204,2026-04-16,2026-05-15,2026-05-16T13:00:00Z,2026-06-09,281.74,484.74,0.00,281.74,0.00,484.74,35.00
STM-CR-00204-202606,ACC-CR-00204,2026-05-16,2026-06-15,2026-06-16T13:00:00Z,2026-07-10,484.74,28.46,0.00,484.74,0.00,28.46,35.00
STM-CR-00204-202607,ACC-CR-00204,2026-06-16,2026-07-15,2026-07-16T13:00:00Z,2026-08-09,28.46,271.31,0.00,28.46,0.00,271.31,35.00
STM-CR-00204-202608,ACC-CR-00204,2026-07-16,2026-08-15,2026-08-16T13:00:00Z,2026-09-09,271.31,210.53,0.00,271.31,0.00,210.53,35.00
STM-CR-00204-202609,ACC-CR-00204,2026-08-16,2026-09-15,2026-09-16T13:00:00Z,2026-10-10,210.53,538.27,0.00,210.53,0.00,538.27,35.00
STM-CR-00204-202610,ACC-CR-00204,2026-09-16,2026-10-15,2026-10-16T13:00:00Z,2026-11-09,538.27,41.36,0.00,538.27,0.00,41.36,35.00
STM-CR-00205-202509,ACC-CR-00205,2025-08-31,2025-09-22,2025-09-23T13:00:00Z,2025-10-17,0.00,0.00,0.00,0.00,0.00,0.00,0.00
STM-CR-00205-202510,ACC-CR-00205,2025-09-23,2025-10-22,2025-10-23T13:00:00Z,2025-11-16,0.00,95.37,0.00,0.00,0.00,95.37,35.00
STM-CR-00205-202511,ACC-CR-00205,2025-10-23,2025-11-22,2025-11-23T14:00:00Z,2025-12-17,95.37,17.99,0.00,95.37,0.00,17.99,35.00
STM-CR-00205-202512,ACC-CR-00205,2025-11-23,2025-12-22,2025-12-23T14:00:00Z,2026-01-16,17.99,211.16,0.00,17.99,0.00,211.16,35.00
STM-CR-00205-202601,ACC-CR-00205,2025-12-23,2026-01-22,2026-01-23T14:00:00Z,2026-02-16,211.16,509.32,0.00,211.16,0.00,509.32,35.00
STM-CR-00205-202602,ACC-CR-00205,2026-01-23,2026-02-22,2026-02-23T14:00:00Z,2026-03-19,509.32,381.84,0.00,509.32,0.00,381.84,35.00
STM-CR-00205-202603,ACC-CR-00205,2026-02-23,2026-03-22,2026-03-23T13:00:00Z,2026-04-16,381.84,17.99,0.00,381.84,0.00,17.99,35.00
STM-CR-00205-202604,ACC-CR-00205,2026-03-23,2026-04-22,2026-04-23T13:00:00Z,2026-05-17,17.99,291.70,0.00,17.99,0.00,291.70,35.00
STM-CR-00205-202605,ACC-CR-00205,2026-04-23,2026-05-22,2026-05-23T13:00:00Z,2026-06-16,291.70,398.20,0.00,291.70,0.00,398.20,35.00
STM-CR-00205-202606,ACC-CR-00205,2026-05-23,2026-06-22,2026-06-23T13:00:00Z,2026-07-17,398.20,165.78,0.00,398.20,0.00,165.78,35.00
STM-CR-00205-202607,ACC-CR-00205,2026-06-23,2026-07-22,2026-07-23T13:00:00Z,2026-08-16,165.78,224.52,0.00,165.78,0.00,224.52,35.00
STM-CR-00205-202608,ACC-CR-00205,2026-07-23,2026-08-22,2026-08-23T13:00:00Z,2026-09-16,224.52,139.49,0.00,224.52,0.00,139.49,35.00
STM-CR-00205-202609,ACC-CR-00205,2026-08-23,2026-09-22,2026-09-23T13:00:00Z,2026-10-17,139.49,185.90,0.00,139.49,0.00,185.90,35.00
STM-CR-00206-202509,ACC-CR-00206,2025-08-31,2025-09-18,2025-09-19T13:00:00Z,2025-10-13,0.00,0.00,0.00,0.00,0.00,0.00,0.00
STM-CR-00206-202510,ACC-CR-00206,2025-09-19,2025-10-18,2025-10-19T13:00:00Z,2025-11-12,0.00,112.66,0.00,0.00,0.00,112.66,35.00
STM-CR-00206-202511,ACC-CR-00206,2025-10-19,2025-11-18,2025-11-19T14:00:00Z,2025-12-13,112.66,200.69,0.00,45.06,0.00,268.29,35.00
STM-CR-00206-202512,ACC-CR-00206,2025-11-19,2025-12-18,2025-12-19T14:00:00Z,2026-01-12,268.29,615.25,0.00,107.32,0.00,776.22,35.00
STM-CR-00206-202601,ACC-CR-00206,2025-12-19,2026-01-18,2026-01-19T14:00:00Z,2026-02-12,776.22,641.01,0.00,310.49,0.00,1106.74,35.00
STM-CR-00206-202602,ACC-CR-00206,2026-01-19,2026-02-18,2026-02-19T14:00:00Z,2026-03-15,1106.74,156.11,0.00,442.70,0.00,820.15,35.00
STM-CR-00206-202603,ACC-CR-00206,2026-02-19,2026-03-18,2026-03-19T13:00:00Z,2026-04-12,820.15,284.65,0.00,328.06,0.00,776.74,35.00
STM-CR-00206-202604,ACC-CR-00206,2026-03-19,2026-04-18,2026-04-19T13:00:00Z,2026-05-13,776.74,220.50,0.00,310.70,0.00,686.54,35.00
STM-CR-00206-202605,ACC-CR-00206,2026-04-19,2026-05-18,2026-05-19T13:00:00Z,2026-06-12,686.54,201.98,0.00,274.62,0.00,613.90,35.00
STM-CR-00206-202606,ACC-CR-00206,2026-05-19,2026-06-18,2026-06-19T13:00:00Z,2026-07-13,613.90,271.69,0.00,245.56,0.00,640.03,35.00
STM-CR-00206-202607,ACC-CR-00206,2026-06-19,2026-07-18,2026-07-19T13:00:00Z,2026-08-12,640.03,363.48,0.00,256.01,0.00,747.50,35.00
STM-CR-00206-202608,ACC-CR-00206,2026-07-19,2026-08-18,2026-08-19T13:00:00Z,2026-09-12,747.50,388.35,0.00,299.00,0.00,836.85,35.00
STM-CR-00206-202609,ACC-CR-00206,2026-08-19,2026-09-18,2026-09-19T13:00:00Z,2026-10-13,836.85,322.65,0.00,334.74,0.00,824.76,35.00
STM-CR-00206-202610,ACC-CR-00206,2026-09-19,2026-10-18,2026-10-19T13:00:00Z,2026-11-12,824.76,189.14,0.00,329.90,0.00,684.00,35.00
STM-CR-00207-202509,ACC-CR-00207,2025-08-31,2025-09-03,2025-09-04T13:00:00Z,2025-09-28,0.00,0.00,0.00,0.00,0.00,0.00,0.00
STM-CR-00207-202510,ACC-CR-00207,2025-09-04,2025-10-03,2025-10-04T13:00:00Z,2025-10-28,0.00,0.00,0.00,0.00,0.00,0.00,0.00
STM-CR-00207-202511,ACC-CR-00207,2025-10-04,2025-11-03,2025-11-04T14:00:00Z,2025-11-28,0.00,240.61,0.00,0.00,0.00,240.61,35.00
STM-CR-00207-202512,ACC-CR-00207,2025-11-04,2025-12-03,2025-12-04T14:00:00Z,2025-12-28,240.61,111.83,0.00,240.61,0.00,111.83,35.00
STM-CR-00207-202601,ACC-CR-00207,2025-12-04,2026-01-03,2026-01-04T14:00:00Z,2026-01-28,111.83,432.64,0.00,111.83,0.00,432.64,35.00
STM-CR-00207-202602,ACC-CR-00207,2026-01-04,2026-02-03,2026-02-04T14:00:00Z,2026-02-28,432.64,107.38,0.00,432.64,0.00,107.38,35.00
STM-CR-00207-202603,ACC-CR-00207,2026-02-04,2026-03-03,2026-03-04T14:00:00Z,2026-03-28,107.38,251.45,0.00,107.38,0.00,251.45,35.00
STM-CR-00207-202604,ACC-CR-00207,2026-03-04,2026-04-03,2026-04-04T13:00:00Z,2026-04-28,251.45,357.49,0.00,251.45,0.00,357.49,35.00
STM-CR-00207-202605,ACC-CR-00207,2026-04-04,2026-05-03,2026-05-04T13:00:00Z,2026-05-28,357.49,43.06,0.00,357.49,0.00,43.06,35.00
STM-CR-00207-202606,ACC-CR-00207,2026-05-04,2026-06-03,2026-06-04T13:00:00Z,2026-06-28,43.06,146.32,0.00,43.06,0.00,146.32,35.00
STM-CR-00207-202607,ACC-CR-00207,2026-06-04,2026-07-03,2026-07-04T13:00:00Z,2026-07-28,146.32,207.51,0.00,146.32,0.00,207.51,35.00
STM-CR-00207-202608,ACC-CR-00207,2026-07-04,2026-08-03,2026-08-04T13:00:00Z,2026-08-28,207.51,447.55,0.00,207.51,0.00,447.55,35.00
STM-CR-00207-202609,ACC-CR-00207,2026-08-04,2026-09-03,2026-09-04T13:00:00Z,2026-09-28,447.55,96.95,0.00,447.55,0.00,96.95,35.00
STM-CR-00207-202610,ACC-CR-00207,2026-09-04,2026-10-03,2026-10-04T13:00:00Z,2026-10-28,96.95,280.83,0.00,96.95,0.00,280.83,35.00
STM-CR-00208-202509,ACC-CR-00208,2025-08-31,2025-09-24,2025-09-25T13:00:00Z,2025-10-19,0.00,0.00,0.00,0.00,0.00,0.00,0.00
STM-CR-00208-202510,ACC-CR-00208,2025-09-25,2025-10-24,2025-10-25T13:00:00Z,2025-11-18,0.00,148.60,0.00,0.00,0.00,148.60,35.00
STM-CR-00208-202511,ACC-CR-00208,2025-10-25,2025-11-24,2025-11-25T14:00:00Z,2025-12-19,148.60,230.74,0.00,59.44,0.00,319.90,35.00
STM-CR-00208-202512,ACC-CR-00208,2025-11-25,2025-12-24,2025-12-25T14:00:00Z,2026-01-18,319.90,667.40,0.00,127.96,0.00,859.34,35.00
STM-CR-00208-202601,ACC-CR-00208,2025-12-25,2026-01-24,2026-01-25T14:00:00Z,2026-02-18,859.34,274.24,0.00,343.74,0.00,789.84,35.00
STM-CR-00208-202602,ACC-CR-00208,2026-01-25,2026-02-24,2026-02-25T14:00:00Z,2026-03-21,789.84,352.39,0.00,315.94,0.00,826.29,35.00
STM-CR-00208-202603,ACC-CR-00208,2026-02-25,2026-03-24,2026-03-25T13:00:00Z,2026-04-18,826.29,461.66,0.00,330.52,0.00,957.43,35.00
STM-CR-00208-202604,ACC-CR-00208,2026-03-25,2026-04-24,2026-04-25T13:00:00Z,2026-05-19,957.43,359.30,0.00,382.97,0.00,933.76,35.00
STM-CR-00208-202605,ACC-CR-00208,2026-04-25,2026-05-24,2026-05-25T13:00:00Z,2026-06-18,933.76,403.85,0.00,373.50,0.00,964.11,35.00
STM-CR-00208-202606,ACC-CR-00208,2026-05-25,2026-06-24,2026-06-25T13:00:00Z,2026-07-19,964.11,364.92,0.00,385.64,0.00,943.39,35.00
STM-CR-00208-202607,ACC-CR-00208,2026-06-25,2026-07-24,2026-07-25T13:00:00Z,2026-08-18,943.39,458.42,0.00,377.36,0.00,1024.45,35.00
STM-CR-00208-202608,ACC-CR-00208,2026-07-25,2026-08-24,2026-08-25T13:00:00Z,2026-09-18,1024.45,517.78,0.00,409.78,0.00,1132.45,35.00
STM-CR-00208-202609,ACC-CR-00208,2026-08-25,2026-09-24,2026-09-25T13:00:00Z,2026-10-19,1132.45,461.83,0.00,452.98,0.00,1141.30,35.00
STM-CR-00209-202509,ACC-CR-00209,2025-08-31,2025-09-10,2025-09-11T13:00:00Z,2025-10-05,0.00,0.00,0.00,0.00,0.00,0.00,0.00
STM-CR-00209-202510,ACC-CR-00209,2025-09-11,2025-10-10,2025-10-11T13:00:00Z,2025-11-04,0.00,0.00,0.00,0.00,0.00,0.00,0.00
STM-CR-00209-202511,ACC-CR-00209,2025-10-11,2025-11-10,2025-11-11T14:00:00Z,2025-12-05,0.00,226.84,0.00,0.00,0.00,226.84,35.00
STM-CR-00209-202512,ACC-CR-00209,2025-11-11,2025-12-10,2025-12-11T14:00:00Z,2026-01-04,226.84,615.42,0.00,90.74,0.00,751.52,35.00
STM-CR-00209-202601,ACC-CR-00209,2025-12-11,2026-01-10,2026-01-11T14:00:00Z,2026-02-04,751.52,984.63,0.00,300.61,0.00,1435.54,35.00
STM-CR-00209-202602,ACC-CR-00209,2026-01-11,2026-02-10,2026-02-11T14:00:00Z,2026-03-07,1435.54,209.03,0.00,574.22,0.00,1070.35,35.00
STM-CR-00209-202603,ACC-CR-00209,2026-02-11,2026-03-10,2026-03-11T13:00:00Z,2026-04-04,1070.35,420.75,0.00,428.14,0.00,1062.96,35.00
STM-CR-00209-202604,ACC-CR-00209,2026-03-11,2026-04-10,2026-04-11T13:00:00Z,2026-05-05,1062.96,292.69,0.00,425.18,0.00,930.47,35.00
STM-CR-00209-202605,ACC-CR-00209,2026-04-11,2026-05-10,2026-05-11T13:00:00Z,2026-06-04,930.47,314.49,0.00,372.19,0.00,872.77,35.00
STM-CR-00209-202606,ACC-CR-00209,2026-05-11,2026-06-10,2026-06-11T13:00:00Z,2026-07-05,872.77,280.22,0.00,349.11,0.00,803.88,35.00
STM-CR-00209-202607,ACC-CR-00209,2026-06-11,2026-07-10,2026-07-11T13:00:00Z,2026-08-04,803.88,299.90,0.00,321.55,0.00,782.23,35.00
STM-CR-00209-202608,ACC-CR-00209,2026-07-11,2026-08-10,2026-08-11T13:00:00Z,2026-09-04,782.23,246.91,0.00,312.89,0.00,716.25,35.00
STM-CR-00209-202609,ACC-CR-00209,2026-08-11,2026-09-10,2026-09-11T13:00:00Z,2026-10-05,716.25,284.70,0.00,286.50,0.00,714.45,35.00
STM-CR-00209-202610,ACC-CR-00209,2026-09-11,2026-10-10,2026-10-11T13:00:00Z,2026-11-04,714.45,336.51,0.00,285.78,0.00,765.18,35.00
STM-CR-00210-202509,ACC-CR-00210,2025-08-31,2025-09-14,2025-09-15T13:00:00Z,2025-10-09,0.00,0.00,0.00,0.00,0.00,0.00,0.00
STM-CR-00210-202510,ACC-CR-00210,2025-09-15,2025-10-14,2025-10-15T13:00:00Z,2025-11-08,0.00,178.77,0.00,0.00,0.00,178.77,35.00
STM-CR-00210-202511,ACC-CR-00210,2025-10-15,2025-11-14,2025-11-15T14:00:00Z,2025-12-09,178.77,222.72,0.00,178.77,0.00,222.72,35.00
STM-CR-00210-202512,ACC-CR-00210,2025-11-15,2025-12-14,2025-12-15T14:00:00Z,2026-01-08,222.72,258.55,0.00,222.72,0.00,258.55,35.00
STM-CR-00210-202601,ACC-CR-00210,2025-12-15,2026-01-14,2026-01-15T14:00:00Z,2026-02-08,258.55,430.29,0.00,258.55,0.00,430.29,35.00
STM-CR-00210-202602,ACC-CR-00210,2026-01-15,2026-02-14,2026-02-15T14:00:00Z,2026-03-11,430.29,393.56,0.00,430.29,0.00,393.56,35.00
STM-CR-00210-202603,ACC-CR-00210,2026-02-15,2026-03-14,2026-03-15T13:00:00Z,2026-04-08,393.56,244.19,0.00,393.56,0.00,244.19,35.00
STM-CR-00210-202604,ACC-CR-00210,2026-03-15,2026-04-14,2026-04-15T13:00:00Z,2026-05-09,244.19,297.45,0.00,244.19,0.00,297.45,35.00
STM-CR-00210-202605,ACC-CR-00210,2026-04-15,2026-05-14,2026-05-15T13:00:00Z,2026-06-08,297.45,386.98,0.00,297.45,0.00,386.98,35.00
STM-CR-00210-202606,ACC-CR-00210,2026-05-15,2026-06-14,2026-06-15T13:00:00Z,2026-07-09,386.98,104.55,0.00,386.98,0.00,104.55,35.00
STM-CR-00210-202607,ACC-CR-00210,2026-06-15,2026-07-14,2026-07-15T13:00:00Z,2026-08-08,104.55,261.65,0.00,104.55,0.00,261.65,35.00
STM-CR-00210-202608,ACC-CR-00210,2026-07-15,2026-08-14,2026-08-15T13:00:00Z,2026-09-08,261.65,326.00,0.00,261.65,0.00,326.00,35.00
STM-CR-00210-202609,ACC-CR-00210,2026-08-15,2026-09-14,2026-09-15T13:00:00Z,2026-10-09,326.00,316.73,0.00,326.00,0.00,316.73,35.00
STM-CR-00210-202610,ACC-CR-00210,2026-09-15,2026-10-14,2026-10-15T13:00:00Z,2026-11-08,316.73,232.47,0.00,316.73,0.00,232.47,35.00
STM-CR-00211-202509,ACC-CR-00211,2025-08-31,2025-09-15,2025-09-16T13:00:00Z,2025-10-10,0.00,0.00,0.00,0.00,0.00,0.00,0.00
STM-CR-00211-202510,ACC-CR-00211,2025-09-16,2025-10-15,2025-10-16T13:00:00Z,2025-11-09,0.00,144.28,0.00,0.00,0.00,144.28,35.00
STM-CR-00211-202511,ACC-CR-00211,2025-10-16,2025-11-15,2025-11-16T14:00:00Z,2025-12-10,144.28,716.22,0.00,57.71,0.00,802.79,35.00
STM-CR-00211-202512,ACC-CR-00211,2025-11-16,2025-12-15,2025-12-16T14:00:00Z,2026-01-09,802.79,267.49,0.00,321.12,0.00,749.16,35.00
STM-CR-00211-202601,ACC-CR-00211,2025-12-16,2026-01-15,2026-01-16T14:00:00Z,2026-02-09,749.16,775.85,0.00,299.66,0.00,1225.35,35.00
STM-CR-00211-202602,ACC-CR-00211,2026-01-16,2026-02-15,2026-02-16T14:00:00Z,2026-03-12,1225.35,251.05,0.00,490.14,0.00,986.26,35.00
STM-CR-00211-202603,ACC-CR-00211,2026-02-16,2026-03-15,2026-03-16T13:00:00Z,2026-04-09,986.26,795.14,0.00,394.50,0.00,1386.90,35.00
STM-CR-00211-202604,ACC-CR-00211,2026-03-16,2026-04-15,2026-04-16T13:00:00Z,2026-05-10,1386.90,807.11,0.00,554.76,0.00,1639.25,35.00
STM-CR-00211-202605,ACC-CR-00211,2026-04-16,2026-05-15,2026-05-16T13:00:00Z,2026-06-09,1639.25,797.62,42.61,655.70,0.00,1738.56,35.00
STM-CR-00211-202606,ACC-CR-00211,2026-05-16,2026-06-15,2026-06-16T13:00:00Z,2026-07-10,1738.56,434.69,0.00,695.42,0.00,1477.83,35.00
STM-CR-00211-202607,ACC-CR-00211,2026-06-16,2026-07-15,2026-07-16T13:00:00Z,2026-08-09,1477.83,242.57,0.00,591.13,0.00,1129.27,35.00
STM-CR-00211-202608,ACC-CR-00211,2026-07-16,2026-08-15,2026-08-16T13:00:00Z,2026-09-09,1129.27,728.25,13.99,451.71,0.00,1391.82,35.00
STM-CR-00211-202609,ACC-CR-00211,2026-08-16,2026-09-15,2026-09-16T13:00:00Z,2026-10-10,1391.82,320.69,0.00,556.73,0.00,1155.78,35.00
STM-CR-00211-202610,ACC-CR-00211,2026-09-16,2026-10-15,2026-10-16T13:00:00Z,2026-11-09,1155.78,679.88,0.00,462.31,0.00,1373.35,35.00
STM-CR-00212-202509,ACC-CR-00212,2025-08-31,2025-09-24,2025-09-25T13:00:00Z,2025-10-19,0.00,0.00,0.00,0.00,0.00,0.00,0.00
STM-CR-00212-202510,ACC-CR-00212,2025-09-25,2025-10-24,2025-10-25T13:00:00Z,2025-11-18,0.00,311.07,0.00,0.00,0.00,311.07,35.00
STM-CR-00212-202511,ACC-CR-00212,2025-10-25,2025-11-24,2025-11-25T14:00:00Z,2025-12-19,311.07,550.58,0.00,311.07,0.00,550.58,35.00
STM-CR-00212-202512,ACC-CR-00212,2025-11-25,2025-12-24,2025-12-25T14:00:00Z,2026-01-18,550.58,411.73,0.00,550.58,0.00,411.73,35.00
STM-CR-00212-202601,ACC-CR-00212,2025-12-25,2026-01-24,2026-01-25T14:00:00Z,2026-02-18,411.73,133.12,0.00,411.73,0.00,133.12,35.00
STM-CR-00212-202602,ACC-CR-00212,2026-01-25,2026-02-24,2026-02-25T14:00:00Z,2026-03-21,133.12,240.95,0.00,133.12,0.00,240.95,35.00
STM-CR-00212-202603,ACC-CR-00212,2026-02-25,2026-03-24,2026-03-25T13:00:00Z,2026-04-18,240.95,83.67,0.00,240.95,0.00,83.67,35.00
STM-CR-00212-202604,ACC-CR-00212,2026-03-25,2026-04-24,2026-04-25T13:00:00Z,2026-05-19,83.67,192.46,0.00,83.67,0.00,192.46,35.00
STM-CR-00212-202605,ACC-CR-00212,2026-04-25,2026-05-24,2026-05-25T13:00:00Z,2026-06-18,192.46,1039.83,0.00,192.46,0.00,1039.83,35.00
STM-CR-00212-202606,ACC-CR-00212,2026-05-25,2026-06-24,2026-06-25T13:00:00Z,2026-07-19,1039.83,633.00,0.00,1039.83,0.00,633.00,35.00
STM-CR-00212-202607,ACC-CR-00212,2026-06-25,2026-07-24,2026-07-25T13:00:00Z,2026-08-18,633.00,409.41,0.00,633.00,0.00,409.41,35.00
STM-CR-00212-202608,ACC-CR-00212,2026-07-25,2026-08-24,2026-08-25T13:00:00Z,2026-09-18,409.41,225.15,0.00,409.41,0.00,225.15,35.00
STM-CR-00212-202609,ACC-CR-00212,2026-08-25,2026-09-24,2026-09-25T13:00:00Z,2026-10-19,225.15,136.27,0.00,225.15,0.00,136.27,35.00
STM-CR-00213-202606,ACC-CR-00213,2026-06-01,2026-06-10,2026-06-11T13:00:00Z,2026-07-05,0.00,821.41,0.00,0.00,0.00,821.41,35.00
STM-CR-00213-202607,ACC-CR-00213,2026-06-11,2026-07-10,2026-07-11T13:00:00Z,2026-08-04,821.41,267.74,0.00,821.41,0.00,267.74,35.00
STM-CR-00213-202608,ACC-CR-00213,2026-07-11,2026-08-10,2026-08-11T13:00:00Z,2026-09-04,267.74,343.53,0.00,267.74,0.00,343.53,35.00
STM-CR-00213-202609,ACC-CR-00213,2026-08-11,2026-09-10,2026-09-11T13:00:00Z,2026-10-05,343.53,216.86,0.00,343.53,0.00,216.86,35.00
STM-CR-00213-202610,ACC-CR-00213,2026-09-11,2026-10-10,2026-10-11T13:00:00Z,2026-11-04,216.86,176.17,0.00,216.86,0.00,176.17,35.00
STM-CR-00214-202509,ACC-CR-00214,2025-08-31,2025-09-28,2025-09-29T13:00:00Z,2025-10-23,0.00,0.00,0.00,0.00,0.00,0.00,0.00
STM-CR-00214-202510,ACC-CR-00214,2025-09-29,2025-10-28,2025-10-29T13:00:00Z,2025-11-22,0.00,79.02,0.00,0.00,0.00,79.02,35.00
STM-CR-00214-202511,ACC-CR-00214,2025-10-29,2025-11-28,2025-11-29T14:00:00Z,2025-12-23,79.02,205.62,0.00,31.61,0.00,253.03,35.00
STM-CR-00214-202512,ACC-CR-00214,2025-11-29,2025-12-28,2025-12-29T14:00:00Z,2026-01-22,253.03,226.29,0.00,101.21,0.00,378.11,35.00
STM-CR-00214-202601,ACC-CR-00214,2025-12-29,2026-01-28,2026-01-29T14:00:00Z,2026-02-22,378.11,378.26,0.00,151.24,0.00,605.13,35.00
STM-CR-00214-202602,ACC-CR-00214,2026-01-29,2026-02-28,2026-03-01T14:00:00Z,2026-03-25,605.13,398.54,0.00,242.05,0.00,761.62,35.00
STM-CR-00214-202603,ACC-CR-00214,2026-03-01,2026-03-28,2026-03-29T13:00:00Z,2026-04-22,761.62,295.73,71.64,304.65,0.00,681.06,35.00
STM-CR-00214-202604,ACC-CR-00214,2026-03-29,2026-04-28,2026-04-29T13:00:00Z,2026-05-23,681.06,376.21,0.00,272.42,0.00,784.85,35.00
STM-CR-00214-202605,ACC-CR-00214,2026-04-29,2026-05-28,2026-05-29T13:00:00Z,2026-06-22,784.85,167.76,0.00,313.94,0.00,638.67,35.00
STM-CR-00214-202606,ACC-CR-00214,2026-05-29,2026-06-28,2026-06-29T13:00:00Z,2026-07-23,638.67,425.97,0.00,255.47,0.00,809.17,35.00
STM-CR-00214-202607,ACC-CR-00214,2026-06-29,2026-07-28,2026-07-29T13:00:00Z,2026-08-22,809.17,354.25,0.00,323.67,0.00,839.75,35.00
STM-CR-00214-202608,ACC-CR-00214,2026-07-29,2026-08-28,2026-08-29T13:00:00Z,2026-09-22,839.75,187.45,0.00,335.90,0.00,691.30,35.00
STM-CR-00214-202609,ACC-CR-00214,2026-08-29,2026-09-28,2026-09-29T13:00:00Z,2026-10-23,691.30,566.99,0.00,276.52,0.00,981.77,35.00
STM-CR-00215-202509,ACC-CR-00215,2025-08-31,2025-09-26,2025-09-27T13:00:00Z,2025-10-21,0.00,0.00,0.00,0.00,0.00,0.00,0.00
STM-CR-00215-202510,ACC-CR-00215,2025-09-27,2025-10-26,2025-10-27T13:00:00Z,2025-11-20,0.00,65.00,0.00,0.00,0.00,65.00,35.00
STM-CR-00215-202511,ACC-CR-00215,2025-10-27,2025-11-26,2025-11-27T14:00:00Z,2025-12-21,65.00,299.71,0.00,65.00,0.00,299.71,35.00
STM-CR-00215-202512,ACC-CR-00215,2025-11-27,2025-12-26,2025-12-27T14:00:00Z,2026-01-20,299.71,271.87,0.00,299.71,0.00,271.87,35.00
STM-CR-00215-202601,ACC-CR-00215,2025-12-27,2026-01-26,2026-01-27T14:00:00Z,2026-02-20,271.87,235.20,0.00,271.87,0.00,235.20,35.00
STM-CR-00215-202602,ACC-CR-00215,2026-01-27,2026-02-26,2026-02-27T14:00:00Z,2026-03-23,235.20,265.73,0.00,235.20,0.00,265.73,35.00
STM-CR-00215-202603,ACC-CR-00215,2026-02-27,2026-03-26,2026-03-27T13:00:00Z,2026-04-20,265.73,152.39,0.00,265.73,0.00,152.39,35.00
STM-CR-00215-202604,ACC-CR-00215,2026-03-27,2026-04-26,2026-04-27T13:00:00Z,2026-05-21,152.39,189.17,0.00,152.39,0.00,189.17,35.00
STM-CR-00215-202605,ACC-CR-00215,2026-04-27,2026-05-26,2026-05-27T13:00:00Z,2026-06-20,189.17,138.38,0.00,189.17,0.00,138.38,35.00
STM-CR-00215-202606,ACC-CR-00215,2026-05-27,2026-06-26,2026-06-27T13:00:00Z,2026-07-21,138.38,276.17,0.00,138.38,0.00,276.17,35.00
STM-CR-00215-202607,ACC-CR-00215,2026-06-27,2026-07-26,2026-07-27T13:00:00Z,2026-08-20,276.17,161.43,0.00,276.17,0.00,161.43,35.00
STM-CR-00215-202608,ACC-CR-00215,2026-07-27,2026-08-26,2026-08-27T13:00:00Z,2026-09-20,161.43,302.69,0.00,161.43,0.00,302.69,35.00
STM-CR-00215-202609,ACC-CR-00215,2026-08-27,2026-09-26,2026-09-27T13:00:00Z,2026-10-21,302.69,114.40,0.00,302.69,0.00,114.40,35.00
STM-CR-00216-202509,ACC-CR-00216,2025-08-31,2025-09-11,2025-09-12T13:00:00Z,2025-10-06,0.00,0.00,0.00,0.00,0.00,0.00,0.00
STM-CR-00216-202510,ACC-CR-00216,2025-09-12,2025-10-11,2025-10-12T13:00:00Z,2025-11-05,0.00,57.20,0.00,0.00,0.00,57.20,35.00
STM-CR-00216-202511,ACC-CR-00216,2025-10-12,2025-11-11,2025-11-12T14:00:00Z,2025-12-06,57.20,32.80,0.00,57.20,0.00,32.80,35.00
STM-CR-00216-202512,ACC-CR-00216,2025-11-12,2025-12-11,2025-12-12T14:00:00Z,2026-01-05,32.80,144.68,0.00,32.80,0.00,144.68,35.00
STM-CR-00216-202601,ACC-CR-00216,2025-12-12,2026-01-11,2026-01-12T14:00:00Z,2026-02-05,144.68,253.87,0.00,144.68,0.00,253.87,35.00
STM-CR-00216-202602,ACC-CR-00216,2026-01-12,2026-02-11,2026-02-12T14:00:00Z,2026-03-08,253.87,137.85,0.00,253.87,0.00,137.85,35.00
STM-CR-00216-202603,ACC-CR-00216,2026-02-12,2026-03-11,2026-03-12T13:00:00Z,2026-04-05,137.85,178.62,0.00,137.85,0.00,178.62,35.00
STM-CR-00216-202604,ACC-CR-00216,2026-03-12,2026-04-11,2026-04-12T13:00:00Z,2026-05-06,178.62,150.48,0.00,178.62,0.00,150.48,35.00
STM-CR-00216-202605,ACC-CR-00216,2026-04-12,2026-05-11,2026-05-12T13:00:00Z,2026-06-05,150.48,233.75,0.00,150.48,0.00,233.75,35.00
STM-CR-00216-202606,ACC-CR-00216,2026-05-12,2026-06-11,2026-06-12T13:00:00Z,2026-07-06,233.75,473.06,0.00,233.75,0.00,473.06,35.00
STM-CR-00216-202607,ACC-CR-00216,2026-06-12,2026-07-11,2026-07-12T13:00:00Z,2026-08-05,473.06,267.68,0.00,473.06,0.00,267.68,35.00
STM-CR-00216-202608,ACC-CR-00216,2026-07-12,2026-08-11,2026-08-12T13:00:00Z,2026-09-05,267.68,67.43,0.00,267.68,0.00,67.43,35.00
STM-CR-00216-202609,ACC-CR-00216,2026-08-12,2026-09-11,2026-09-12T13:00:00Z,2026-10-06,67.43,1110.17,0.00,67.43,0.00,1110.17,35.00
STM-CR-00216-202610,ACC-CR-00216,2026-09-12,2026-10-11,2026-10-12T13:00:00Z,2026-11-05,1110.17,72.15,0.00,1110.17,0.00,72.15,35.00
STM-CR-00217-202509,ACC-CR-00217,2025-08-31,2025-09-07,2025-09-08T13:00:00Z,2025-10-02,0.00,0.00,0.00,0.00,0.00,0.00,0.00
STM-CR-00217-202510,ACC-CR-00217,2025-09-08,2025-10-07,2025-10-08T13:00:00Z,2025-11-01,0.00,191.14,0.00,0.00,0.00,191.14,35.00
STM-CR-00217-202511,ACC-CR-00217,2025-10-08,2025-11-07,2025-11-08T14:00:00Z,2025-12-02,191.14,196.73,0.00,76.46,0.00,311.41,35.00
STM-CR-00217-202512,ACC-CR-00217,2025-11-08,2025-12-07,2025-12-08T14:00:00Z,2026-01-01,311.41,276.03,0.00,124.56,0.00,462.88,35.00
STM-CR-00217-202601,ACC-CR-00217,2025-12-08,2026-01-07,2026-01-08T14:00:00Z,2026-02-01,462.88,283.32,0.00,185.15,0.00,561.05,35.00
STM-CR-00217-202602,ACC-CR-00217,2026-01-08,2026-02-07,2026-02-08T14:00:00Z,2026-03-04,561.05,210.87,0.00,224.42,0.00,547.50,35.00
STM-CR-00217-202603,ACC-CR-00217,2026-02-08,2026-03-07,2026-03-08T13:00:00Z,2026-04-01,547.50,169.32,0.00,219.00,0.00,497.82,35.00
STM-CR-00217-202604,ACC-CR-00217,2026-03-08,2026-04-07,2026-04-08T13:00:00Z,2026-05-02,497.82,188.30,0.00,199.13,0.00,486.99,35.00
STM-CR-00217-202605,ACC-CR-00217,2026-04-08,2026-05-07,2026-05-08T13:00:00Z,2026-06-01,486.99,279.44,0.00,194.80,0.00,571.63,35.00
STM-CR-00217-202606,ACC-CR-00217,2026-05-08,2026-06-07,2026-06-08T13:00:00Z,2026-07-02,571.63,823.12,0.00,228.65,0.00,1166.10,35.00
STM-CR-00217-202607,ACC-CR-00217,2026-06-08,2026-07-07,2026-07-08T13:00:00Z,2026-08-01,1166.10,210.84,0.00,466.44,0.00,910.50,35.00
STM-CR-00217-202608,ACC-CR-00217,2026-07-08,2026-08-07,2026-08-08T13:00:00Z,2026-09-01,910.50,832.29,0.00,364.20,0.00,1378.59,35.00
STM-CR-00217-202609,ACC-CR-00217,2026-08-08,2026-09-07,2026-09-08T13:00:00Z,2026-10-02,1378.59,241.75,0.00,551.44,0.00,1068.90,35.00
STM-CR-00217-202610,ACC-CR-00217,2026-09-08,2026-10-07,2026-10-08T13:00:00Z,2026-11-01,1068.90,313.20,0.00,427.56,0.00,954.54,35.00
STM-CR-00218-202509,ACC-CR-00218,2025-08-31,2025-09-13,2025-09-14T13:00:00Z,2025-10-08,0.00,0.00,0.00,0.00,0.00,0.00,0.00
STM-CR-00218-202510,ACC-CR-00218,2025-09-14,2025-10-13,2025-10-14T13:00:00Z,2025-11-07,0.00,53.73,0.00,0.00,0.00,53.73,35.00
STM-CR-00218-202511,ACC-CR-00218,2025-10-14,2025-11-13,2025-11-14T14:00:00Z,2025-12-08,53.73,324.68,0.00,21.49,0.00,356.92,35.00
STM-CR-00218-202512,ACC-CR-00218,2025-11-14,2025-12-13,2025-12-14T14:00:00Z,2026-01-07,356.92,323.53,0.00,142.77,0.00,537.68,35.00
STM-CR-00218-202601,ACC-CR-00218,2025-12-14,2026-01-13,2026-01-14T14:00:00Z,2026-02-07,537.68,347.95,0.00,215.07,0.00,670.56,35.00
STM-CR-00218-202602,ACC-CR-00218,2026-01-14,2026-02-13,2026-02-14T14:00:00Z,2026-03-10,670.56,441.71,0.00,268.22,0.00,844.05,35.00
STM-CR-00218-202603,ACC-CR-00218,2026-02-14,2026-03-13,2026-03-14T13:00:00Z,2026-04-07,844.05,1124.19,0.00,337.62,0.00,1630.62,35.00
STM-CR-00218-202604,ACC-CR-00218,2026-03-14,2026-04-13,2026-04-14T13:00:00Z,2026-05-08,1630.62,272.55,0.00,652.25,0.00,1250.92,35.00
STM-CR-00218-202605,ACC-CR-00218,2026-04-14,2026-05-13,2026-05-14T13:00:00Z,2026-06-07,1250.92,569.52,0.00,500.37,0.00,1320.07,35.00
STM-CR-00218-202606,ACC-CR-00218,2026-05-14,2026-06-13,2026-06-14T13:00:00Z,2026-07-08,1320.07,524.41,0.00,528.03,0.00,1316.45,35.00
STM-CR-00218-202607,ACC-CR-00218,2026-06-14,2026-07-13,2026-07-14T13:00:00Z,2026-08-07,1316.45,553.47,0.00,526.58,0.00,1343.34,35.00
STM-CR-00218-202608,ACC-CR-00218,2026-07-14,2026-08-13,2026-08-14T13:00:00Z,2026-09-07,1343.34,328.58,0.00,537.34,0.00,1134.58,35.00
STM-CR-00218-202609,ACC-CR-00218,2026-08-14,2026-09-13,2026-09-14T13:00:00Z,2026-10-08,1134.58,401.51,0.00,453.83,0.00,1082.26,35.00
STM-CR-00218-202610,ACC-CR-00218,2026-09-14,2026-10-13,2026-10-14T13:00:00Z,2026-11-07,1082.26,75.57,0.00,432.90,0.00,724.93,35.00
STM-CR-00219-202509,ACC-CR-00219,2025-08-31,2025-09-27,2025-09-28T13:00:00Z,2025-10-22,0.00,0.00,0.00,0.00,0.00,0.00,0.00
STM-CR-00219-202510,ACC-CR-00219,2025-09-28,2025-10-27,2025-10-28T13:00:00Z,2025-11-21,0.00,35.32,0.00,0.00,0.00,35.32,35.00
STM-CR-00219-202511,ACC-CR-00219,2025-10-28,2025-11-27,2025-11-28T14:00:00Z,2025-12-22,35.32,169.29,0.00,14.13,0.00,190.48,35.00
STM-CR-00219-202512,ACC-CR-00219,2025-11-28,2025-12-27,2025-12-28T14:00:00Z,2026-01-21,190.48,300.18,0.00,76.19,0.00,414.47,35.00
STM-CR-00219-202601,ACC-CR-00219,2025-12-28,2026-01-27,2026-01-28T14:00:00Z,2026-02-21,414.47,289.72,0.00,165.79,0.00,538.40,35.00
STM-CR-00219-202602,ACC-CR-00219,2026-01-28,2026-02-27,2026-02-28T14:00:00Z,2026-03-24,538.40,978.29,0.00,215.36,0.00,1301.33,35.00
STM-CR-00219-202603,ACC-CR-00219,2026-02-28,2026-03-27,2026-03-28T13:00:00Z,2026-04-21,1301.33,205.73,0.00,520.53,0.00,986.53,35.00
STM-CR-00219-202604,ACC-CR-00219,2026-03-28,2026-04-27,2026-04-28T13:00:00Z,2026-05-22,986.53,355.98,0.00,394.61,0.00,947.90,35.00
STM-CR-00219-202605,ACC-CR-00219,2026-04-28,2026-05-27,2026-05-28T13:00:00Z,2026-06-21,947.90,405.69,0.00,379.16,0.00,974.43,35.00
STM-CR-00219-202606,ACC-CR-00219,2026-05-28,2026-06-27,2026-06-28T13:00:00Z,2026-07-22,974.43,293.86,0.00,389.77,0.00,878.52,35.00
STM-CR-00219-202607,ACC-CR-00219,2026-06-28,2026-07-27,2026-07-28T13:00:00Z,2026-08-21,878.52,186.25,0.00,351.41,0.00,713.36,35.00
STM-CR-00219-202608,ACC-CR-00219,2026-07-28,2026-08-27,2026-08-28T13:00:00Z,2026-09-21,713.36,173.38,0.00,285.34,0.00,601.40,35.00
STM-CR-00219-202609,ACC-CR-00219,2026-08-28,2026-09-27,2026-09-28T13:00:00Z,2026-10-22,601.40,106.81,0.00,240.56,0.00,467.65,35.00
STM-CR-00220-202509,ACC-CR-00220,2025-08-31,2025-09-11,2025-09-12T13:00:00Z,2025-10-06,0.00,0.00,0.00,0.00,0.00,0.00,0.00
STM-CR-00220-202510,ACC-CR-00220,2025-09-12,2025-10-11,2025-10-12T13:00:00Z,2025-11-05,0.00,300.82,0.00,0.00,0.00,300.82,35.00
STM-CR-00220-202511,ACC-CR-00220,2025-10-12,2025-11-11,2025-11-12T14:00:00Z,2025-12-06,300.82,405.61,0.00,300.82,0.00,405.61,35.00
STM-CR-00220-202512,ACC-CR-00220,2025-11-12,2025-12-11,2025-12-12T14:00:00Z,2026-01-05,405.61,239.07,0.00,405.61,0.00,239.07,35.00
STM-CR-00220-202601,ACC-CR-00220,2025-12-12,2026-01-11,2026-01-12T14:00:00Z,2026-02-05,239.07,278.40,0.00,239.07,0.00,278.40,35.00
STM-CR-00220-202602,ACC-CR-00220,2026-01-12,2026-02-11,2026-02-12T14:00:00Z,2026-03-08,278.40,333.54,0.00,278.40,0.00,333.54,35.00
STM-CR-00220-202603,ACC-CR-00220,2026-02-12,2026-03-11,2026-03-12T13:00:00Z,2026-04-05,333.54,738.09,0.00,333.54,0.00,738.09,35.00
STM-CR-00220-202604,ACC-CR-00220,2026-03-12,2026-04-11,2026-04-12T13:00:00Z,2026-05-06,738.09,234.58,0.00,738.09,0.00,234.58,35.00
STM-CR-00220-202605,ACC-CR-00220,2026-04-12,2026-05-11,2026-05-12T13:00:00Z,2026-06-05,234.58,248.59,0.00,234.58,0.00,248.59,35.00
STM-CR-00220-202606,ACC-CR-00220,2026-05-12,2026-06-11,2026-06-12T13:00:00Z,2026-07-06,248.59,337.74,0.00,248.59,0.00,337.74,35.00
STM-CR-00220-202607,ACC-CR-00220,2026-06-12,2026-07-11,2026-07-12T13:00:00Z,2026-08-05,337.74,861.03,0.00,337.74,0.00,861.03,35.00
STM-CR-00220-202608,ACC-CR-00220,2026-07-12,2026-08-11,2026-08-12T13:00:00Z,2026-09-05,861.03,137.97,0.00,861.03,0.00,137.97,35.00
STM-CR-00220-202609,ACC-CR-00220,2026-08-12,2026-09-11,2026-09-12T13:00:00Z,2026-10-06,137.97,1198.89,0.00,137.97,0.00,1198.89,35.00
STM-CR-00220-202610,ACC-CR-00220,2026-09-12,2026-10-11,2026-10-12T13:00:00Z,2026-11-05,1198.89,485.13,0.00,1198.89,0.00,485.13,35.00
STM-CR-00221-202509,ACC-CR-00221,2025-08-31,2025-09-18,2025-09-19T13:00:00Z,2025-10-13,0.00,0.00,0.00,0.00,0.00,0.00,0.00
STM-CR-00221-202510,ACC-CR-00221,2025-09-19,2025-10-18,2025-10-19T13:00:00Z,2025-11-12,0.00,274.53,0.00,0.00,0.00,274.53,35.00
STM-CR-00221-202511,ACC-CR-00221,2025-10-19,2025-11-18,2025-11-19T14:00:00Z,2025-12-13,274.53,266.83,0.00,274.53,0.00,266.83,35.00
STM-CR-00221-202512,ACC-CR-00221,2025-11-19,2025-12-18,2025-12-19T14:00:00Z,2026-01-12,266.83,598.81,0.00,266.83,0.00,598.81,35.00
STM-CR-00221-202601,ACC-CR-00221,2025-12-19,2026-01-18,2026-01-19T14:00:00Z,2026-02-12,598.81,250.87,0.00,598.81,0.00,250.87,35.00
STM-CR-00221-202602,ACC-CR-00221,2026-01-19,2026-02-18,2026-02-19T14:00:00Z,2026-03-15,250.87,275.69,0.00,250.87,0.00,275.69,35.00
STM-CR-00221-202603,ACC-CR-00221,2026-02-19,2026-03-18,2026-03-19T13:00:00Z,2026-04-12,275.69,354.58,0.00,275.69,0.00,354.58,35.00
STM-CR-00221-202604,ACC-CR-00221,2026-03-19,2026-04-18,2026-04-19T13:00:00Z,2026-05-13,354.58,413.77,0.00,354.58,0.00,413.77,35.00
STM-CR-00221-202605,ACC-CR-00221,2026-04-19,2026-05-18,2026-05-19T13:00:00Z,2026-06-12,413.77,366.12,0.00,413.77,0.00,366.12,35.00
STM-CR-00221-202606,ACC-CR-00221,2026-05-19,2026-06-18,2026-06-19T13:00:00Z,2026-07-13,366.12,475.99,0.00,366.12,0.00,475.99,35.00
STM-CR-00221-202607,ACC-CR-00221,2026-06-19,2026-07-18,2026-07-19T13:00:00Z,2026-08-12,475.99,319.70,0.00,475.99,0.00,319.70,35.00
STM-CR-00221-202608,ACC-CR-00221,2026-07-19,2026-08-18,2026-08-19T13:00:00Z,2026-09-12,319.70,260.90,0.00,319.70,0.00,260.90,35.00
STM-CR-00221-202609,ACC-CR-00221,2026-08-19,2026-09-18,2026-09-19T13:00:00Z,2026-10-13,260.90,128.32,0.00,260.90,0.00,128.32,35.00
STM-CR-00221-202610,ACC-CR-00221,2026-09-19,2026-10-18,2026-10-19T13:00:00Z,2026-11-12,128.32,360.64,0.00,128.32,0.00,360.64,35.00
STM-CR-00222-202607,ACC-CR-00222,2026-06-08,2026-07-04,2026-07-05T13:00:00Z,2026-07-29,0.00,338.02,0.00,0.00,0.00,338.02,35.00
STM-CR-00222-202608,ACC-CR-00222,2026-07-05,2026-08-04,2026-08-05T13:00:00Z,2026-08-29,338.02,191.15,0.00,338.02,0.00,191.15,35.00
STM-CR-00222-202609,ACC-CR-00222,2026-08-05,2026-09-04,2026-09-05T13:00:00Z,2026-09-29,191.15,196.86,0.00,191.15,0.00,196.86,35.00
STM-CR-00222-202610,ACC-CR-00222,2026-09-05,2026-10-04,2026-10-05T13:00:00Z,2026-10-29,196.86,164.26,0.00,196.86,0.00,164.26,35.00
STM-CR-00223-202606,ACC-CR-00223,2026-06-16,2026-06-22,2026-06-23T13:00:00Z,2026-07-17,0.00,0.00,0.00,0.00,0.00,0.00,0.00
STM-CR-00223-202607,ACC-CR-00223,2026-06-23,2026-07-22,2026-07-23T13:00:00Z,2026-08-16,0.00,260.52,0.00,0.00,0.00,260.52,35.00
STM-CR-00223-202608,ACC-CR-00223,2026-07-23,2026-08-22,2026-08-23T13:00:00Z,2026-09-16,260.52,280.88,0.00,260.52,0.00,280.88,35.00
STM-CR-00223-202609,ACC-CR-00223,2026-08-23,2026-09-22,2026-09-23T13:00:00Z,2026-10-17,280.88,220.20,0.00,280.88,0.00,220.20,35.00
STM-CR-00224-202509,ACC-CR-00224,2025-08-31,2025-09-24,2025-09-25T13:00:00Z,2025-10-19,0.00,0.00,0.00,0.00,0.00,0.00,0.00
STM-CR-00224-202510,ACC-CR-00224,2025-09-25,2025-10-24,2025-10-25T13:00:00Z,2025-11-18,0.00,16.43,0.00,0.00,0.00,16.43,35.00
STM-CR-00224-202511,ACC-CR-00224,2025-10-25,2025-11-24,2025-11-25T14:00:00Z,2025-12-19,16.43,91.92,0.00,6.57,0.00,101.78,35.00
STM-CR-00224-202512,ACC-CR-00224,2025-11-25,2025-12-24,2025-12-25T14:00:00Z,2026-01-18,101.78,506.27,0.00,40.71,0.00,567.34,35.00
STM-CR-00224-202601,ACC-CR-00224,2025-12-25,2026-01-24,2026-01-25T14:00:00Z,2026-02-18,567.34,150.34,0.00,226.94,0.00,490.74,35.00
STM-CR-00224-202602,ACC-CR-00224,2026-01-25,2026-02-24,2026-02-25T14:00:00Z,2026-03-21,490.74,232.91,0.00,196.30,0.00,527.35,35.00
STM-CR-00224-202603,ACC-CR-00224,2026-02-25,2026-03-24,2026-03-25T13:00:00Z,2026-04-18,527.35,336.70,0.00,210.94,0.00,653.11,35.00
STM-CR-00224-202604,ACC-CR-00224,2026-03-25,2026-04-24,2026-04-25T13:00:00Z,2026-05-19,653.11,249.10,0.00,261.24,0.00,640.97,35.00
STM-CR-00224-202605,ACC-CR-00224,2026-04-25,2026-05-24,2026-05-25T13:00:00Z,2026-06-18,640.97,73.56,0.00,256.39,0.00,458.14,35.00
STM-CR-00224-202606,ACC-CR-00224,2026-05-25,2026-06-24,2026-06-25T13:00:00Z,2026-07-19,458.14,255.87,0.00,183.26,0.00,530.75,35.00
STM-CR-00224-202607,ACC-CR-00224,2026-06-25,2026-07-24,2026-07-25T13:00:00Z,2026-08-18,530.75,248.74,0.00,212.30,0.00,567.19,35.00
STM-CR-00224-202608,ACC-CR-00224,2026-07-25,2026-08-24,2026-08-25T13:00:00Z,2026-09-18,567.19,175.45,0.00,226.88,0.00,515.76,35.00
STM-CR-00224-202609,ACC-CR-00224,2026-08-25,2026-09-24,2026-09-25T13:00:00Z,2026-10-19,515.76,169.96,0.00,206.30,0.00,479.42,35.00
STM-CR-00225-202509,ACC-CR-00225,2025-08-31,2025-09-04,2025-09-05T13:00:00Z,2025-09-29,0.00,0.00,0.00,0.00,0.00,0.00,0.00
STM-CR-00225-202510,ACC-CR-00225,2025-09-05,2025-10-04,2025-10-05T13:00:00Z,2025-10-29,0.00,0.00,0.00,0.00,0.00,0.00,0.00
STM-CR-00225-202511,ACC-CR-00225,2025-10-05,2025-11-04,2025-11-05T14:00:00Z,2025-11-29,0.00,360.80,0.00,0.00,0.00,360.80,35.00
STM-CR-00225-202512,ACC-CR-00225,2025-11-05,2025-12-04,2025-12-05T14:00:00Z,2025-12-29,360.80,220.81,0.00,144.32,0.00,437.29,35.00
STM-CR-00225-202601,ACC-CR-00225,2025-12-05,2026-01-04,2026-01-05T14:00:00Z,2026-01-29,437.29,117.61,0.00,174.92,0.00,379.98,35.00
STM-CR-00225-202602,ACC-CR-00225,2026-01-05,2026-02-04,2026-02-05T14:00:00Z,2026-03-01,379.98,130.54,0.00,151.99,0.00,358.53,35.00
STM-CR-00225-202603,ACC-CR-00225,2026-02-05,2026-03-04,2026-03-05T14:00:00Z,2026-03-29,358.53,273.38,0.00,143.41,0.00,488.50,35.00
STM-CR-00225-202604,ACC-CR-00225,2026-03-05,2026-04-04,2026-04-05T13:00:00Z,2026-04-29,488.50,552.50,0.00,195.40,0.00,845.60,35.00
STM-CR-00225-202605,ACC-CR-00225,2026-04-05,2026-05-04,2026-05-05T13:00:00Z,2026-05-29,845.60,144.07,0.00,338.24,0.00,651.43,35.00
STM-CR-00225-202606,ACC-CR-00225,2026-05-05,2026-06-04,2026-06-05T13:00:00Z,2026-06-29,651.43,149.52,0.00,260.57,0.00,540.38,35.00
STM-CR-00225-202607,ACC-CR-00225,2026-06-05,2026-07-04,2026-07-05T13:00:00Z,2026-07-29,540.38,271.57,0.00,216.15,0.00,595.80,35.00
STM-CR-00225-202608,ACC-CR-00225,2026-07-05,2026-08-04,2026-08-05T13:00:00Z,2026-08-29,595.80,369.93,0.00,238.32,0.00,727.41,35.00
STM-CR-00225-202609,ACC-CR-00225,2026-08-05,2026-09-04,2026-09-05T13:00:00Z,2026-09-29,727.41,98.82,0.00,290.96,0.00,535.27,35.00
STM-CR-00225-202610,ACC-CR-00225,2026-09-05,2026-10-04,2026-10-05T13:00:00Z,2026-10-29,535.27,130.19,0.00,214.11,0.00,451.35,35.00
STM-CR-00226-202509,ACC-CR-00226,2025-08-31,2025-09-16,2025-09-17T13:00:00Z,2025-10-11,0.00,0.00,0.00,0.00,0.00,0.00,0.00
STM-CR-00226-202510,ACC-CR-00226,2025-09-17,2025-10-16,2025-10-17T13:00:00Z,2025-11-10,0.00,305.88,0.00,0.00,0.00,305.88,35.00
STM-CR-00226-202511,ACC-CR-00226,2025-10-17,2025-11-16,2025-11-17T14:00:00Z,2025-12-11,305.88,427.51,0.00,35.00,0.00,698.39,35.00
STM-CR-00226-202512,ACC-CR-00226,2025-11-17,2025-12-16,2025-12-17T14:00:00Z,2026-01-10,698.39,340.36,0.00,35.00,0.00,1003.75,35.00
STM-CR-00226-202601,ACC-CR-00226,2025-12-17,2026-01-16,2026-01-17T14:00:00Z,2026-02-10,1003.75,245.86,0.00,35.00,0.00,1214.61,35.00
STM-CR-00226-202602,ACC-CR-00226,2026-01-17,2026-02-16,2026-02-17T14:00:00Z,2026-03-13,1214.61,112.99,0.00,35.00,0.00,1292.60,35.00
STM-CR-00226-202603,ACC-CR-00226,2026-02-17,2026-03-16,2026-03-17T13:00:00Z,2026-04-10,1292.60,576.68,0.00,35.00,0.00,1834.28,36.69
STM-CR-00226-202604,ACC-CR-00226,2026-03-17,2026-04-16,2026-04-17T13:00:00Z,2026-05-11,1834.28,115.15,0.00,36.69,0.00,1912.74,38.25
STM-CR-00226-202605,ACC-CR-00226,2026-04-17,2026-05-16,2026-05-17T13:00:00Z,2026-06-10,1912.74,424.97,0.00,38.25,0.00,2299.46,45.99
STM-CR-00226-202606,ACC-CR-00226,2026-05-17,2026-06-16,2026-06-17T13:00:00Z,2026-07-11,2299.46,521.02,0.00,45.99,0.00,2774.49,55.49
STM-CR-00226-202607,ACC-CR-00226,2026-06-17,2026-07-16,2026-07-17T13:00:00Z,2026-08-10,2774.49,550.60,0.00,55.49,0.00,3269.60,65.39
STM-CR-00226-202608,ACC-CR-00226,2026-07-17,2026-08-16,2026-08-17T13:00:00Z,2026-09-10,3269.60,180.05,0.00,65.39,0.00,3384.26,67.69
STM-CR-00226-202609,ACC-CR-00226,2026-08-17,2026-09-16,2026-09-17T13:00:00Z,2026-10-11,3384.26,289.06,38.66,67.69,0.00,3566.97,71.34
STM-CR-00226-202610,ACC-CR-00226,2026-09-17,2026-10-16,2026-10-17T13:00:00Z,2026-11-10,3566.97,111.37,0.00,71.34,0.00,3607.00,72.14
STM-CR-00227-202509,ACC-CR-00227,2025-08-31,2025-09-09,2025-09-10T13:00:00Z,2025-10-04,0.00,0.00,0.00,0.00,0.00,0.00,0.00
STM-CR-00227-202510,ACC-CR-00227,2025-09-10,2025-10-09,2025-10-10T13:00:00Z,2025-11-03,0.00,82.04,0.00,0.00,0.00,82.04,35.00
STM-CR-00227-202511,ACC-CR-00227,2025-10-10,2025-11-09,2025-11-10T14:00:00Z,2025-12-04,82.04,197.54,0.00,82.04,0.00,197.54,35.00
STM-CR-00227-202512,ACC-CR-00227,2025-11-10,2025-12-09,2025-12-10T14:00:00Z,2026-01-03,197.54,469.70,0.00,197.54,0.00,469.70,35.00
STM-CR-00227-202601,ACC-CR-00227,2025-12-10,2026-01-09,2026-01-10T14:00:00Z,2026-02-03,469.70,270.82,0.00,469.70,0.00,270.82,35.00
STM-CR-00227-202602,ACC-CR-00227,2026-01-10,2026-02-09,2026-02-10T14:00:00Z,2026-03-06,270.82,227.50,0.00,270.82,0.00,227.50,35.00
STM-CR-00227-202603,ACC-CR-00227,2026-02-10,2026-03-09,2026-03-10T13:00:00Z,2026-04-03,227.50,490.78,0.00,227.50,0.00,490.78,35.00
STM-CR-00227-202604,ACC-CR-00227,2026-03-10,2026-04-09,2026-04-10T13:00:00Z,2026-05-04,490.78,118.11,0.00,490.78,0.00,118.11,35.00
STM-CR-00227-202605,ACC-CR-00227,2026-04-10,2026-05-09,2026-05-10T13:00:00Z,2026-06-03,118.11,138.72,0.00,118.11,0.00,138.72,35.00
STM-CR-00227-202606,ACC-CR-00227,2026-05-10,2026-06-09,2026-06-10T13:00:00Z,2026-07-04,138.72,394.25,0.00,138.72,0.00,394.25,35.00
STM-CR-00227-202607,ACC-CR-00227,2026-06-10,2026-07-09,2026-07-10T13:00:00Z,2026-08-03,394.25,543.09,0.00,394.25,0.00,543.09,35.00
STM-CR-00227-202608,ACC-CR-00227,2026-07-10,2026-08-09,2026-08-10T13:00:00Z,2026-09-03,543.09,62.30,0.00,543.09,0.00,62.30,35.00
STM-CR-00227-202609,ACC-CR-00227,2026-08-10,2026-09-09,2026-09-10T13:00:00Z,2026-10-04,62.30,191.68,0.00,62.30,0.00,191.68,35.00
STM-CR-00227-202610,ACC-CR-00227,2026-09-10,2026-10-09,2026-10-10T13:00:00Z,2026-11-03,191.68,241.70,0.00,191.68,0.00,241.70,35.00
STM-CR-00228-202509,ACC-CR-00228,2025-08-31,2025-09-21,2025-09-22T13:00:00Z,2025-10-16,0.00,0.00,0.00,0.00,0.00,0.00,0.00
STM-CR-00228-202510,ACC-CR-00228,2025-09-22,2025-10-21,2025-10-22T13:00:00Z,2025-11-15,0.00,549.50,0.00,0.00,0.00,549.50,35.00
STM-CR-00228-202511,ACC-CR-00228,2025-10-22,2025-11-21,2025-11-22T14:00:00Z,2025-12-16,549.50,558.62,0.00,549.50,0.00,558.62,35.00
STM-CR-00228-202512,ACC-CR-00228,2025-11-22,2025-12-21,2025-12-22T14:00:00Z,2026-01-15,558.62,309.12,0.00,558.62,0.00,309.12,35.00
STM-CR-00228-202601,ACC-CR-00228,2025-12-22,2026-01-21,2026-01-22T14:00:00Z,2026-02-15,309.12,431.66,0.00,309.12,0.00,431.66,35.00
STM-CR-00228-202602,ACC-CR-00228,2026-01-22,2026-02-21,2026-02-22T14:00:00Z,2026-03-18,431.66,333.00,0.00,431.66,0.00,333.00,35.00
STM-CR-00228-202603,ACC-CR-00228,2026-02-22,2026-03-21,2026-03-22T13:00:00Z,2026-04-15,333.00,189.23,0.00,333.00,0.00,189.23,35.00
STM-CR-00228-202604,ACC-CR-00228,2026-03-22,2026-04-21,2026-04-22T13:00:00Z,2026-05-16,189.23,449.65,0.00,189.23,0.00,449.65,35.00
STM-CR-00228-202605,ACC-CR-00228,2026-04-22,2026-05-21,2026-05-22T13:00:00Z,2026-06-15,449.65,237.89,0.00,449.65,0.00,237.89,35.00
STM-CR-00228-202606,ACC-CR-00228,2026-05-22,2026-06-21,2026-06-22T13:00:00Z,2026-07-16,237.89,654.27,0.00,237.89,0.00,654.27,35.00
STM-CR-00228-202607,ACC-CR-00228,2026-06-22,2026-07-21,2026-07-22T13:00:00Z,2026-08-15,654.27,450.52,0.00,654.27,0.00,450.52,35.00
STM-CR-00228-202608,ACC-CR-00228,2026-07-22,2026-08-21,2026-08-22T13:00:00Z,2026-09-15,450.52,219.44,0.00,450.52,0.00,219.44,35.00
STM-CR-00228-202609,ACC-CR-00228,2026-08-22,2026-09-21,2026-09-22T13:00:00Z,2026-10-16,219.44,508.45,0.00,219.44,0.00,508.45,35.00
STM-CR-00229-202509,ACC-CR-00229,2025-08-31,2025-09-08,2025-09-09T13:00:00Z,2025-10-03,0.00,0.00,0.00,0.00,0.00,0.00,0.00
STM-CR-00229-202510,ACC-CR-00229,2025-09-09,2025-10-08,2025-10-09T13:00:00Z,2025-11-02,0.00,9.99,0.00,0.00,0.00,9.99,35.00
STM-CR-00229-202511,ACC-CR-00229,2025-10-09,2025-11-08,2025-11-09T14:00:00Z,2025-12-03,9.99,373.58,0.00,9.99,0.00,373.58,35.00
STM-CR-00229-202512,ACC-CR-00229,2025-11-09,2025-12-08,2025-12-09T14:00:00Z,2026-01-02,373.58,237.44,76.46,373.58,0.00,160.98,35.00
STM-CR-00229-202601,ACC-CR-00229,2025-12-09,2026-01-08,2026-01-09T14:00:00Z,2026-02-02,160.98,295.37,0.00,160.98,0.00,295.37,35.00
STM-CR-00229-202602,ACC-CR-00229,2026-01-09,2026-02-08,2026-02-09T14:00:00Z,2026-03-05,295.37,203.00,0.00,295.37,0.00,203.00,35.00
STM-CR-00229-202603,ACC-CR-00229,2026-02-09,2026-03-08,2026-03-09T13:00:00Z,2026-04-02,203.00,737.85,0.00,203.00,0.00,737.85,35.00
STM-CR-00229-202604,ACC-CR-00229,2026-03-09,2026-04-08,2026-04-09T13:00:00Z,2026-05-03,737.85,340.19,0.00,737.85,0.00,340.19,35.00
STM-CR-00229-202605,ACC-CR-00229,2026-04-09,2026-05-08,2026-05-09T13:00:00Z,2026-06-02,340.19,1128.47,0.00,340.19,0.00,1128.47,35.00
STM-CR-00229-202606,ACC-CR-00229,2026-05-09,2026-06-08,2026-06-09T13:00:00Z,2026-07-03,1128.47,196.15,0.00,1128.47,0.00,196.15,35.00
STM-CR-00229-202607,ACC-CR-00229,2026-06-09,2026-07-08,2026-07-09T13:00:00Z,2026-08-02,196.15,313.30,0.00,196.15,0.00,313.30,35.00
STM-CR-00229-202608,ACC-CR-00229,2026-07-09,2026-08-08,2026-08-09T13:00:00Z,2026-09-02,313.30,209.09,0.00,313.30,0.00,209.09,35.00
STM-CR-00229-202609,ACC-CR-00229,2026-08-09,2026-09-08,2026-09-09T13:00:00Z,2026-10-03,209.09,518.84,0.00,209.09,0.00,518.84,35.00
STM-CR-00229-202610,ACC-CR-00229,2026-09-09,2026-10-08,2026-10-09T13:00:00Z,2026-11-02,518.84,699.60,0.00,518.84,0.00,699.60,35.00
STM-CR-00230-202509,ACC-CR-00230,2025-08-31,2025-09-01,2025-09-02T13:00:00Z,2025-09-26,0.00,0.00,0.00,0.00,0.00,0.00,0.00
STM-CR-00230-202510,ACC-CR-00230,2025-09-02,2025-10-01,2025-10-02T13:00:00Z,2025-10-26,0.00,0.00,0.00,0.00,0.00,0.00,0.00
STM-CR-00230-202511,ACC-CR-00230,2025-10-02,2025-11-01,2025-11-02T14:00:00Z,2025-11-26,0.00,283.48,0.00,0.00,0.00,283.48,35.00
STM-CR-00230-202512,ACC-CR-00230,2025-11-02,2025-12-01,2025-12-02T14:00:00Z,2025-12-26,283.48,251.01,0.00,283.48,0.00,251.01,35.00
STM-CR-00230-202601,ACC-CR-00230,2025-12-02,2026-01-01,2026-01-02T14:00:00Z,2026-01-26,251.01,228.88,0.00,251.01,0.00,228.88,35.00
STM-CR-00230-202602,ACC-CR-00230,2026-01-02,2026-02-01,2026-02-02T14:00:00Z,2026-02-26,228.88,378.24,0.00,228.88,0.00,378.24,35.00
STM-CR-00230-202603,ACC-CR-00230,2026-02-02,2026-03-01,2026-03-02T14:00:00Z,2026-03-26,378.24,448.80,0.00,378.24,0.00,448.80,35.00
STM-CR-00230-202604,ACC-CR-00230,2026-03-02,2026-04-01,2026-04-02T13:00:00Z,2026-04-26,448.80,265.66,0.00,448.80,0.00,265.66,35.00
STM-CR-00230-202605,ACC-CR-00230,2026-04-02,2026-05-01,2026-05-02T13:00:00Z,2026-05-26,265.66,17.35,0.00,265.66,0.00,17.35,35.00
STM-CR-00230-202606,ACC-CR-00230,2026-05-02,2026-06-01,2026-06-02T13:00:00Z,2026-06-26,17.35,168.46,0.00,17.35,0.00,168.46,35.00
STM-CR-00230-202607,ACC-CR-00230,2026-06-02,2026-07-01,2026-07-02T13:00:00Z,2026-07-26,168.46,181.20,0.00,168.46,0.00,181.20,35.00
STM-CR-00230-202608,ACC-CR-00230,2026-07-02,2026-08-01,2026-08-02T13:00:00Z,2026-08-26,181.20,196.75,0.00,181.20,0.00,196.75,35.00
STM-CR-00230-202609,ACC-CR-00230,2026-08-02,2026-09-01,2026-09-02T13:00:00Z,2026-09-26,196.75,205.10,0.00,196.75,0.00,205.10,35.00
STM-CR-00230-202610,ACC-CR-00230,2026-09-02,2026-10-01,2026-10-02T13:00:00Z,2026-10-26,205.10,298.27,0.00,205.10,0.00,298.27,35.00
STM-CR-00231-202509,ACC-CR-00231,2025-08-31,2025-09-20,2025-09-21T13:00:00Z,2025-10-15,0.00,0.00,0.00,0.00,0.00,0.00,0.00
STM-CR-00231-202510,ACC-CR-00231,2025-09-21,2025-10-20,2025-10-21T13:00:00Z,2025-11-14,0.00,57.68,0.00,0.00,0.00,57.68,35.00
STM-CR-00231-202511,ACC-CR-00231,2025-10-21,2025-11-20,2025-11-21T14:00:00Z,2025-12-15,57.68,448.65,0.00,35.00,0.00,471.33,35.00
STM-CR-00231-202512,ACC-CR-00231,2025-11-21,2025-12-20,2025-12-21T14:00:00Z,2026-01-14,471.33,162.92,0.00,35.00,0.00,599.25,35.00
STM-CR-00231-202601,ACC-CR-00231,2025-12-21,2026-01-20,2026-01-21T14:00:00Z,2026-02-14,599.25,290.16,0.00,35.00,0.00,854.41,35.00
STM-CR-00231-202602,ACC-CR-00231,2026-01-21,2026-02-20,2026-02-21T14:00:00Z,2026-03-17,854.41,234.62,0.00,35.00,0.00,1054.03,35.00
STM-CR-00231-202603,ACC-CR-00231,2026-02-21,2026-03-20,2026-03-21T13:00:00Z,2026-04-14,1054.03,422.05,0.00,35.00,0.00,1441.08,35.00
STM-CR-00231-202604,ACC-CR-00231,2026-03-21,2026-04-20,2026-04-21T13:00:00Z,2026-05-15,1441.08,367.42,0.00,35.00,0.00,1773.50,35.47
STM-CR-00231-202605,ACC-CR-00231,2026-04-21,2026-05-20,2026-05-21T13:00:00Z,2026-06-14,1773.50,521.65,0.00,35.47,0.00,2259.68,45.19
STM-CR-00231-202606,ACC-CR-00231,2026-05-21,2026-06-20,2026-06-21T13:00:00Z,2026-07-15,2259.68,356.78,0.00,45.19,0.00,2571.27,51.43
STM-CR-00231-202607,ACC-CR-00231,2026-06-21,2026-07-20,2026-07-21T13:00:00Z,2026-08-14,2571.27,270.94,0.00,51.43,0.00,2790.78,55.82
STM-CR-00231-202608,ACC-CR-00231,2026-07-21,2026-08-20,2026-08-21T13:00:00Z,2026-09-14,2790.78,514.93,0.00,55.82,0.00,3249.89,65.00
STM-CR-00231-202609,ACC-CR-00231,2026-08-21,2026-09-20,2026-09-21T13:00:00Z,2026-10-15,3249.89,751.59,0.00,65.00,0.00,3936.48,78.73
STM-CR-00231-202610,ACC-CR-00231,2026-09-21,2026-10-20,2026-10-21T13:00:00Z,2026-11-14,3936.48,19.91,0.00,78.73,0.00,3877.66,77.55
STM-CR-00232-202509,ACC-CR-00232,2025-08-31,2025-09-18,2025-09-19T13:00:00Z,2025-10-13,0.00,0.00,0.00,0.00,0.00,0.00,0.00
STM-CR-00232-202510,ACC-CR-00232,2025-09-19,2025-10-18,2025-10-19T13:00:00Z,2025-11-12,0.00,121.38,0.00,0.00,0.00,121.38,35.00
STM-CR-00232-202511,ACC-CR-00232,2025-10-19,2025-11-18,2025-11-19T14:00:00Z,2025-12-13,121.38,605.94,0.00,121.38,0.00,605.94,35.00
STM-CR-00232-202512,ACC-CR-00232,2025-11-19,2025-12-18,2025-12-19T14:00:00Z,2026-01-12,605.94,83.84,0.00,605.94,0.00,83.84,35.00
STM-CR-00232-202601,ACC-CR-00232,2025-12-19,2026-01-18,2026-01-19T14:00:00Z,2026-02-12,83.84,233.05,0.00,83.84,0.00,233.05,35.00
STM-CR-00232-202602,ACC-CR-00232,2026-01-19,2026-02-18,2026-02-19T14:00:00Z,2026-03-15,233.05,432.99,0.00,233.05,0.00,432.99,35.00
STM-CR-00232-202603,ACC-CR-00232,2026-02-19,2026-03-18,2026-03-19T13:00:00Z,2026-04-12,432.99,312.78,0.00,432.99,0.00,312.78,35.00
STM-CR-00232-202604,ACC-CR-00232,2026-03-19,2026-04-18,2026-04-19T13:00:00Z,2026-05-13,312.78,87.28,0.00,312.78,0.00,87.28,35.00
STM-CR-00232-202605,ACC-CR-00232,2026-04-19,2026-05-18,2026-05-19T13:00:00Z,2026-06-12,87.28,516.77,0.00,87.28,0.00,516.77,35.00
STM-CR-00232-202606,ACC-CR-00232,2026-05-19,2026-06-18,2026-06-19T13:00:00Z,2026-07-13,516.77,304.52,0.00,516.77,0.00,304.52,35.00
STM-CR-00232-202607,ACC-CR-00232,2026-06-19,2026-07-18,2026-07-19T13:00:00Z,2026-08-12,304.52,183.30,0.00,304.52,0.00,183.30,35.00
STM-CR-00232-202608,ACC-CR-00232,2026-07-19,2026-08-18,2026-08-19T13:00:00Z,2026-09-12,183.30,246.81,0.00,183.30,0.00,246.81,35.00
STM-CR-00232-202609,ACC-CR-00232,2026-08-19,2026-09-18,2026-09-19T13:00:00Z,2026-10-13,246.81,234.28,0.00,246.81,0.00,234.28,35.00
STM-CR-00232-202610,ACC-CR-00232,2026-09-19,2026-10-18,2026-10-19T13:00:00Z,2026-11-12,234.28,866.84,0.00,234.28,0.00,866.84,35.00
STM-CR-00233-202509,ACC-CR-00233,2025-08-31,2025-09-14,2025-09-15T13:00:00Z,2025-10-09,0.00,0.00,0.00,0.00,0.00,0.00,0.00
STM-CR-00233-202510,ACC-CR-00233,2025-09-15,2025-10-14,2025-10-15T13:00:00Z,2025-11-08,0.00,52.33,0.00,0.00,0.00,52.33,35.00
STM-CR-00233-202511,ACC-CR-00233,2025-10-15,2025-11-14,2025-11-15T14:00:00Z,2025-12-09,52.33,719.84,0.00,52.33,0.00,719.84,35.00
STM-CR-00233-202512,ACC-CR-00233,2025-11-15,2025-12-14,2025-12-15T14:00:00Z,2026-01-08,719.84,436.65,0.00,719.84,0.00,436.65,35.00
STM-CR-00233-202601,ACC-CR-00233,2025-12-15,2026-01-14,2026-01-15T14:00:00Z,2026-02-08,436.65,268.14,0.00,436.65,0.00,268.14,35.00
STM-CR-00233-202602,ACC-CR-00233,2026-01-15,2026-02-14,2026-02-15T14:00:00Z,2026-03-11,268.14,103.59,0.00,268.14,0.00,103.59,35.00
STM-CR-00233-202603,ACC-CR-00233,2026-02-15,2026-03-14,2026-03-15T13:00:00Z,2026-04-08,103.59,69.19,0.00,103.59,0.00,69.19,35.00
STM-CR-00233-202604,ACC-CR-00233,2026-03-15,2026-04-14,2026-04-15T13:00:00Z,2026-05-09,69.19,237.42,120.51,69.19,0.00,116.91,35.00
STM-CR-00233-202605,ACC-CR-00233,2026-04-15,2026-05-14,2026-05-15T13:00:00Z,2026-06-08,116.91,227.98,0.00,116.91,0.00,227.98,35.00
STM-CR-00233-202606,ACC-CR-00233,2026-05-15,2026-06-14,2026-06-15T13:00:00Z,2026-07-09,227.98,200.39,0.00,227.98,0.00,200.39,35.00
STM-CR-00233-202607,ACC-CR-00233,2026-06-15,2026-07-14,2026-07-15T13:00:00Z,2026-08-08,200.39,125.01,0.00,200.39,0.00,125.01,35.00
STM-CR-00233-202608,ACC-CR-00233,2026-07-15,2026-08-14,2026-08-15T13:00:00Z,2026-09-08,125.01,372.75,0.00,125.01,0.00,372.75,35.00
STM-CR-00233-202609,ACC-CR-00233,2026-08-15,2026-09-14,2026-09-15T13:00:00Z,2026-10-09,372.75,301.27,0.00,372.75,0.00,301.27,35.00
STM-CR-00233-202610,ACC-CR-00233,2026-09-15,2026-10-14,2026-10-15T13:00:00Z,2026-11-08,301.27,150.44,0.00,301.27,0.00,150.44,35.00
STM-CR-00234-202509,ACC-CR-00234,2025-08-31,2025-09-06,2025-09-07T13:00:00Z,2025-10-01,0.00,0.00,0.00,0.00,0.00,0.00,0.00
STM-CR-00234-202510,ACC-CR-00234,2025-09-07,2025-10-06,2025-10-07T13:00:00Z,2025-10-31,0.00,0.00,0.00,0.00,0.00,0.00,0.00
STM-CR-00234-202511,ACC-CR-00234,2025-10-07,2025-11-06,2025-11-07T14:00:00Z,2025-12-01,0.00,363.20,0.00,0.00,0.00,363.20,35.00
STM-CR-00234-202512,ACC-CR-00234,2025-11-07,2025-12-06,2025-12-07T14:00:00Z,2025-12-31,363.20,191.88,0.00,363.20,0.00,191.88,35.00
STM-CR-00234-202601,ACC-CR-00234,2025-12-07,2026-01-06,2026-01-07T14:00:00Z,2026-01-31,191.88,158.45,0.00,191.88,0.00,158.45,35.00
STM-CR-00234-202602,ACC-CR-00234,2026-01-07,2026-02-06,2026-02-07T14:00:00Z,2026-03-03,158.45,152.38,0.00,158.45,0.00,152.38,35.00
STM-CR-00234-202603,ACC-CR-00234,2026-02-07,2026-03-06,2026-03-07T14:00:00Z,2026-03-31,152.38,473.61,0.00,152.38,0.00,473.61,35.00
STM-CR-00234-202604,ACC-CR-00234,2026-03-07,2026-04-06,2026-04-07T13:00:00Z,2026-05-01,473.61,294.18,0.00,473.61,0.00,294.18,35.00
STM-CR-00234-202605,ACC-CR-00234,2026-04-07,2026-05-06,2026-05-07T13:00:00Z,2026-05-31,294.18,277.87,0.00,294.18,0.00,277.87,35.00
STM-CR-00234-202606,ACC-CR-00234,2026-05-07,2026-06-06,2026-06-07T13:00:00Z,2026-07-01,277.87,73.54,0.00,277.87,0.00,73.54,35.00
STM-CR-00234-202607,ACC-CR-00234,2026-06-07,2026-07-06,2026-07-07T13:00:00Z,2026-07-31,73.54,1133.59,0.00,73.54,0.00,1133.59,35.00
STM-CR-00234-202608,ACC-CR-00234,2026-07-07,2026-08-06,2026-08-07T13:00:00Z,2026-08-31,1133.59,177.85,0.00,1133.59,0.00,177.85,35.00
STM-CR-00234-202609,ACC-CR-00234,2026-08-07,2026-09-06,2026-09-07T13:00:00Z,2026-10-01,177.85,226.80,0.00,177.85,0.00,226.80,35.00
STM-CR-00234-202610,ACC-CR-00234,2026-09-07,2026-10-06,2026-10-07T13:00:00Z,2026-10-31,226.80,245.52,0.00,226.80,0.00,245.52,35.00
STM-CR-00235-202606,ACC-CR-00235,2026-06-09,2026-06-25,2026-06-26T13:00:00Z,2026-07-20,0.00,210.09,0.00,0.00,0.00,210.09,35.00
STM-CR-00235-202607,ACC-CR-00235,2026-06-26,2026-07-25,2026-07-26T13:00:00Z,2026-08-19,210.09,73.38,0.00,210.09,0.00,73.38,35.00
STM-CR-00235-202608,ACC-CR-00235,2026-07-26,2026-08-25,2026-08-26T13:00:00Z,2026-09-19,73.38,139.94,0.00,73.38,0.00,139.94,35.00
STM-CR-00235-202609,ACC-CR-00235,2026-08-26,2026-09-25,2026-09-26T13:00:00Z,2026-10-20,139.94,47.59,0.00,139.94,0.00,47.59,35.00
STM-CR-00236-202509,ACC-CR-00236,2025-08-31,2025-09-26,2025-09-27T13:00:00Z,2025-10-21,0.00,0.00,0.00,0.00,0.00,0.00,0.00
STM-CR-00236-202510,ACC-CR-00236,2025-09-27,2025-10-26,2025-10-27T13:00:00Z,2025-11-20,0.00,366.68,0.00,0.00,0.00,366.68,35.00
STM-CR-00236-202511,ACC-CR-00236,2025-10-27,2025-11-26,2025-11-27T14:00:00Z,2025-12-21,366.68,259.84,0.00,366.68,0.00,259.84,35.00
STM-CR-00236-202512,ACC-CR-00236,2025-11-27,2025-12-26,2025-12-27T14:00:00Z,2026-01-20,259.84,183.94,0.00,259.84,0.00,183.94,35.00
STM-CR-00236-202601,ACC-CR-00236,2025-12-27,2026-01-26,2026-01-27T14:00:00Z,2026-02-20,183.94,488.82,0.00,183.94,0.00,488.82,35.00
STM-CR-00236-202602,ACC-CR-00236,2026-01-27,2026-02-26,2026-02-27T14:00:00Z,2026-03-23,488.82,212.74,0.00,488.82,0.00,212.74,35.00
STM-CR-00236-202603,ACC-CR-00236,2026-02-27,2026-03-26,2026-03-27T13:00:00Z,2026-04-20,212.74,331.05,0.00,212.74,0.00,331.05,35.00
STM-CR-00236-202604,ACC-CR-00236,2026-03-27,2026-04-26,2026-04-27T13:00:00Z,2026-05-21,331.05,201.95,0.00,331.05,0.00,201.95,35.00
STM-CR-00236-202605,ACC-CR-00236,2026-04-27,2026-05-26,2026-05-27T13:00:00Z,2026-06-20,201.95,730.15,0.00,201.95,0.00,730.15,35.00
STM-CR-00236-202606,ACC-CR-00236,2026-05-27,2026-06-26,2026-06-27T13:00:00Z,2026-07-21,730.15,303.58,0.00,730.15,0.00,303.58,35.00
STM-CR-00236-202607,ACC-CR-00236,2026-06-27,2026-07-26,2026-07-27T13:00:00Z,2026-08-20,303.58,292.98,0.00,303.58,0.00,292.98,35.00
STM-CR-00236-202608,ACC-CR-00236,2026-07-27,2026-08-26,2026-08-27T13:00:00Z,2026-09-20,292.98,231.14,0.00,292.98,0.00,231.14,35.00
STM-CR-00236-202609,ACC-CR-00236,2026-08-27,2026-09-26,2026-09-27T13:00:00Z,2026-10-21,231.14,418.71,0.00,231.14,0.00,418.71,35.00
STM-CR-00237-202509,ACC-CR-00237,2025-08-31,2025-09-12,2025-09-13T13:00:00Z,2025-10-07,0.00,0.00,0.00,0.00,0.00,0.00,0.00
STM-CR-00237-202510,ACC-CR-00237,2025-09-13,2025-10-12,2025-10-13T13:00:00Z,2025-11-06,0.00,169.19,0.00,0.00,0.00,169.19,35.00
STM-CR-00237-202511,ACC-CR-00237,2025-10-13,2025-11-12,2025-11-13T14:00:00Z,2025-12-07,169.19,236.55,0.00,169.19,0.00,236.55,35.00
STM-CR-00237-202512,ACC-CR-00237,2025-11-13,2025-12-12,2025-12-13T14:00:00Z,2026-01-06,236.55,407.70,0.00,236.55,0.00,407.70,35.00
STM-CR-00237-202601,ACC-CR-00237,2025-12-13,2026-01-12,2026-01-13T14:00:00Z,2026-02-06,407.70,320.98,0.00,407.70,0.00,320.98,35.00
STM-CR-00237-202602,ACC-CR-00237,2026-01-13,2026-02-12,2026-02-13T14:00:00Z,2026-03-09,320.98,395.54,0.00,320.98,0.00,395.54,35.00
STM-CR-00237-202603,ACC-CR-00237,2026-02-13,2026-03-12,2026-03-13T13:00:00Z,2026-04-06,395.54,227.26,0.00,395.54,0.00,227.26,35.00
STM-CR-00237-202604,ACC-CR-00237,2026-03-13,2026-04-12,2026-04-13T13:00:00Z,2026-05-07,227.26,184.43,0.00,227.26,0.00,184.43,35.00
STM-CR-00237-202605,ACC-CR-00237,2026-04-13,2026-05-12,2026-05-13T13:00:00Z,2026-06-06,184.43,710.79,0.00,184.43,0.00,710.79,35.00
STM-CR-00237-202606,ACC-CR-00237,2026-05-13,2026-06-12,2026-06-13T13:00:00Z,2026-07-07,710.79,308.01,0.00,710.79,0.00,308.01,35.00
STM-CR-00237-202607,ACC-CR-00237,2026-06-13,2026-07-12,2026-07-13T13:00:00Z,2026-08-06,308.01,201.91,0.00,308.01,0.00,201.91,35.00
STM-CR-00237-202608,ACC-CR-00237,2026-07-13,2026-08-12,2026-08-13T13:00:00Z,2026-09-06,201.91,290.70,0.00,201.91,0.00,290.70,35.00
STM-CR-00237-202609,ACC-CR-00237,2026-08-13,2026-09-12,2026-09-13T13:00:00Z,2026-10-07,290.70,258.65,0.00,290.70,0.00,258.65,35.00
STM-CR-00237-202610,ACC-CR-00237,2026-09-13,2026-10-12,2026-10-13T13:00:00Z,2026-11-06,258.65,264.95,0.00,258.65,0.00,264.95,35.00
STM-CR-00238-202509,ACC-CR-00238,2025-08-31,2025-09-18,2025-09-19T13:00:00Z,2025-10-13,0.00,0.00,0.00,0.00,0.00,0.00,0.00
STM-CR-00238-202510,ACC-CR-00238,2025-09-19,2025-10-18,2025-10-19T13:00:00Z,2025-11-12,0.00,51.99,0.00,0.00,0.00,51.99,35.00
STM-CR-00238-202511,ACC-CR-00238,2025-10-19,2025-11-18,2025-11-19T14:00:00Z,2025-12-13,51.99,366.77,0.00,51.99,0.00,366.77,35.00
STM-CR-00238-202512,ACC-CR-00238,2025-11-19,2025-12-18,2025-12-19T14:00:00Z,2026-01-12,366.77,256.13,0.00,366.77,0.00,256.13,35.00
STM-CR-00238-202601,ACC-CR-00238,2025-12-19,2026-01-18,2026-01-19T14:00:00Z,2026-02-12,256.13,503.72,0.00,256.13,0.00,503.72,35.00
STM-CR-00238-202602,ACC-CR-00238,2026-01-19,2026-02-18,2026-02-19T14:00:00Z,2026-03-15,503.72,1024.14,0.00,503.72,0.00,1024.14,35.00
STM-CR-00238-202603,ACC-CR-00238,2026-02-19,2026-03-18,2026-03-19T13:00:00Z,2026-04-12,1024.14,133.34,0.00,1024.14,0.00,133.34,35.00
STM-CR-00238-202604,ACC-CR-00238,2026-03-19,2026-04-18,2026-04-19T13:00:00Z,2026-05-13,133.34,381.33,0.00,133.34,0.00,381.33,35.00
STM-CR-00238-202605,ACC-CR-00238,2026-04-19,2026-05-18,2026-05-19T13:00:00Z,2026-06-12,381.33,419.93,0.00,381.33,0.00,419.93,35.00
STM-CR-00238-202606,ACC-CR-00238,2026-05-19,2026-06-18,2026-06-19T13:00:00Z,2026-07-13,419.93,147.28,0.00,419.93,0.00,147.28,35.00
STM-CR-00238-202607,ACC-CR-00238,2026-06-19,2026-07-18,2026-07-19T13:00:00Z,2026-08-12,147.28,396.33,0.00,147.28,0.00,396.33,35.00
STM-CR-00238-202608,ACC-CR-00238,2026-07-19,2026-08-18,2026-08-19T13:00:00Z,2026-09-12,396.33,305.70,0.00,396.33,0.00,305.70,35.00
STM-CR-00238-202609,ACC-CR-00238,2026-08-19,2026-09-18,2026-09-19T13:00:00Z,2026-10-13,305.70,90.99,0.00,305.70,0.00,90.99,35.00
STM-CR-00238-202610,ACC-CR-00238,2026-09-19,2026-10-18,2026-10-19T13:00:00Z,2026-11-12,90.99,430.43,0.00,90.99,0.00,430.43,35.00
STM-CR-00239-202606,ACC-CR-00239,2026-06-23,2026-06-26,2026-06-27T13:00:00Z,2026-07-21,0.00,79.06,0.00,0.00,0.00,79.06,35.00
STM-CR-00239-202607,ACC-CR-00239,2026-06-27,2026-07-26,2026-07-27T13:00:00Z,2026-08-20,79.06,243.28,0.00,35.00,0.00,287.34,35.00
STM-CR-00239-202608,ACC-CR-00239,2026-07-27,2026-08-26,2026-08-27T13:00:00Z,2026-09-20,287.34,348.33,0.00,35.00,0.00,600.67,35.00
STM-CR-00239-202609,ACC-CR-00239,2026-08-27,2026-09-26,2026-09-27T13:00:00Z,2026-10-21,600.67,106.02,0.00,35.00,0.00,671.69,35.00
STM-CR-00240-202509,ACC-CR-00240,2025-08-31,2025-09-24,2025-09-25T13:00:00Z,2025-10-19,0.00,0.00,0.00,0.00,0.00,0.00,0.00
STM-CR-00240-202510,ACC-CR-00240,2025-09-25,2025-10-24,2025-10-25T13:00:00Z,2025-11-18,0.00,438.93,0.00,0.00,0.00,438.93,35.00
STM-CR-00240-202511,ACC-CR-00240,2025-10-25,2025-11-24,2025-11-25T14:00:00Z,2025-12-19,438.93,278.69,0.00,438.93,0.00,278.69,35.00
STM-CR-00240-202512,ACC-CR-00240,2025-11-25,2025-12-24,2025-12-25T14:00:00Z,2026-01-18,278.69,250.39,0.00,278.69,0.00,250.39,35.00
STM-CR-00240-202601,ACC-CR-00240,2025-12-25,2026-01-24,2026-01-25T14:00:00Z,2026-02-18,250.39,224.53,0.00,250.39,0.00,224.53,35.00
STM-CR-00240-202602,ACC-CR-00240,2026-01-25,2026-02-24,2026-02-25T14:00:00Z,2026-03-21,224.53,155.73,0.00,224.53,0.00,155.73,35.00
STM-CR-00240-202603,ACC-CR-00240,2026-02-25,2026-03-24,2026-03-25T13:00:00Z,2026-04-18,155.73,268.84,0.00,155.73,0.00,268.84,35.00
STM-CR-00240-202604,ACC-CR-00240,2026-03-25,2026-04-24,2026-04-25T13:00:00Z,2026-05-19,268.84,825.52,0.00,268.84,0.00,825.52,35.00
STM-CR-00240-202605,ACC-CR-00240,2026-04-25,2026-05-24,2026-05-25T13:00:00Z,2026-06-18,825.52,260.76,0.00,825.52,0.00,260.76,35.00
STM-CR-00240-202606,ACC-CR-00240,2026-05-25,2026-06-24,2026-06-25T13:00:00Z,2026-07-19,260.76,496.17,0.00,260.76,0.00,496.17,35.00
STM-CR-00240-202607,ACC-CR-00240,2026-06-25,2026-07-24,2026-07-25T13:00:00Z,2026-08-18,496.17,422.77,0.00,496.17,0.00,422.77,35.00
STM-CR-00240-202608,ACC-CR-00240,2026-07-25,2026-08-24,2026-08-25T13:00:00Z,2026-09-18,422.77,309.37,0.00,422.77,0.00,309.37,35.00
STM-CR-00240-202609,ACC-CR-00240,2026-08-25,2026-09-24,2026-09-25T13:00:00Z,2026-10-19,309.37,381.48,0.00,309.37,0.00,381.48,35.00
STM-CR-00241-202509,ACC-CR-00241,2025-08-31,2025-09-28,2025-09-29T13:00:00Z,2025-10-23,0.00,0.00,0.00,0.00,0.00,0.00,0.00
STM-CR-00241-202510,ACC-CR-00241,2025-09-29,2025-10-28,2025-10-29T13:00:00Z,2025-11-22,0.00,831.77,0.00,0.00,0.00,831.77,35.00
STM-CR-00241-202511,ACC-CR-00241,2025-10-29,2025-11-28,2025-11-29T14:00:00Z,2025-12-23,831.77,649.41,0.00,35.00,0.00,1446.18,35.00
STM-CR-00241-202512,ACC-CR-00241,2025-11-29,2025-12-28,2025-12-29T14:00:00Z,2026-01-22,1446.18,352.85,0.00,35.00,0.00,1764.03,35.28
STM-CR-00241-202601,ACC-CR-00241,2025-12-29,2026-01-28,2026-01-29T14:00:00Z,2026-02-22,1764.03,175.51,0.00,35.28,0.00,1904.26,38.09
STM-CR-00241-202602,ACC-CR-00241,2026-01-29,2026-02-28,2026-03-01T14:00:00Z,2026-03-25,1904.26,219.52,0.00,38.09,0.00,2085.69,41.71
STM-CR-00241-202603,ACC-CR-00241,2026-03-01,2026-03-28,2026-03-29T13:00:00Z,2026-04-22,2085.69,232.23,0.00,41.71,0.00,2276.21,45.52
STM-CR-00241-202604,ACC-CR-00241,2026-03-29,2026-04-28,2026-04-29T13:00:00Z,2026-05-23,2276.21,419.27,0.00,45.52,0.00,2649.96,53.00
STM-CR-00241-202605,ACC-CR-00241,2026-04-29,2026-05-28,2026-05-29T13:00:00Z,2026-06-22,2649.96,222.16,0.00,53.00,0.00,2819.12,56.38
STM-CR-00241-202606,ACC-CR-00241,2026-05-29,2026-06-28,2026-06-29T13:00:00Z,2026-07-23,2819.12,269.61,0.00,56.38,0.00,3032.35,60.65
STM-CR-00241-202607,ACC-CR-00241,2026-06-29,2026-07-28,2026-07-29T13:00:00Z,2026-08-22,3032.35,341.84,0.00,60.65,0.00,3313.54,66.27
STM-CR-00241-202608,ACC-CR-00241,2026-07-29,2026-08-28,2026-08-29T13:00:00Z,2026-09-22,3313.54,512.37,0.00,66.27,0.00,3759.64,75.19
STM-CR-00241-202609,ACC-CR-00241,2026-08-29,2026-09-28,2026-09-29T13:00:00Z,2026-10-23,3759.64,404.13,0.00,75.19,0.00,4088.58,81.77
STM-CR-00242-202509,ACC-CR-00242,2025-08-31,2025-09-03,2025-09-04T13:00:00Z,2025-09-28,0.00,0.00,0.00,0.00,0.00,0.00,0.00
STM-CR-00242-202510,ACC-CR-00242,2025-09-04,2025-10-03,2025-10-04T13:00:00Z,2025-10-28,0.00,0.00,0.00,0.00,0.00,0.00,0.00
STM-CR-00242-202511,ACC-CR-00242,2025-10-04,2025-11-03,2025-11-04T14:00:00Z,2025-11-28,0.00,278.32,0.00,0.00,0.00,278.32,35.00
STM-CR-00242-202512,ACC-CR-00242,2025-11-04,2025-12-03,2025-12-04T14:00:00Z,2025-12-28,278.32,148.85,0.00,278.32,0.00,148.85,35.00
STM-CR-00242-202601,ACC-CR-00242,2025-12-04,2026-01-03,2026-01-04T14:00:00Z,2026-01-28,148.85,174.34,0.00,148.85,0.00,174.34,35.00
STM-CR-00242-202602,ACC-CR-00242,2026-01-04,2026-02-03,2026-02-04T14:00:00Z,2026-02-28,174.34,294.13,0.00,174.34,0.00,294.13,35.00
STM-CR-00242-202603,ACC-CR-00242,2026-02-04,2026-03-03,2026-03-04T14:00:00Z,2026-03-28,294.13,210.49,0.00,294.13,0.00,210.49,35.00
STM-CR-00242-202604,ACC-CR-00242,2026-03-04,2026-04-03,2026-04-04T13:00:00Z,2026-04-28,210.49,257.71,0.00,210.49,0.00,257.71,35.00
STM-CR-00242-202605,ACC-CR-00242,2026-04-04,2026-05-03,2026-05-04T13:00:00Z,2026-05-28,257.71,228.60,0.00,257.71,0.00,228.60,35.00
STM-CR-00242-202606,ACC-CR-00242,2026-05-04,2026-06-03,2026-06-04T13:00:00Z,2026-06-28,228.60,361.91,0.00,228.60,0.00,361.91,35.00
STM-CR-00242-202607,ACC-CR-00242,2026-06-04,2026-07-03,2026-07-04T13:00:00Z,2026-07-28,361.91,681.93,0.00,361.91,0.00,681.93,35.00
STM-CR-00242-202608,ACC-CR-00242,2026-07-04,2026-08-03,2026-08-04T13:00:00Z,2026-08-28,681.93,113.22,0.00,681.93,0.00,113.22,35.00
STM-CR-00242-202609,ACC-CR-00242,2026-08-04,2026-09-03,2026-09-04T13:00:00Z,2026-09-28,113.22,391.43,0.00,113.22,0.00,391.43,35.00
STM-CR-00242-202610,ACC-CR-00242,2026-09-04,2026-10-03,2026-10-04T13:00:00Z,2026-10-28,391.43,303.84,0.00,391.43,0.00,303.84,35.00
STM-CR-00243-202509,ACC-CR-00243,2025-08-31,2025-09-25,2025-09-26T13:00:00Z,2025-10-20,0.00,0.00,0.00,0.00,0.00,0.00,0.00
STM-CR-00243-202510,ACC-CR-00243,2025-09-26,2025-10-25,2025-10-26T13:00:00Z,2025-11-19,0.00,291.54,0.00,0.00,0.00,291.54,35.00
STM-CR-00243-202511,ACC-CR-00243,2025-10-26,2025-11-25,2025-11-26T14:00:00Z,2025-12-20,291.54,92.53,0.00,116.62,0.00,267.45,35.00
STM-CR-00243-202512,ACC-CR-00243,2025-11-26,2025-12-25,2025-12-26T14:00:00Z,2026-01-19,267.45,44.99,0.00,106.98,0.00,205.46,35.00
STM-CR-00243-202601,ACC-CR-00243,2025-12-26,2026-01-25,2026-01-26T14:00:00Z,2026-02-19,205.46,459.02,0.00,82.18,0.00,582.30,35.00
STM-CR-00243-202602,ACC-CR-00243,2026-01-26,2026-02-25,2026-02-26T14:00:00Z,2026-03-22,582.30,433.11,0.00,232.92,0.00,782.49,35.00
STM-CR-00243-202603,ACC-CR-00243,2026-02-26,2026-03-25,2026-03-26T13:00:00Z,2026-04-19,782.49,1165.94,0.00,313.00,0.00,1635.43,35.00
STM-CR-00243-202604,ACC-CR-00243,2026-03-26,2026-04-25,2026-04-26T13:00:00Z,2026-05-20,1635.43,99.63,0.00,654.17,0.00,1080.89,35.00
STM-CR-00243-202605,ACC-CR-00243,2026-04-26,2026-05-25,2026-05-26T13:00:00Z,2026-06-19,1080.89,248.06,0.00,432.36,0.00,896.59,35.00
STM-CR-00243-202606,ACC-CR-00243,2026-05-26,2026-06-25,2026-06-26T13:00:00Z,2026-07-20,896.59,44.99,0.00,358.64,0.00,582.94,35.00
STM-CR-00243-202607,ACC-CR-00243,2026-06-26,2026-07-25,2026-07-26T13:00:00Z,2026-08-19,582.94,205.98,0.00,233.18,0.00,555.74,35.00
STM-CR-00243-202608,ACC-CR-00243,2026-07-26,2026-08-25,2026-08-26T13:00:00Z,2026-09-19,555.74,140.87,0.00,222.30,0.00,474.31,35.00
STM-CR-00243-202609,ACC-CR-00243,2026-08-26,2026-09-25,2026-09-26T13:00:00Z,2026-10-20,474.31,548.56,0.00,189.72,0.00,833.15,35.00
STM-CR-00244-202509,ACC-CR-00244,2025-08-31,2025-09-15,2025-09-16T13:00:00Z,2025-10-10,0.00,0.00,0.00,0.00,0.00,0.00,0.00
STM-CR-00244-202510,ACC-CR-00244,2025-09-16,2025-10-15,2025-10-16T13:00:00Z,2025-11-09,0.00,71.30,0.00,0.00,0.00,71.30,35.00
STM-CR-00244-202511,ACC-CR-00244,2025-10-16,2025-11-15,2025-11-16T14:00:00Z,2025-12-10,71.30,372.83,0.00,71.30,0.00,372.83,35.00
STM-CR-00244-202512,ACC-CR-00244,2025-11-16,2025-12-15,2025-12-16T14:00:00Z,2026-01-09,372.83,193.71,0.00,372.83,0.00,193.71,35.00
STM-CR-00244-202601,ACC-CR-00244,2025-12-16,2026-01-15,2026-01-16T14:00:00Z,2026-02-09,193.71,616.42,0.00,193.71,0.00,616.42,35.00
STM-CR-00244-202602,ACC-CR-00244,2026-01-16,2026-02-15,2026-02-16T14:00:00Z,2026-03-12,616.42,251.72,0.00,616.42,0.00,251.72,35.00
STM-CR-00244-202603,ACC-CR-00244,2026-02-16,2026-03-15,2026-03-16T13:00:00Z,2026-04-09,251.72,239.48,0.00,251.72,0.00,239.48,35.00
STM-CR-00244-202604,ACC-CR-00244,2026-03-16,2026-04-15,2026-04-16T13:00:00Z,2026-05-10,239.48,268.65,0.00,239.48,0.00,268.65,35.00
STM-CR-00244-202605,ACC-CR-00244,2026-04-16,2026-05-15,2026-05-16T13:00:00Z,2026-06-09,268.65,94.48,0.00,268.65,0.00,94.48,35.00
STM-CR-00244-202606,ACC-CR-00244,2026-05-16,2026-06-15,2026-06-16T13:00:00Z,2026-07-10,94.48,440.67,0.00,94.48,0.00,440.67,35.00
STM-CR-00244-202607,ACC-CR-00244,2026-06-16,2026-07-15,2026-07-16T13:00:00Z,2026-08-09,440.67,150.31,0.00,440.67,0.00,150.31,35.00
STM-CR-00244-202608,ACC-CR-00244,2026-07-16,2026-08-15,2026-08-16T13:00:00Z,2026-09-09,150.31,172.19,0.00,150.31,0.00,172.19,35.00
STM-CR-00244-202609,ACC-CR-00244,2026-08-16,2026-09-15,2026-09-16T13:00:00Z,2026-10-10,172.19,212.81,0.00,172.19,0.00,212.81,35.00
STM-CR-00244-202610,ACC-CR-00244,2026-09-16,2026-10-15,2026-10-16T13:00:00Z,2026-11-09,212.81,172.85,0.00,212.81,0.00,172.85,35.00
STM-CR-00245-202509,ACC-CR-00245,2025-08-31,2025-09-28,2025-09-29T13:00:00Z,2025-10-23,0.00,0.00,0.00,0.00,0.00,0.00,0.00
STM-CR-00245-202510,ACC-CR-00245,2025-09-29,2025-10-28,2025-10-29T13:00:00Z,2025-11-22,0.00,268.93,0.00,0.00,0.00,268.93,35.00
STM-CR-00245-202511,ACC-CR-00245,2025-10-29,2025-11-28,2025-11-29T14:00:00Z,2025-12-23,268.93,403.52,0.00,268.93,0.00,403.52,35.00
STM-CR-00245-202512,ACC-CR-00245,2025-11-29,2025-12-28,2025-12-29T14:00:00Z,2026-01-22,403.52,366.47,0.00,403.52,0.00,366.47,35.00
STM-CR-00245-202601,ACC-CR-00245,2025-12-29,2026-01-28,2026-01-29T14:00:00Z,2026-02-22,366.47,457.53,0.00,366.47,0.00,457.53,35.00
STM-CR-00245-202602,ACC-CR-00245,2026-01-29,2026-02-28,2026-03-01T14:00:00Z,2026-03-25,457.53,356.09,0.00,457.53,0.00,356.09,35.00
STM-CR-00245-202603,ACC-CR-00245,2026-03-01,2026-03-28,2026-03-29T13:00:00Z,2026-04-22,356.09,547.60,0.00,356.09,0.00,547.60,35.00
STM-CR-00245-202604,ACC-CR-00245,2026-03-29,2026-04-28,2026-04-29T13:00:00Z,2026-05-23,547.60,248.24,0.00,547.60,0.00,248.24,35.00
STM-CR-00245-202605,ACC-CR-00245,2026-04-29,2026-05-28,2026-05-29T13:00:00Z,2026-06-22,248.24,313.68,0.00,248.24,0.00,313.68,35.00
STM-CR-00245-202606,ACC-CR-00245,2026-05-29,2026-06-28,2026-06-29T13:00:00Z,2026-07-23,313.68,385.56,0.00,313.68,0.00,385.56,35.00
STM-CR-00245-202607,ACC-CR-00245,2026-06-29,2026-07-28,2026-07-29T13:00:00Z,2026-08-22,385.56,223.57,0.00,385.56,0.00,223.57,35.00
STM-CR-00245-202608,ACC-CR-00245,2026-07-29,2026-08-28,2026-08-29T13:00:00Z,2026-09-22,223.57,421.99,0.00,223.57,0.00,421.99,35.00
STM-CR-00245-202609,ACC-CR-00245,2026-08-29,2026-09-28,2026-09-29T13:00:00Z,2026-10-23,421.99,508.60,0.00,421.99,0.00,508.60,35.00
STM-CR-00246-202509,ACC-CR-00246,2025-08-31,2025-09-04,2025-09-05T13:00:00Z,2025-09-29,0.00,0.00,0.00,0.00,0.00,0.00,0.00
STM-CR-00246-202510,ACC-CR-00246,2025-09-05,2025-10-04,2025-10-05T13:00:00Z,2025-10-29,0.00,0.00,0.00,0.00,0.00,0.00,0.00
STM-CR-00246-202511,ACC-CR-00246,2025-10-05,2025-11-04,2025-11-05T14:00:00Z,2025-11-29,0.00,233.63,0.00,0.00,0.00,233.63,35.00
STM-CR-00246-202512,ACC-CR-00246,2025-11-05,2025-12-04,2025-12-05T14:00:00Z,2025-12-29,233.63,341.17,0.00,233.63,0.00,341.17,35.00
STM-CR-00246-202601,ACC-CR-00246,2025-12-05,2026-01-04,2026-01-05T14:00:00Z,2026-01-29,341.17,311.26,0.00,341.17,0.00,311.26,35.00
STM-CR-00246-202602,ACC-CR-00246,2026-01-05,2026-02-04,2026-02-05T14:00:00Z,2026-03-01,311.26,484.41,0.00,311.26,0.00,484.41,35.00
STM-CR-00246-202603,ACC-CR-00246,2026-02-05,2026-03-04,2026-03-05T14:00:00Z,2026-03-29,484.41,308.67,0.00,484.41,0.00,308.67,35.00
STM-CR-00246-202604,ACC-CR-00246,2026-03-05,2026-04-04,2026-04-05T13:00:00Z,2026-04-29,308.67,1265.74,0.00,308.67,0.00,1265.74,35.00
STM-CR-00246-202605,ACC-CR-00246,2026-04-05,2026-05-04,2026-05-05T13:00:00Z,2026-05-29,1265.74,268.58,0.00,1265.74,0.00,268.58,35.00
STM-CR-00246-202606,ACC-CR-00246,2026-05-05,2026-06-04,2026-06-05T13:00:00Z,2026-06-29,268.58,217.22,0.00,268.58,0.00,217.22,35.00
STM-CR-00246-202607,ACC-CR-00246,2026-06-05,2026-07-04,2026-07-05T13:00:00Z,2026-07-29,217.22,510.27,0.00,217.22,0.00,510.27,35.00
STM-CR-00246-202608,ACC-CR-00246,2026-07-05,2026-08-04,2026-08-05T13:00:00Z,2026-08-29,510.27,303.87,0.00,510.27,0.00,303.87,35.00
STM-CR-00246-202609,ACC-CR-00246,2026-08-05,2026-09-04,2026-09-05T13:00:00Z,2026-09-29,303.87,474.47,174.74,303.87,0.00,299.73,35.00
STM-CR-00246-202610,ACC-CR-00246,2026-09-05,2026-10-04,2026-10-05T13:00:00Z,2026-10-29,299.73,219.71,0.00,299.73,0.00,219.71,35.00
STM-CR-00247-202509,ACC-CR-00247,2025-08-31,2025-09-05,2025-09-06T13:00:00Z,2025-09-30,0.00,0.00,0.00,0.00,0.00,0.00,0.00
STM-CR-00247-202510,ACC-CR-00247,2025-09-06,2025-10-05,2025-10-06T13:00:00Z,2025-10-30,0.00,0.00,0.00,0.00,0.00,0.00,0.00
STM-CR-00247-202511,ACC-CR-00247,2025-10-06,2025-11-05,2025-11-06T14:00:00Z,2025-11-30,0.00,192.06,0.00,0.00,0.00,192.06,35.00
STM-CR-00247-202512,ACC-CR-00247,2025-11-06,2025-12-05,2025-12-06T14:00:00Z,2025-12-30,192.06,487.96,0.00,76.82,0.00,603.20,35.00
STM-CR-00247-202601,ACC-CR-00247,2025-12-06,2026-01-05,2026-01-06T14:00:00Z,2026-01-30,603.20,429.33,0.00,241.28,0.00,791.25,35.00
STM-CR-00247-202602,ACC-CR-00247,2026-01-06,2026-02-05,2026-02-06T14:00:00Z,2026-03-02,791.25,618.19,87.26,316.50,0.00,1005.68,35.00
STM-CR-00247-202603,ACC-CR-00247,2026-02-06,2026-03-05,2026-03-06T14:00:00Z,2026-03-30,1005.68,534.14,0.00,402.27,0.00,1137.55,35.00
STM-CR-00247-202604,ACC-CR-00247,2026-03-06,2026-04-05,2026-04-06T13:00:00Z,2026-04-30,1137.55,129.24,0.00,455.02,0.00,811.77,35.00
STM-CR-00247-202605,ACC-CR-00247,2026-04-06,2026-05-05,2026-05-06T13:00:00Z,2026-05-30,811.77,215.19,0.00,324.71,0.00,702.25,35.00
STM-CR-00247-202606,ACC-CR-00247,2026-05-06,2026-06-05,2026-06-06T13:00:00Z,2026-06-30,702.25,485.49,0.00,280.90,0.00,906.84,35.00
STM-CR-00247-202607,ACC-CR-00247,2026-06-06,2026-07-05,2026-07-06T13:00:00Z,2026-07-30,906.84,417.99,0.00,362.74,0.00,962.09,35.00
STM-CR-00247-202608,ACC-CR-00247,2026-07-06,2026-08-05,2026-08-06T13:00:00Z,2026-08-30,962.09,143.11,0.00,384.84,0.00,720.36,35.00
STM-CR-00247-202609,ACC-CR-00247,2026-08-06,2026-09-05,2026-09-06T13:00:00Z,2026-09-30,720.36,332.85,0.00,288.14,0.00,765.07,35.00
STM-CR-00247-202610,ACC-CR-00247,2026-09-06,2026-10-05,2026-10-06T13:00:00Z,2026-10-30,765.07,341.22,0.00,306.03,0.00,800.26,35.00
STM-CR-00248-202509,ACC-CR-00248,2025-08-31,2025-09-22,2025-09-23T13:00:00Z,2025-10-17,0.00,0.00,0.00,0.00,0.00,0.00,0.00
STM-CR-00248-202510,ACC-CR-00248,2025-09-23,2025-10-22,2025-10-23T13:00:00Z,2025-11-16,0.00,156.75,0.00,0.00,0.00,156.75,35.00
STM-CR-00248-202511,ACC-CR-00248,2025-10-23,2025-11-22,2025-11-23T14:00:00Z,2025-12-17,156.75,247.05,0.00,156.75,0.00,247.05,35.00
STM-CR-00248-202512,ACC-CR-00248,2025-11-23,2025-12-22,2025-12-23T14:00:00Z,2026-01-16,247.05,501.49,0.00,247.05,0.00,501.49,35.00
STM-CR-00248-202601,ACC-CR-00248,2025-12-23,2026-01-22,2026-01-23T14:00:00Z,2026-02-16,501.49,516.50,0.00,501.49,0.00,516.50,35.00
STM-CR-00248-202602,ACC-CR-00248,2026-01-23,2026-02-22,2026-02-23T14:00:00Z,2026-03-19,516.50,676.84,0.00,516.50,0.00,676.84,35.00
STM-CR-00248-202603,ACC-CR-00248,2026-02-23,2026-03-22,2026-03-23T13:00:00Z,2026-04-16,676.84,530.99,0.00,676.84,0.00,530.99,35.00
STM-CR-00248-202604,ACC-CR-00248,2026-03-23,2026-04-22,2026-04-23T13:00:00Z,2026-05-17,530.99,182.31,0.00,530.99,0.00,182.31,35.00
STM-CR-00248-202605,ACC-CR-00248,2026-04-23,2026-05-22,2026-05-23T13:00:00Z,2026-06-16,182.31,798.83,0.00,182.31,0.00,798.83,35.00
STM-CR-00248-202606,ACC-CR-00248,2026-05-23,2026-06-22,2026-06-23T13:00:00Z,2026-07-17,798.83,94.69,0.00,798.83,0.00,94.69,35.00
STM-CR-00248-202607,ACC-CR-00248,2026-06-23,2026-07-22,2026-07-23T13:00:00Z,2026-08-16,94.69,338.47,0.00,94.69,0.00,338.47,35.00
STM-CR-00248-202608,ACC-CR-00248,2026-07-23,2026-08-22,2026-08-23T13:00:00Z,2026-09-16,338.47,300.90,0.00,338.47,0.00,300.90,35.00
STM-CR-00248-202609,ACC-CR-00248,2026-08-23,2026-09-22,2026-09-23T13:00:00Z,2026-10-17,300.90,610.92,0.00,300.90,0.00,610.92,35.00
STM-CR-00249-202509,ACC-CR-00249,2025-08-31,2025-09-23,2025-09-24T13:00:00Z,2025-10-18,0.00,0.00,0.00,0.00,0.00,0.00,0.00
STM-CR-00249-202510,ACC-CR-00249,2025-09-24,2025-10-23,2025-10-24T13:00:00Z,2025-11-17,0.00,212.72,0.00,0.00,0.00,212.72,35.00
STM-CR-00249-202511,ACC-CR-00249,2025-10-24,2025-11-23,2025-11-24T14:00:00Z,2025-12-18,212.72,132.00,0.00,85.09,0.00,259.63,35.00
STM-CR-00249-202512,ACC-CR-00249,2025-11-24,2025-12-23,2025-12-24T14:00:00Z,2026-01-17,259.63,299.03,0.00,103.85,0.00,454.81,35.00
STM-CR-00249-202601,ACC-CR-00249,2025-12-24,2026-01-23,2026-01-24T14:00:00Z,2026-02-17,454.81,279.12,0.00,181.92,0.00,552.01,35.00
STM-CR-00249-202602,ACC-CR-00249,2026-01-24,2026-02-23,2026-02-24T14:00:00Z,2026-03-20,552.01,176.23,0.00,220.80,0.00,507.44,35.00
STM-CR-00249-202603,ACC-CR-00249,2026-02-24,2026-03-23,2026-03-24T13:00:00Z,2026-04-17,507.44,242.35,0.00,202.98,0.00,546.81,35.00
STM-CR-00249-202604,ACC-CR-00249,2026-03-24,2026-04-23,2026-04-24T13:00:00Z,2026-05-18,546.81,384.04,0.00,218.72,0.00,712.13,35.00
STM-CR-00249-202605,ACC-CR-00249,2026-04-24,2026-05-23,2026-05-24T13:00:00Z,2026-06-17,712.13,240.62,0.00,284.85,0.00,667.90,35.00
STM-CR-00249-202606,ACC-CR-00249,2026-05-24,2026-06-23,2026-06-24T13:00:00Z,2026-07-18,667.90,183.21,0.00,267.16,0.00,583.95,35.00
STM-CR-00249-202607,ACC-CR-00249,2026-06-24,2026-07-23,2026-07-24T13:00:00Z,2026-08-17,583.95,728.35,0.00,233.58,0.00,1078.72,35.00
STM-CR-00249-202608,ACC-CR-00249,2026-07-24,2026-08-23,2026-08-24T13:00:00Z,2026-09-17,1078.72,409.33,0.00,431.49,0.00,1056.56,35.00
STM-CR-00249-202609,ACC-CR-00249,2026-08-24,2026-09-23,2026-09-24T13:00:00Z,2026-10-18,1056.56,196.97,0.00,422.62,0.00,830.91,35.00
STM-CR-00250-202509,ACC-CR-00250,2025-08-31,2025-09-14,2025-09-15T13:00:00Z,2025-10-09,0.00,0.00,0.00,0.00,0.00,0.00,0.00
STM-CR-00250-202510,ACC-CR-00250,2025-09-15,2025-10-14,2025-10-15T13:00:00Z,2025-11-08,0.00,160.21,0.00,0.00,0.00,160.21,35.00
STM-CR-00250-202511,ACC-CR-00250,2025-10-15,2025-11-14,2025-11-15T14:00:00Z,2025-12-09,160.21,394.72,0.00,160.21,0.00,394.72,35.00
STM-CR-00250-202512,ACC-CR-00250,2025-11-15,2025-12-14,2025-12-15T14:00:00Z,2026-01-08,394.72,466.25,112.87,394.72,0.00,353.38,35.00
STM-CR-00250-202601,ACC-CR-00250,2025-12-15,2026-01-14,2026-01-15T14:00:00Z,2026-02-08,353.38,360.32,0.00,353.38,0.00,360.32,35.00
STM-CR-00250-202602,ACC-CR-00250,2026-01-15,2026-02-14,2026-02-15T14:00:00Z,2026-03-11,360.32,365.23,0.00,360.32,0.00,365.23,35.00
STM-CR-00250-202603,ACC-CR-00250,2026-02-15,2026-03-14,2026-03-15T13:00:00Z,2026-04-08,365.23,1100.65,0.00,365.23,0.00,1100.65,35.00
STM-CR-00250-202604,ACC-CR-00250,2026-03-15,2026-04-14,2026-04-15T13:00:00Z,2026-05-09,1100.65,444.21,0.00,1100.65,0.00,444.21,35.00
STM-CR-00250-202605,ACC-CR-00250,2026-04-15,2026-05-14,2026-05-15T13:00:00Z,2026-06-08,444.21,319.14,0.00,444.21,0.00,319.14,35.00
STM-CR-00250-202606,ACC-CR-00250,2026-05-15,2026-06-14,2026-06-15T13:00:00Z,2026-07-09,319.14,511.14,0.00,319.14,0.00,511.14,35.00
STM-CR-00250-202607,ACC-CR-00250,2026-06-15,2026-07-14,2026-07-15T13:00:00Z,2026-08-08,511.14,418.58,0.00,511.14,0.00,418.58,35.00
STM-CR-00250-202608,ACC-CR-00250,2026-07-15,2026-08-14,2026-08-15T13:00:00Z,2026-09-08,418.58,995.81,0.00,418.58,0.00,995.81,35.00
STM-CR-00250-202609,ACC-CR-00250,2026-08-15,2026-09-14,2026-09-15T13:00:00Z,2026-10-09,995.81,681.27,0.00,995.81,0.00,681.27,35.00
STM-CR-00250-202610,ACC-CR-00250,2026-09-15,2026-10-14,2026-10-15T13:00:00Z,2026-11-08,681.27,239.22,0.00,681.27,0.00,239.22,35.00
STM-CR-00251-202509,ACC-CR-00251,2025-08-31,2025-09-14,2025-09-15T13:00:00Z,2025-10-09,0.00,0.00,0.00,0.00,0.00,0.00,0.00
STM-CR-00251-202510,ACC-CR-00251,2025-09-15,2025-10-14,2025-10-15T13:00:00Z,2025-11-08,0.00,223.90,0.00,0.00,0.00,223.90,35.00
STM-CR-00251-202511,ACC-CR-00251,2025-10-15,2025-11-14,2025-11-15T14:00:00Z,2025-12-09,223.90,153.95,0.00,35.00,0.00,342.85,35.00
STM-CR-00251-202512,ACC-CR-00251,2025-11-15,2025-12-14,2025-12-15T14:00:00Z,2026-01-08,342.85,287.62,0.00,35.00,0.00,595.47,35.00
STM-CR-00251-202601,ACC-CR-00251,2025-12-15,2026-01-14,2026-01-15T14:00:00Z,2026-02-08,595.47,253.91,0.00,35.00,0.00,814.38,35.00
STM-CR-00251-202602,ACC-CR-00251,2026-01-15,2026-02-14,2026-02-15T14:00:00Z,2026-03-11,814.38,191.02,0.00,35.00,0.00,970.40,35.00
STM-CR-00251-202603,ACC-CR-00251,2026-02-15,2026-03-14,2026-03-15T13:00:00Z,2026-04-08,970.40,22.99,0.00,35.00,0.00,958.39,35.00
STM-CR-00251-202604,ACC-CR-00251,2026-03-15,2026-04-14,2026-04-15T13:00:00Z,2026-05-09,958.39,320.59,0.00,35.00,0.00,1243.98,35.00
STM-CR-00251-202605,ACC-CR-00251,2026-04-15,2026-05-14,2026-05-15T13:00:00Z,2026-06-08,1243.98,22.99,0.00,35.00,0.00,1231.97,35.00
STM-CR-00251-202606,ACC-CR-00251,2026-05-15,2026-06-14,2026-06-15T13:00:00Z,2026-07-09,1231.97,186.11,0.00,35.00,0.00,1383.08,35.00
STM-CR-00251-202607,ACC-CR-00251,2026-06-15,2026-07-14,2026-07-15T13:00:00Z,2026-08-08,1383.08,230.87,0.00,35.00,0.00,1578.95,35.00
STM-CR-00251-202608,ACC-CR-00251,2026-07-15,2026-08-14,2026-08-15T13:00:00Z,2026-09-08,1578.95,318.14,0.00,35.00,0.00,1862.09,37.24
STM-CR-00251-202609,ACC-CR-00251,2026-08-15,2026-09-14,2026-09-15T13:00:00Z,2026-10-09,1862.09,170.89,0.00,37.24,0.00,1995.74,39.91
STM-CR-00251-202610,ACC-CR-00251,2026-09-15,2026-10-14,2026-10-15T13:00:00Z,2026-11-08,1995.74,489.27,0.00,39.91,0.00,2445.10,48.90
STM-CR-00252-202509,ACC-CR-00252,2025-08-31,2025-09-07,2025-09-08T13:00:00Z,2025-10-02,0.00,0.00,0.00,0.00,0.00,0.00,0.00
STM-CR-00252-202510,ACC-CR-00252,2025-09-08,2025-10-07,2025-10-08T13:00:00Z,2025-11-01,0.00,0.00,0.00,0.00,0.00,0.00,0.00
STM-CR-00252-202511,ACC-CR-00252,2025-10-08,2025-11-07,2025-11-08T14:00:00Z,2025-12-02,0.00,228.02,0.00,0.00,0.00,228.02,35.00
STM-CR-00252-202512,ACC-CR-00252,2025-11-08,2025-12-07,2025-12-08T14:00:00Z,2026-01-01,228.02,122.05,0.00,228.02,0.00,122.05,35.00
STM-CR-00252-202601,ACC-CR-00252,2025-12-08,2026-01-07,2026-01-08T14:00:00Z,2026-02-01,122.05,427.84,0.00,122.05,0.00,427.84,35.00
STM-CR-00252-202602,ACC-CR-00252,2026-01-08,2026-02-07,2026-02-08T14:00:00Z,2026-03-04,427.84,306.18,0.00,427.84,0.00,306.18,35.00
STM-CR-00252-202603,ACC-CR-00252,2026-02-08,2026-03-07,2026-03-08T13:00:00Z,2026-04-01,306.18,626.85,0.00,306.18,0.00,626.85,35.00
STM-CR-00252-202604,ACC-CR-00252,2026-03-08,2026-04-07,2026-04-08T13:00:00Z,2026-05-02,626.85,525.66,0.00,626.85,0.00,525.66,35.00
STM-CR-00252-202605,ACC-CR-00252,2026-04-08,2026-05-07,2026-05-08T13:00:00Z,2026-06-01,525.66,391.80,0.00,525.66,0.00,391.80,35.00
STM-CR-00252-202606,ACC-CR-00252,2026-05-08,2026-06-07,2026-06-08T13:00:00Z,2026-07-02,391.80,195.97,0.00,391.80,0.00,195.97,35.00
STM-CR-00252-202607,ACC-CR-00252,2026-06-08,2026-07-07,2026-07-08T13:00:00Z,2026-08-01,195.97,123.29,0.00,195.97,0.00,123.29,35.00
STM-CR-00252-202608,ACC-CR-00252,2026-07-08,2026-08-07,2026-08-08T13:00:00Z,2026-09-01,123.29,237.60,0.00,123.29,0.00,237.60,35.00
STM-CR-00252-202609,ACC-CR-00252,2026-08-08,2026-09-07,2026-09-08T13:00:00Z,2026-10-02,237.60,764.73,0.00,237.60,0.00,764.73,35.00
STM-CR-00252-202610,ACC-CR-00252,2026-09-08,2026-10-07,2026-10-08T13:00:00Z,2026-11-01,764.73,324.45,0.00,764.73,0.00,324.45,35.00
STM-CR-00253-202509,ACC-CR-00253,2025-08-31,2025-09-04,2025-09-05T13:00:00Z,2025-09-29,0.00,0.00,0.00,0.00,0.00,0.00,0.00
STM-CR-00253-202510,ACC-CR-00253,2025-09-05,2025-10-04,2025-10-05T13:00:00Z,2025-10-29,0.00,0.00,0.00,0.00,0.00,0.00,0.00
STM-CR-00253-202511,ACC-CR-00253,2025-10-05,2025-11-04,2025-11-05T14:00:00Z,2025-11-29,0.00,255.12,0.00,0.00,0.00,255.12,35.00
STM-CR-00253-202512,ACC-CR-00253,2025-11-05,2025-12-04,2025-12-05T14:00:00Z,2025-12-29,255.12,737.11,0.00,255.12,0.00,737.11,35.00
STM-CR-00253-202601,ACC-CR-00253,2025-12-05,2026-01-04,2026-01-05T14:00:00Z,2026-01-29,737.11,116.38,9.66,737.11,0.00,106.72,35.00
STM-CR-00253-202602,ACC-CR-00253,2026-01-05,2026-02-04,2026-02-05T14:00:00Z,2026-03-01,106.72,182.48,0.00,106.72,0.00,182.48,35.00
STM-CR-00253-202603,ACC-CR-00253,2026-02-05,2026-03-04,2026-03-05T14:00:00Z,2026-03-29,182.48,168.47,0.00,182.48,0.00,168.47,35.00
STM-CR-00253-202604,ACC-CR-00253,2026-03-05,2026-04-04,2026-04-05T13:00:00Z,2026-04-29,168.47,103.35,0.00,168.47,0.00,103.35,35.00
STM-CR-00253-202605,ACC-CR-00253,2026-04-05,2026-05-04,2026-05-05T13:00:00Z,2026-05-29,103.35,685.16,0.00,103.35,0.00,685.16,35.00
STM-CR-00253-202606,ACC-CR-00253,2026-05-05,2026-06-04,2026-06-05T13:00:00Z,2026-06-29,685.16,88.91,0.00,685.16,0.00,88.91,35.00
STM-CR-00253-202607,ACC-CR-00253,2026-06-05,2026-07-04,2026-07-05T13:00:00Z,2026-07-29,88.91,83.80,0.00,88.91,0.00,83.80,35.00
STM-CR-00253-202608,ACC-CR-00253,2026-07-05,2026-08-04,2026-08-05T13:00:00Z,2026-08-29,83.80,106.61,0.00,83.80,0.00,106.61,35.00
STM-CR-00253-202609,ACC-CR-00253,2026-08-05,2026-09-04,2026-09-05T13:00:00Z,2026-09-29,106.61,565.41,0.00,106.61,0.00,565.41,35.00
STM-CR-00253-202610,ACC-CR-00253,2026-09-05,2026-10-04,2026-10-05T13:00:00Z,2026-10-29,565.41,39.12,0.00,565.41,0.00,39.12,35.00
STM-CR-00254-202509,ACC-CR-00254,2025-08-31,2025-09-08,2025-09-09T13:00:00Z,2025-10-03,0.00,0.00,0.00,0.00,0.00,0.00,0.00
STM-CR-00254-202510,ACC-CR-00254,2025-09-09,2025-10-08,2025-10-09T13:00:00Z,2025-11-02,0.00,0.00,0.00,0.00,0.00,0.00,0.00
STM-CR-00254-202511,ACC-CR-00254,2025-10-09,2025-11-08,2025-11-09T14:00:00Z,2025-12-03,0.00,317.19,0.00,0.00,0.00,317.19,35.00
STM-CR-00254-202512,ACC-CR-00254,2025-11-09,2025-12-08,2025-12-09T14:00:00Z,2026-01-02,317.19,892.95,0.00,35.00,0.00,1175.14,35.00
STM-CR-00254-202601,ACC-CR-00254,2025-12-09,2026-01-08,2026-01-09T14:00:00Z,2026-02-02,1175.14,213.97,56.48,35.00,0.00,1297.63,35.00
STM-CR-00254-202602,ACC-CR-00254,2026-01-09,2026-02-08,2026-02-09T14:00:00Z,2026-03-05,1297.63,23.42,0.00,35.00,0.00,1286.05,35.00
STM-CR-00254-202603,ACC-CR-00254,2026-02-09,2026-03-08,2026-03-09T13:00:00Z,2026-04-02,1286.05,77.86,0.00,35.00,0.00,1328.91,35.00
STM-CR-00254-202604,ACC-CR-00254,2026-03-09,2026-04-08,2026-04-09T13:00:00Z,2026-05-03,1328.91,549.47,0.00,35.00,0.00,1843.38,36.87
STM-CR-00254-202605,ACC-CR-00254,2026-04-09,2026-05-08,2026-05-09T13:00:00Z,2026-06-02,1843.38,502.14,0.00,36.87,0.00,2308.65,46.17
STM-CR-00254-202606,ACC-CR-00254,2026-05-09,2026-06-08,2026-06-09T13:00:00Z,2026-07-03,2308.65,167.50,0.00,46.17,0.00,2429.98,48.60
STM-CR-00254-202607,ACC-CR-00254,2026-06-09,2026-07-08,2026-07-09T13:00:00Z,2026-08-02,2429.98,548.80,0.00,48.60,0.00,2930.18,58.60
STM-CR-00254-202608,ACC-CR-00254,2026-07-09,2026-08-08,2026-08-09T13:00:00Z,2026-09-02,2930.18,272.92,0.00,58.60,0.00,3144.50,62.89
STM-CR-00254-202609,ACC-CR-00254,2026-08-09,2026-09-08,2026-09-09T13:00:00Z,2026-10-03,3144.50,241.35,0.00,62.89,0.00,3322.96,66.46
STM-CR-00254-202610,ACC-CR-00254,2026-09-09,2026-10-08,2026-10-09T13:00:00Z,2026-11-02,3322.96,485.37,0.00,66.46,0.00,3741.87,74.84
STM-CR-00255-202509,ACC-CR-00255,2025-08-31,2025-09-02,2025-09-03T13:00:00Z,2025-09-27,0.00,0.00,0.00,0.00,0.00,0.00,0.00
STM-CR-00255-202510,ACC-CR-00255,2025-09-03,2025-10-02,2025-10-03T13:00:00Z,2025-10-27,0.00,0.00,0.00,0.00,0.00,0.00,0.00
STM-CR-00255-202511,ACC-CR-00255,2025-10-03,2025-11-02,2025-11-03T14:00:00Z,2025-11-27,0.00,432.47,0.00,0.00,0.00,432.47,35.00
STM-CR-00255-202512,ACC-CR-00255,2025-11-03,2025-12-02,2025-12-03T14:00:00Z,2025-12-27,432.47,293.69,98.80,172.99,0.00,454.37,35.00
STM-CR-00255-202601,ACC-CR-00255,2025-12-03,2026-01-02,2026-01-03T14:00:00Z,2026-01-27,454.37,187.94,0.00,181.75,0.00,460.56,35.00
STM-CR-00255-202602,ACC-CR-00255,2026-01-03,2026-02-02,2026-02-03T14:00:00Z,2026-02-27,460.56,473.28,0.00,184.22,0.00,749.62,35.00
STM-CR-00255-202603,ACC-CR-00255,2026-02-03,2026-03-02,2026-03-03T14:00:00Z,2026-03-27,749.62,205.72,0.00,299.85,0.00,655.49,35.00
STM-CR-00255-202604,ACC-CR-00255,2026-03-03,2026-04-02,2026-04-03T13:00:00Z,2026-04-27,655.49,528.54,0.00,262.20,0.00,921.83,35.00
STM-CR-00255-202605,ACC-CR-00255,2026-04-03,2026-05-02,2026-05-03T13:00:00Z,2026-05-27,921.83,151.56,0.00,368.73,0.00,704.66,35.00
STM-CR-00255-202606,ACC-CR-00255,2026-05-03,2026-06-02,2026-06-03T13:00:00Z,2026-06-27,704.66,323.58,58.84,281.86,0.00,687.54,35.00
STM-CR-00255-202607,ACC-CR-00255,2026-06-03,2026-07-02,2026-07-03T13:00:00Z,2026-07-27,687.54,317.89,0.00,275.02,0.00,730.41,35.00
STM-CR-00255-202608,ACC-CR-00255,2026-07-03,2026-08-02,2026-08-03T13:00:00Z,2026-08-27,730.41,209.87,0.00,292.16,0.00,648.12,35.00
STM-CR-00255-202609,ACC-CR-00255,2026-08-03,2026-09-02,2026-09-03T13:00:00Z,2026-09-27,648.12,123.65,0.00,259.25,0.00,512.52,35.00
STM-CR-00255-202610,ACC-CR-00255,2026-09-03,2026-10-02,2026-10-03T13:00:00Z,2026-10-27,512.52,447.36,0.00,205.01,0.00,754.87,35.00
STM-CR-00256-202509,ACC-CR-00256,2025-08-31,2025-09-21,2025-09-22T13:00:00Z,2025-10-16,0.00,0.00,0.00,0.00,0.00,0.00,0.00
STM-CR-00256-202510,ACC-CR-00256,2025-09-22,2025-10-21,2025-10-22T13:00:00Z,2025-11-15,0.00,292.98,0.00,0.00,0.00,292.98,35.00
STM-CR-00256-202511,ACC-CR-00256,2025-10-22,2025-11-21,2025-11-22T14:00:00Z,2025-12-16,292.98,287.90,0.00,117.19,0.00,463.69,35.00
STM-CR-00256-202512,ACC-CR-00256,2025-11-22,2025-12-21,2025-12-22T14:00:00Z,2026-01-15,463.69,430.78,0.00,185.48,0.00,708.99,35.00
STM-CR-00256-202601,ACC-CR-00256,2025-12-22,2026-01-21,2026-01-22T14:00:00Z,2026-02-15,708.99,225.34,0.00,283.60,0.00,650.73,35.00
STM-CR-00256-202602,ACC-CR-00256,2026-01-22,2026-02-21,2026-02-22T14:00:00Z,2026-03-18,650.73,178.79,0.00,260.29,0.00,569.23,35.00
STM-CR-00256-202603,ACC-CR-00256,2026-02-22,2026-03-21,2026-03-22T13:00:00Z,2026-04-15,569.23,83.00,0.00,227.69,0.00,424.54,35.00
STM-CR-00256-202604,ACC-CR-00256,2026-03-22,2026-04-21,2026-04-22T13:00:00Z,2026-05-16,424.54,646.34,0.00,169.82,0.00,901.06,35.00
STM-CR-00256-202605,ACC-CR-00256,2026-04-22,2026-05-21,2026-05-22T13:00:00Z,2026-06-15,901.06,156.62,0.00,360.42,0.00,697.26,35.00
STM-CR-00256-202606,ACC-CR-00256,2026-05-22,2026-06-21,2026-06-22T13:00:00Z,2026-07-16,697.26,207.84,0.00,278.90,0.00,626.20,35.00
STM-CR-00256-202607,ACC-CR-00256,2026-06-22,2026-07-21,2026-07-22T13:00:00Z,2026-08-15,626.20,336.09,0.00,250.48,0.00,711.81,35.00
STM-CR-00256-202608,ACC-CR-00256,2026-07-22,2026-08-21,2026-08-22T13:00:00Z,2026-09-15,711.81,309.81,0.00,284.72,0.00,736.90,35.00
STM-CR-00256-202609,ACC-CR-00256,2026-08-22,2026-09-21,2026-09-22T13:00:00Z,2026-10-16,736.90,139.79,0.00,294.76,0.00,581.93,35.00
STM-CR-00257-202509,ACC-CR-00257,2025-08-31,2025-09-07,2025-09-08T13:00:00Z,2025-10-02,0.00,0.00,0.00,0.00,0.00,0.00,0.00
STM-CR-00257-202510,ACC-CR-00257,2025-09-08,2025-10-07,2025-10-08T13:00:00Z,2025-11-01,0.00,824.16,0.00,0.00,0.00,824.16,35.00
STM-CR-00257-202511,ACC-CR-00257,2025-10-08,2025-11-07,2025-11-08T14:00:00Z,2025-12-02,824.16,496.38,0.00,35.00,0.00,1285.54,35.00
STM-CR-00257-202512,ACC-CR-00257,2025-11-08,2025-12-07,2025-12-08T14:00:00Z,2026-01-01,1285.54,193.19,0.00,35.00,0.00,1443.73,35.00
STM-CR-00257-202601,ACC-CR-00257,2025-12-08,2026-01-07,2026-01-08T14:00:00Z,2026-02-01,1443.73,321.67,0.00,35.00,0.00,1730.40,35.00
STM-CR-00257-202602,ACC-CR-00257,2026-01-08,2026-02-07,2026-02-08T14:00:00Z,2026-03-04,1730.40,234.68,0.00,35.00,0.00,1930.08,38.60
STM-CR-00257-202603,ACC-CR-00257,2026-02-08,2026-03-07,2026-03-08T13:00:00Z,2026-04-01,1930.08,169.14,0.00,38.60,0.00,2060.62,41.21
STM-CR-00257-202604,ACC-CR-00257,2026-03-08,2026-04-07,2026-04-08T13:00:00Z,2026-05-02,2060.62,587.97,0.00,41.21,0.00,2607.38,52.15
STM-CR-00257-202605,ACC-CR-00257,2026-04-08,2026-05-07,2026-05-08T13:00:00Z,2026-06-01,2607.38,432.37,0.00,52.15,0.00,2987.60,59.75
STM-CR-00257-202606,ACC-CR-00257,2026-05-08,2026-06-07,2026-06-08T13:00:00Z,2026-07-02,2987.60,267.30,0.00,59.75,0.00,3195.15,63.90
STM-CR-00257-202607,ACC-CR-00257,2026-06-08,2026-07-07,2026-07-08T13:00:00Z,2026-08-01,3195.15,223.54,0.00,63.90,0.00,3354.79,67.10
STM-CR-00257-202608,ACC-CR-00257,2026-07-08,2026-08-07,2026-08-08T13:00:00Z,2026-09-01,3354.79,302.90,0.00,67.10,0.00,3590.59,71.81
STM-CR-00257-202609,ACC-CR-00257,2026-08-08,2026-09-07,2026-09-08T13:00:00Z,2026-10-02,3590.59,162.28,0.00,71.81,0.00,3681.06,73.62
STM-CR-00257-202610,ACC-CR-00257,2026-09-08,2026-10-07,2026-10-08T13:00:00Z,2026-11-01,3681.06,377.94,0.00,73.62,0.00,3985.38,79.71
STM-CR-00258-202509,ACC-CR-00258,2025-08-31,2025-09-08,2025-09-09T13:00:00Z,2025-10-03,0.00,0.00,0.00,0.00,0.00,0.00,0.00
STM-CR-00258-202510,ACC-CR-00258,2025-09-09,2025-10-08,2025-10-09T13:00:00Z,2025-11-02,0.00,175.04,0.00,0.00,0.00,175.04,35.00
STM-CR-00258-202511,ACC-CR-00258,2025-10-09,2025-11-08,2025-11-09T14:00:00Z,2025-12-03,175.04,316.04,0.00,70.02,0.00,421.06,35.00
STM-CR-00258-202512,ACC-CR-00258,2025-11-09,2025-12-08,2025-12-09T14:00:00Z,2026-01-02,421.06,270.45,0.00,168.42,0.00,523.09,35.00
STM-CR-00258-202601,ACC-CR-00258,2025-12-09,2026-01-08,2026-01-09T14:00:00Z,2026-02-02,523.09,578.02,0.00,209.24,0.00,891.87,35.00
STM-CR-00258-202602,ACC-CR-00258,2026-01-09,2026-02-08,2026-02-09T14:00:00Z,2026-03-05,891.87,132.87,0.00,356.75,0.00,667.99,35.00
STM-CR-00258-202603,ACC-CR-00258,2026-02-09,2026-03-08,2026-03-09T13:00:00Z,2026-04-02,667.99,191.58,0.00,267.20,0.00,592.37,35.00
STM-CR-00258-202604,ACC-CR-00258,2026-03-09,2026-04-08,2026-04-09T13:00:00Z,2026-05-03,592.37,371.29,0.00,236.95,0.00,726.71,35.00
STM-CR-00258-202605,ACC-CR-00258,2026-04-09,2026-05-08,2026-05-09T13:00:00Z,2026-06-02,726.71,420.17,0.00,290.68,0.00,856.20,35.00
STM-CR-00258-202606,ACC-CR-00258,2026-05-09,2026-06-08,2026-06-09T13:00:00Z,2026-07-03,856.20,224.59,0.00,342.48,0.00,738.31,35.00
STM-CR-00258-202607,ACC-CR-00258,2026-06-09,2026-07-08,2026-07-09T13:00:00Z,2026-08-02,738.31,486.51,48.58,295.32,0.00,880.92,35.00
STM-CR-00258-202608,ACC-CR-00258,2026-07-09,2026-08-08,2026-08-09T13:00:00Z,2026-09-02,880.92,194.62,0.00,352.37,0.00,723.17,35.00
STM-CR-00258-202609,ACC-CR-00258,2026-08-09,2026-09-08,2026-09-09T13:00:00Z,2026-10-03,723.17,227.60,0.00,289.27,0.00,661.50,35.00
STM-CR-00258-202610,ACC-CR-00258,2026-09-09,2026-10-08,2026-10-09T13:00:00Z,2026-11-02,661.50,686.12,0.00,264.60,0.00,1083.02,35.00
STM-CR-00259-202509,ACC-CR-00259,2025-08-31,2025-09-28,2025-09-29T13:00:00Z,2025-10-23,0.00,0.00,0.00,0.00,0.00,0.00,0.00
STM-CR-00259-202510,ACC-CR-00259,2025-09-29,2025-10-28,2025-10-29T13:00:00Z,2025-11-22,0.00,252.92,0.00,0.00,0.00,252.92,35.00
STM-CR-00259-202511,ACC-CR-00259,2025-10-29,2025-11-28,2025-11-29T14:00:00Z,2025-12-23,252.92,417.04,0.00,101.17,0.00,568.79,35.00
STM-CR-00259-202512,ACC-CR-00259,2025-11-29,2025-12-28,2025-12-29T14:00:00Z,2026-01-22,568.79,299.10,0.00,227.52,0.00,640.37,35.00
STM-CR-00259-202601,ACC-CR-00259,2025-12-29,2026-01-28,2026-01-29T14:00:00Z,2026-02-22,640.37,357.73,0.00,256.15,0.00,741.95,35.00
STM-CR-00259-202602,ACC-CR-00259,2026-01-29,2026-02-28,2026-03-01T14:00:00Z,2026-03-25,741.95,425.31,0.00,296.78,0.00,870.48,35.00
STM-CR-00259-202603,ACC-CR-00259,2026-03-01,2026-03-28,2026-03-29T13:00:00Z,2026-04-22,870.48,185.36,0.00,348.19,0.00,707.65,35.00
STM-CR-00259-202604,ACC-CR-00259,2026-03-29,2026-04-28,2026-04-29T13:00:00Z,2026-05-23,707.65,349.71,0.00,283.06,0.00,774.30,35.00
STM-CR-00259-202605,ACC-CR-00259,2026-04-29,2026-05-28,2026-05-29T13:00:00Z,2026-06-22,774.30,311.71,0.00,309.72,0.00,776.29,35.00
STM-CR-00259-202606,ACC-CR-00259,2026-05-29,2026-06-28,2026-06-29T13:00:00Z,2026-07-23,776.29,236.72,0.00,310.52,0.00,702.49,35.00
STM-CR-00259-202607,ACC-CR-00259,2026-06-29,2026-07-28,2026-07-29T13:00:00Z,2026-08-22,702.49,376.93,0.00,281.00,0.00,798.42,35.00
STM-CR-00259-202608,ACC-CR-00259,2026-07-29,2026-08-28,2026-08-29T13:00:00Z,2026-09-22,798.42,427.58,35.19,319.37,0.00,871.44,35.00
STM-CR-00259-202609,ACC-CR-00259,2026-08-29,2026-09-28,2026-09-29T13:00:00Z,2026-10-23,871.44,452.79,0.00,348.58,0.00,975.65,35.00
STM-CR-00260-202509,ACC-CR-00260,2025-08-31,2025-09-25,2025-09-26T13:00:00Z,2025-10-20,0.00,0.00,0.00,0.00,0.00,0.00,0.00
STM-CR-00260-202510,ACC-CR-00260,2025-09-26,2025-10-25,2025-10-26T13:00:00Z,2025-11-19,0.00,219.75,0.00,0.00,0.00,219.75,35.00
STM-CR-00260-202511,ACC-CR-00260,2025-10-26,2025-11-25,2025-11-26T14:00:00Z,2025-12-20,219.75,54.00,0.00,87.90,0.00,185.85,35.00
STM-CR-00260-202512,ACC-CR-00260,2025-11-26,2025-12-25,2025-12-26T14:00:00Z,2026-01-19,185.85,454.26,0.00,74.34,0.00,565.77,35.00
STM-CR-00260-202601,ACC-CR-00260,2025-12-26,2026-01-25,2026-01-26T14:00:00Z,2026-02-19,565.77,198.33,0.00,226.31,0.00,537.79,35.00
STM-CR-00260-202602,ACC-CR-00260,2026-01-26,2026-02-25,2026-02-26T14:00:00Z,2026-03-22,537.79,220.57,0.00,215.12,0.00,543.24,35.00
STM-CR-00260-202603,ACC-CR-00260,2026-02-26,2026-03-25,2026-03-26T13:00:00Z,2026-04-19,543.24,74.62,0.00,217.30,0.00,400.56,35.00
STM-CR-00260-202604,ACC-CR-00260,2026-03-26,2026-04-25,2026-04-26T13:00:00Z,2026-05-20,400.56,174.65,0.00,160.22,0.00,414.99,35.00
STM-CR-00260-202605,ACC-CR-00260,2026-04-26,2026-05-25,2026-05-26T13:00:00Z,2026-06-19,414.99,205.12,0.00,166.00,0.00,454.11,35.00
STM-CR-00260-202606,ACC-CR-00260,2026-05-26,2026-06-25,2026-06-26T13:00:00Z,2026-07-20,454.11,130.76,0.00,181.64,0.00,403.23,35.00
STM-CR-00260-202607,ACC-CR-00260,2026-06-26,2026-07-25,2026-07-26T13:00:00Z,2026-08-19,403.23,132.95,0.00,161.29,0.00,374.89,35.00
STM-CR-00260-202608,ACC-CR-00260,2026-07-26,2026-08-25,2026-08-26T13:00:00Z,2026-09-19,374.89,164.79,0.00,149.96,0.00,389.72,35.00
STM-CR-00260-202609,ACC-CR-00260,2026-08-26,2026-09-25,2026-09-26T13:00:00Z,2026-10-20,389.72,113.19,0.00,155.89,0.00,347.02,35.00
STM-CR-00261-202509,ACC-CR-00261,2025-08-31,2025-09-22,2025-09-23T13:00:00Z,2025-10-17,0.00,0.00,0.00,0.00,0.00,0.00,0.00
STM-CR-00261-202510,ACC-CR-00261,2025-09-23,2025-10-22,2025-10-23T13:00:00Z,2025-11-16,0.00,68.17,0.00,0.00,0.00,68.17,35.00
STM-CR-00261-202511,ACC-CR-00261,2025-10-23,2025-11-22,2025-11-23T14:00:00Z,2025-12-17,68.17,28.92,0.00,68.17,0.00,28.92,35.00
STM-CR-00261-202512,ACC-CR-00261,2025-11-23,2025-12-22,2025-12-23T14:00:00Z,2026-01-16,28.92,109.19,0.00,28.92,0.00,109.19,35.00
STM-CR-00261-202601,ACC-CR-00261,2025-12-23,2026-01-22,2026-01-23T14:00:00Z,2026-02-16,109.19,221.03,0.00,109.19,0.00,221.03,35.00
STM-CR-00261-202602,ACC-CR-00261,2026-01-23,2026-02-22,2026-02-23T14:00:00Z,2026-03-19,221.03,83.00,0.00,221.03,0.00,83.00,35.00
STM-CR-00261-202603,ACC-CR-00261,2026-02-23,2026-03-22,2026-03-23T13:00:00Z,2026-04-16,83.00,155.08,0.00,83.00,0.00,155.08,35.00
STM-CR-00261-202604,ACC-CR-00261,2026-03-23,2026-04-22,2026-04-23T13:00:00Z,2026-05-17,155.08,440.62,0.00,155.08,0.00,440.62,35.00
STM-CR-00261-202605,ACC-CR-00261,2026-04-23,2026-05-22,2026-05-23T13:00:00Z,2026-06-16,440.62,240.73,0.00,440.62,0.00,240.73,35.00
STM-CR-00261-202606,ACC-CR-00261,2026-05-23,2026-06-22,2026-06-23T13:00:00Z,2026-07-17,240.73,679.81,0.00,240.73,0.00,679.81,35.00
STM-CR-00261-202607,ACC-CR-00261,2026-06-23,2026-07-22,2026-07-23T13:00:00Z,2026-08-16,679.81,385.31,0.00,679.81,0.00,385.31,35.00
STM-CR-00261-202608,ACC-CR-00261,2026-07-23,2026-08-22,2026-08-23T13:00:00Z,2026-09-16,385.31,84.23,0.00,385.31,0.00,84.23,35.00
STM-CR-00261-202609,ACC-CR-00261,2026-08-23,2026-09-22,2026-09-23T13:00:00Z,2026-10-17,84.23,617.98,0.00,84.23,0.00,617.98,35.00
STM-CR-00262-202509,ACC-CR-00262,2025-08-31,2025-09-25,2025-09-26T13:00:00Z,2025-10-20,0.00,0.00,0.00,0.00,0.00,0.00,0.00
STM-CR-00262-202510,ACC-CR-00262,2025-09-26,2025-10-25,2025-10-26T13:00:00Z,2025-11-19,0.00,286.81,0.00,0.00,0.00,286.81,35.00
STM-CR-00262-202511,ACC-CR-00262,2025-10-26,2025-11-25,2025-11-26T14:00:00Z,2025-12-20,286.81,626.46,0.00,286.81,0.00,626.46,35.00
STM-CR-00262-202512,ACC-CR-00262,2025-11-26,2025-12-25,2025-12-26T14:00:00Z,2026-01-19,626.46,146.06,0.00,626.46,0.00,146.06,35.00
STM-CR-00262-202601,ACC-CR-00262,2025-12-26,2026-01-25,2026-01-26T14:00:00Z,2026-02-19,146.06,152.80,0.00,146.06,0.00,152.80,35.00
STM-CR-00262-202602,ACC-CR-00262,2026-01-26,2026-02-25,2026-02-26T14:00:00Z,2026-03-22,152.80,274.13,0.00,152.80,0.00,274.13,35.00
STM-CR-00262-202603,ACC-CR-00262,2026-02-26,2026-03-25,2026-03-26T13:00:00Z,2026-04-19,274.13,538.02,0.00,274.13,0.00,538.02,35.00
STM-CR-00262-202604,ACC-CR-00262,2026-03-26,2026-04-25,2026-04-26T13:00:00Z,2026-05-20,538.02,76.68,0.00,538.02,0.00,76.68,35.00
STM-CR-00262-202605,ACC-CR-00262,2026-04-26,2026-05-25,2026-05-26T13:00:00Z,2026-06-19,76.68,253.42,0.00,76.68,0.00,253.42,35.00
STM-CR-00262-202606,ACC-CR-00262,2026-05-26,2026-06-25,2026-06-26T13:00:00Z,2026-07-20,253.42,277.80,0.00,253.42,0.00,277.80,35.00
STM-CR-00262-202607,ACC-CR-00262,2026-06-26,2026-07-25,2026-07-26T13:00:00Z,2026-08-19,277.80,343.15,0.00,277.80,0.00,343.15,35.00
STM-CR-00262-202608,ACC-CR-00262,2026-07-26,2026-08-25,2026-08-26T13:00:00Z,2026-09-19,343.15,139.62,0.00,343.15,0.00,139.62,35.00
STM-CR-00262-202609,ACC-CR-00262,2026-08-26,2026-09-25,2026-09-26T13:00:00Z,2026-10-20,139.62,245.42,0.00,139.62,0.00,245.42,35.00
STM-CR-00263-202509,ACC-CR-00263,2025-08-31,2025-09-06,2025-09-07T13:00:00Z,2025-10-01,0.00,0.00,0.00,0.00,0.00,0.00,0.00
STM-CR-00263-202510,ACC-CR-00263,2025-09-07,2025-10-06,2025-10-07T13:00:00Z,2025-10-31,0.00,216.74,0.00,0.00,0.00,216.74,35.00
STM-CR-00263-202511,ACC-CR-00263,2025-10-07,2025-11-06,2025-11-07T14:00:00Z,2025-12-01,216.74,1575.16,0.00,216.74,0.00,1575.16,35.00
STM-CR-00263-202512,ACC-CR-00263,2025-11-07,2025-12-06,2025-12-07T14:00:00Z,2025-12-31,1575.16,513.14,0.00,1575.16,0.00,513.14,35.00
STM-CR-00263-202601,ACC-CR-00263,2025-12-07,2026-01-06,2026-01-07T14:00:00Z,2026-01-31,513.14,749.52,0.00,513.14,0.00,749.52,35.00
STM-CR-00263-202602,ACC-CR-00263,2026-01-07,2026-02-06,2026-02-07T14:00:00Z,2026-03-03,749.52,476.49,0.00,749.52,0.00,476.49,35.00
STM-CR-00263-202603,ACC-CR-00263,2026-02-07,2026-03-06,2026-03-07T14:00:00Z,2026-03-31,476.49,500.14,0.00,476.49,0.00,500.14,35.00
STM-CR-00263-202604,ACC-CR-00263,2026-03-07,2026-04-06,2026-04-07T13:00:00Z,2026-05-01,500.14,184.92,0.00,500.14,0.00,184.92,35.00
STM-CR-00263-202605,ACC-CR-00263,2026-04-07,2026-05-06,2026-05-07T13:00:00Z,2026-05-31,184.92,497.24,0.00,184.92,0.00,497.24,35.00
STM-CR-00263-202606,ACC-CR-00263,2026-05-07,2026-06-06,2026-06-07T13:00:00Z,2026-07-01,497.24,293.94,0.00,497.24,0.00,293.94,35.00
STM-CR-00263-202607,ACC-CR-00263,2026-06-07,2026-07-06,2026-07-07T13:00:00Z,2026-07-31,293.94,451.22,0.00,293.94,0.00,451.22,35.00
STM-CR-00263-202608,ACC-CR-00263,2026-07-07,2026-08-06,2026-08-07T13:00:00Z,2026-08-31,451.22,569.47,0.00,451.22,0.00,569.47,35.00
STM-CR-00263-202609,ACC-CR-00263,2026-08-07,2026-09-06,2026-09-07T13:00:00Z,2026-10-01,569.47,284.47,0.00,569.47,0.00,284.47,35.00
STM-CR-00263-202610,ACC-CR-00263,2026-09-07,2026-10-06,2026-10-07T13:00:00Z,2026-10-31,284.47,397.10,0.00,284.47,0.00,397.10,35.00
STM-CR-00264-202509,ACC-CR-00264,2025-08-31,2025-09-20,2025-09-21T13:00:00Z,2025-10-15,0.00,0.00,0.00,0.00,0.00,0.00,0.00
STM-CR-00264-202510,ACC-CR-00264,2025-09-21,2025-10-20,2025-10-21T13:00:00Z,2025-11-14,0.00,36.08,0.00,0.00,0.00,36.08,35.00
STM-CR-00264-202511,ACC-CR-00264,2025-10-21,2025-11-20,2025-11-21T14:00:00Z,2025-12-15,36.08,214.29,0.00,36.08,0.00,214.29,35.00
STM-CR-00264-202512,ACC-CR-00264,2025-11-21,2025-12-20,2025-12-21T14:00:00Z,2026-01-14,214.29,897.90,0.00,214.29,0.00,897.90,35.00
STM-CR-00264-202601,ACC-CR-00264,2025-12-21,2026-01-20,2026-01-21T14:00:00Z,2026-02-14,897.90,237.02,0.00,897.90,0.00,237.02,35.00
STM-CR-00264-202602,ACC-CR-00264,2026-01-21,2026-02-20,2026-02-21T14:00:00Z,2026-03-17,237.02,321.95,0.00,237.02,0.00,321.95,35.00
STM-CR-00264-202603,ACC-CR-00264,2026-02-21,2026-03-20,2026-03-21T13:00:00Z,2026-04-14,321.95,342.33,0.00,321.95,0.00,342.33,35.00
STM-CR-00264-202604,ACC-CR-00264,2026-03-21,2026-04-20,2026-04-21T13:00:00Z,2026-05-15,342.33,272.97,0.00,342.33,0.00,272.97,35.00
STM-CR-00264-202605,ACC-CR-00264,2026-04-21,2026-05-20,2026-05-21T13:00:00Z,2026-06-14,272.97,254.03,0.00,272.97,0.00,254.03,35.00
STM-CR-00264-202606,ACC-CR-00264,2026-05-21,2026-06-20,2026-06-21T13:00:00Z,2026-07-15,254.03,613.42,0.00,254.03,0.00,613.42,35.00
STM-CR-00264-202607,ACC-CR-00264,2026-06-21,2026-07-20,2026-07-21T13:00:00Z,2026-08-14,613.42,249.38,0.00,613.42,0.00,249.38,35.00
STM-CR-00264-202608,ACC-CR-00264,2026-07-21,2026-08-20,2026-08-21T13:00:00Z,2026-09-14,249.38,288.27,0.00,249.38,0.00,288.27,35.00
STM-CR-00264-202609,ACC-CR-00264,2026-08-21,2026-09-20,2026-09-21T13:00:00Z,2026-10-15,288.27,172.33,0.00,288.27,0.00,172.33,35.00
STM-CR-00264-202610,ACC-CR-00264,2026-09-21,2026-10-20,2026-10-21T13:00:00Z,2026-11-14,172.33,661.24,0.00,172.33,0.00,661.24,35.00
STM-CR-00265-202509,ACC-CR-00265,2025-08-31,2025-09-20,2025-09-21T13:00:00Z,2025-10-15,0.00,0.00,0.00,0.00,0.00,0.00,0.00
STM-CR-00265-202510,ACC-CR-00265,2025-09-21,2025-10-20,2025-10-21T13:00:00Z,2025-11-14,0.00,169.86,0.00,0.00,0.00,169.86,35.00
STM-CR-00265-202511,ACC-CR-00265,2025-10-21,2025-11-20,2025-11-21T14:00:00Z,2025-12-15,169.86,220.26,0.00,169.86,0.00,220.26,35.00
STM-CR-00265-202512,ACC-CR-00265,2025-11-21,2025-12-20,2025-12-21T14:00:00Z,2026-01-14,220.26,393.69,0.00,220.26,0.00,393.69,35.00
STM-CR-00265-202601,ACC-CR-00265,2025-12-21,2026-01-20,2026-01-21T14:00:00Z,2026-02-14,393.69,430.14,118.59,393.69,0.00,311.55,35.00
STM-CR-00265-202602,ACC-CR-00265,2026-01-21,2026-02-20,2026-02-21T14:00:00Z,2026-03-17,311.55,264.25,0.00,311.55,0.00,264.25,35.00
STM-CR-00265-202603,ACC-CR-00265,2026-02-21,2026-03-20,2026-03-21T13:00:00Z,2026-04-14,264.25,270.89,0.00,264.25,0.00,270.89,35.00
STM-CR-00265-202604,ACC-CR-00265,2026-03-21,2026-04-20,2026-04-21T13:00:00Z,2026-05-15,270.89,245.60,0.00,270.89,0.00,245.60,35.00
STM-CR-00265-202605,ACC-CR-00265,2026-04-21,2026-05-20,2026-05-21T13:00:00Z,2026-06-14,245.60,193.91,0.00,245.60,0.00,193.91,35.00
STM-CR-00265-202606,ACC-CR-00265,2026-05-21,2026-06-20,2026-06-21T13:00:00Z,2026-07-15,193.91,233.99,0.00,193.91,0.00,233.99,35.00
STM-CR-00265-202607,ACC-CR-00265,2026-06-21,2026-07-20,2026-07-21T13:00:00Z,2026-08-14,233.99,203.04,0.00,233.99,0.00,203.04,35.00
STM-CR-00265-202608,ACC-CR-00265,2026-07-21,2026-08-20,2026-08-21T13:00:00Z,2026-09-14,203.04,178.16,0.00,203.04,0.00,178.16,35.00
STM-CR-00265-202609,ACC-CR-00265,2026-08-21,2026-09-20,2026-09-21T13:00:00Z,2026-10-15,178.16,85.00,0.00,178.16,0.00,85.00,35.00
STM-CR-00265-202610,ACC-CR-00265,2026-09-21,2026-10-20,2026-10-21T13:00:00Z,2026-11-14,85.00,320.99,0.00,85.00,0.00,320.99,35.00
STM-CR-00266-202509,ACC-CR-00266,2025-08-31,2025-09-08,2025-09-09T13:00:00Z,2025-10-03,0.00,0.00,0.00,0.00,0.00,0.00,0.00
STM-CR-00266-202510,ACC-CR-00266,2025-09-09,2025-10-08,2025-10-09T13:00:00Z,2025-11-02,0.00,116.20,0.00,0.00,0.00,116.20,35.00
STM-CR-00266-202511,ACC-CR-00266,2025-10-09,2025-11-08,2025-11-09T14:00:00Z,2025-12-03,116.20,548.25,0.00,116.20,0.00,548.25,35.00
STM-CR-00266-202512,ACC-CR-00266,2025-11-09,2025-12-08,2025-12-09T14:00:00Z,2026-01-02,548.25,660.76,0.00,548.25,0.00,660.76,35.00
STM-CR-00266-202601,ACC-CR-00266,2025-12-09,2026-01-08,2026-01-09T14:00:00Z,2026-02-02,660.76,472.95,0.00,660.76,0.00,472.95,35.00
STM-CR-00266-202602,ACC-CR-00266,2026-01-09,2026-02-08,2026-02-09T14:00:00Z,2026-03-05,472.95,267.98,0.00,472.95,0.00,267.98,35.00
STM-CR-00266-202603,ACC-CR-00266,2026-02-09,2026-03-08,2026-03-09T13:00:00Z,2026-04-02,267.98,507.12,0.00,267.98,0.00,507.12,35.00
STM-CR-00266-202604,ACC-CR-00266,2026-03-09,2026-04-08,2026-04-09T13:00:00Z,2026-05-03,507.12,321.37,0.00,507.12,0.00,321.37,35.00
STM-CR-00266-202605,ACC-CR-00266,2026-04-09,2026-05-08,2026-05-09T13:00:00Z,2026-06-02,321.37,792.43,0.00,321.37,0.00,792.43,35.00
STM-CR-00266-202606,ACC-CR-00266,2026-05-09,2026-06-08,2026-06-09T13:00:00Z,2026-07-03,792.43,431.01,0.00,792.43,0.00,431.01,35.00
STM-CR-00266-202607,ACC-CR-00266,2026-06-09,2026-07-08,2026-07-09T13:00:00Z,2026-08-02,431.01,418.70,0.00,431.01,0.00,418.70,35.00
STM-CR-00266-202608,ACC-CR-00266,2026-07-09,2026-08-08,2026-08-09T13:00:00Z,2026-09-02,418.70,411.60,0.00,418.70,0.00,411.60,35.00
STM-CR-00266-202609,ACC-CR-00266,2026-08-09,2026-09-08,2026-09-09T13:00:00Z,2026-10-03,411.60,481.68,0.00,411.60,0.00,481.68,35.00
STM-CR-00266-202610,ACC-CR-00266,2026-09-09,2026-10-08,2026-10-09T13:00:00Z,2026-11-02,481.68,686.80,0.00,481.68,0.00,686.80,35.00
STM-CR-00267-202509,ACC-CR-00267,2025-08-31,2025-09-22,2025-09-23T13:00:00Z,2025-10-17,0.00,0.00,0.00,0.00,0.00,0.00,0.00
STM-CR-00267-202510,ACC-CR-00267,2025-09-23,2025-10-22,2025-10-23T13:00:00Z,2025-11-16,0.00,397.00,0.00,0.00,0.00,397.00,35.00
STM-CR-00267-202511,ACC-CR-00267,2025-10-23,2025-11-22,2025-11-23T14:00:00Z,2025-12-17,397.00,775.57,0.00,397.00,0.00,775.57,35.00
STM-CR-00267-202512,ACC-CR-00267,2025-11-23,2025-12-22,2025-12-23T14:00:00Z,2026-01-16,775.57,375.03,0.00,775.57,0.00,375.03,35.00
STM-CR-00267-202601,ACC-CR-00267,2025-12-23,2026-01-22,2026-01-23T14:00:00Z,2026-02-16,375.03,153.91,0.00,375.03,0.00,153.91,35.00
STM-CR-00267-202602,ACC-CR-00267,2026-01-23,2026-02-22,2026-02-23T14:00:00Z,2026-03-19,153.91,277.08,0.00,153.91,0.00,277.08,35.00
STM-CR-00267-202603,ACC-CR-00267,2026-02-23,2026-03-22,2026-03-23T13:00:00Z,2026-04-16,277.08,547.58,0.00,277.08,0.00,547.58,35.00
STM-CR-00267-202604,ACC-CR-00267,2026-03-23,2026-04-22,2026-04-23T13:00:00Z,2026-05-17,547.58,37.06,0.00,547.58,0.00,37.06,35.00
STM-CR-00267-202605,ACC-CR-00267,2026-04-23,2026-05-22,2026-05-23T13:00:00Z,2026-06-16,37.06,261.41,0.00,37.06,0.00,261.41,35.00
STM-CR-00267-202606,ACC-CR-00267,2026-05-23,2026-06-22,2026-06-23T13:00:00Z,2026-07-17,261.41,89.13,0.00,261.41,0.00,89.13,35.00
STM-CR-00267-202607,ACC-CR-00267,2026-06-23,2026-07-22,2026-07-23T13:00:00Z,2026-08-16,89.13,221.30,0.00,89.13,0.00,221.30,35.00
STM-CR-00267-202608,ACC-CR-00267,2026-07-23,2026-08-22,2026-08-23T13:00:00Z,2026-09-16,221.30,233.06,0.00,221.30,0.00,233.06,35.00
STM-CR-00267-202609,ACC-CR-00267,2026-08-23,2026-09-22,2026-09-23T13:00:00Z,2026-10-17,233.06,199.46,0.00,233.06,0.00,199.46,35.00
STM-CR-00268-202509,ACC-CR-00268,2025-08-31,2025-09-12,2025-09-13T13:00:00Z,2025-10-07,0.00,0.00,0.00,0.00,0.00,0.00,0.00
STM-CR-00268-202510,ACC-CR-00268,2025-09-13,2025-10-12,2025-10-13T13:00:00Z,2025-11-06,0.00,0.00,0.00,0.00,0.00,0.00,0.00
STM-CR-00268-202511,ACC-CR-00268,2025-10-13,2025-11-12,2025-11-13T14:00:00Z,2025-12-07,0.00,535.51,0.00,0.00,0.00,535.51,35.00
STM-CR-00268-202512,ACC-CR-00268,2025-11-13,2025-12-12,2025-12-13T14:00:00Z,2026-01-06,535.51,451.13,0.00,35.00,0.00,951.64,35.00
STM-CR-00268-202601,ACC-CR-00268,2025-12-13,2026-01-12,2026-01-13T14:00:00Z,2026-02-06,951.64,482.07,0.00,35.00,0.00,1398.71,35.00
STM-CR-00268-202602,ACC-CR-00268,2026-01-13,2026-02-12,2026-02-13T14:00:00Z,2026-03-09,1398.71,358.28,0.00,35.00,0.00,1721.99,35.00
STM-CR-00268-202603,ACC-CR-00268,2026-02-13,2026-03-12,2026-03-13T13:00:00Z,2026-04-06,1721.99,451.73,0.00,35.00,0.00,2138.72,42.77
STM-CR-00268-202604,ACC-CR-00268,2026-03-13,2026-04-12,2026-04-13T13:00:00Z,2026-05-07,2138.72,121.65,0.00,42.77,0.00,2217.60,44.35
STM-CR-00268-202605,ACC-CR-00268,2026-04-13,2026-05-12,2026-05-13T13:00:00Z,2026-06-06,2217.60,206.09,0.00,44.35,0.00,2379.34,47.59
STM-CR-00268-202606,ACC-CR-00268,2026-05-13,2026-06-12,2026-06-13T13:00:00Z,2026-07-07,2379.34,527.02,0.00,47.59,0.00,2858.77,57.18
STM-CR-00268-202607,ACC-CR-00268,2026-06-13,2026-07-12,2026-07-13T13:00:00Z,2026-08-06,2858.77,651.00,145.29,57.18,0.00,3307.30,66.15
STM-CR-00268-202608,ACC-CR-00268,2026-07-13,2026-08-12,2026-08-13T13:00:00Z,2026-09-06,3307.30,147.94,0.00,66.15,0.00,3389.09,67.78
STM-CR-00268-202609,ACC-CR-00268,2026-08-13,2026-09-12,2026-09-13T13:00:00Z,2026-10-07,3389.09,679.69,0.00,67.78,0.00,4001.00,80.02
STM-CR-00268-202610,ACC-CR-00268,2026-09-13,2026-10-12,2026-10-13T13:00:00Z,2026-11-06,4001.00,331.52,162.68,80.02,0.00,4089.82,81.80
STM-CR-00269-202509,ACC-CR-00269,2025-08-31,2025-09-10,2025-09-11T13:00:00Z,2025-10-05,0.00,0.00,0.00,0.00,0.00,0.00,0.00
STM-CR-00269-202510,ACC-CR-00269,2025-09-11,2025-10-10,2025-10-11T13:00:00Z,2025-11-04,0.00,206.98,0.00,0.00,0.00,206.98,35.00
STM-CR-00269-202511,ACC-CR-00269,2025-10-11,2025-11-10,2025-11-11T14:00:00Z,2025-12-05,206.98,609.69,0.00,206.98,0.00,609.69,35.00
STM-CR-00269-202512,ACC-CR-00269,2025-11-11,2025-12-10,2025-12-11T14:00:00Z,2026-01-04,609.69,302.84,0.00,609.69,0.00,302.84,35.00
STM-CR-00269-202601,ACC-CR-00269,2025-12-11,2026-01-10,2026-01-11T14:00:00Z,2026-02-04,302.84,531.36,0.00,302.84,0.00,531.36,35.00
STM-CR-00269-202602,ACC-CR-00269,2026-01-11,2026-02-10,2026-02-11T14:00:00Z,2026-03-07,531.36,545.86,0.00,531.36,0.00,545.86,35.00
STM-CR-00269-202603,ACC-CR-00269,2026-02-11,2026-03-10,2026-03-11T13:00:00Z,2026-04-04,545.86,497.31,0.00,545.86,0.00,497.31,35.00
STM-CR-00269-202604,ACC-CR-00269,2026-03-11,2026-04-10,2026-04-11T13:00:00Z,2026-05-05,497.31,616.52,0.00,497.31,0.00,616.52,35.00
STM-CR-00269-202605,ACC-CR-00269,2026-04-11,2026-05-10,2026-05-11T13:00:00Z,2026-06-04,616.52,511.67,0.00,616.52,0.00,511.67,35.00
STM-CR-00269-202606,ACC-CR-00269,2026-05-11,2026-06-10,2026-06-11T13:00:00Z,2026-07-05,511.67,232.64,0.00,511.67,0.00,232.64,35.00
STM-CR-00269-202607,ACC-CR-00269,2026-06-11,2026-07-10,2026-07-11T13:00:00Z,2026-08-04,232.64,649.97,0.00,232.64,0.00,649.97,35.00
STM-CR-00269-202608,ACC-CR-00269,2026-07-11,2026-08-10,2026-08-11T13:00:00Z,2026-09-04,649.97,243.88,0.00,649.97,0.00,243.88,35.00
STM-CR-00269-202609,ACC-CR-00269,2026-08-11,2026-09-10,2026-09-11T13:00:00Z,2026-10-05,243.88,499.06,0.00,243.88,0.00,499.06,35.00
STM-CR-00269-202610,ACC-CR-00269,2026-09-11,2026-10-10,2026-10-11T13:00:00Z,2026-11-04,499.06,235.71,0.00,499.06,0.00,235.71,35.00
STM-CR-00270-202509,ACC-CR-00270,2025-08-31,2025-09-26,2025-09-27T13:00:00Z,2025-10-21,0.00,0.00,0.00,0.00,0.00,0.00,0.00
STM-CR-00270-202510,ACC-CR-00270,2025-09-27,2025-10-26,2025-10-27T13:00:00Z,2025-11-20,0.00,268.06,0.00,0.00,0.00,268.06,35.00
STM-CR-00270-202511,ACC-CR-00270,2025-10-27,2025-11-26,2025-11-27T14:00:00Z,2025-12-21,268.06,257.10,0.00,268.06,0.00,257.10,35.00
STM-CR-00270-202512,ACC-CR-00270,2025-11-27,2025-12-26,2025-12-27T14:00:00Z,2026-01-20,257.10,253.83,0.00,257.10,0.00,253.83,35.00
STM-CR-00270-202601,ACC-CR-00270,2025-12-27,2026-01-26,2026-01-27T14:00:00Z,2026-02-20,253.83,322.08,0.00,253.83,0.00,322.08,35.00
STM-CR-00270-202602,ACC-CR-00270,2026-01-27,2026-02-26,2026-02-27T14:00:00Z,2026-03-23,322.08,133.57,0.00,322.08,0.00,133.57,35.00
STM-CR-00270-202603,ACC-CR-00270,2026-02-27,2026-03-26,2026-03-27T13:00:00Z,2026-04-20,133.57,204.10,0.00,133.57,0.00,204.10,35.00
STM-CR-00270-202604,ACC-CR-00270,2026-03-27,2026-04-26,2026-04-27T13:00:00Z,2026-05-21,204.10,157.86,0.00,204.10,0.00,157.86,35.00
STM-CR-00270-202605,ACC-CR-00270,2026-04-27,2026-05-26,2026-05-27T13:00:00Z,2026-06-20,157.86,131.20,0.00,157.86,0.00,131.20,35.00
STM-CR-00270-202606,ACC-CR-00270,2026-05-27,2026-06-26,2026-06-27T13:00:00Z,2026-07-21,131.20,372.43,0.00,131.20,0.00,372.43,35.00
STM-CR-00270-202607,ACC-CR-00270,2026-06-27,2026-07-26,2026-07-27T13:00:00Z,2026-08-20,372.43,215.65,0.00,372.43,0.00,215.65,35.00
STM-CR-00270-202608,ACC-CR-00270,2026-07-27,2026-08-26,2026-08-27T13:00:00Z,2026-09-20,215.65,198.91,0.00,215.65,0.00,198.91,35.00
STM-CR-00270-202609,ACC-CR-00270,2026-08-27,2026-09-26,2026-09-27T13:00:00Z,2026-10-21,198.91,200.95,0.00,198.91,0.00,200.95,35.00
STM-CR-00271-202509,ACC-CR-00271,2025-08-31,2025-09-22,2025-09-23T13:00:00Z,2025-10-17,0.00,0.00,0.00,0.00,0.00,0.00,0.00
STM-CR-00271-202510,ACC-CR-00271,2025-09-23,2025-10-22,2025-10-23T13:00:00Z,2025-11-16,0.00,97.02,0.00,0.00,0.00,97.02,35.00
STM-CR-00271-202511,ACC-CR-00271,2025-10-23,2025-11-22,2025-11-23T14:00:00Z,2025-12-17,97.02,218.01,0.00,97.02,0.00,218.01,35.00
STM-CR-00271-202512,ACC-CR-00271,2025-11-23,2025-12-22,2025-12-23T14:00:00Z,2026-01-16,218.01,62.21,0.00,218.01,0.00,62.21,35.00
STM-CR-00271-202601,ACC-CR-00271,2025-12-23,2026-01-22,2026-01-23T14:00:00Z,2026-02-16,62.21,170.06,0.00,62.21,0.00,170.06,35.00
STM-CR-00271-202602,ACC-CR-00271,2026-01-23,2026-02-22,2026-02-23T14:00:00Z,2026-03-19,170.06,0.00,0.00,170.06,0.00,0.00,0.00
STM-CR-00271-202603,ACC-CR-00271,2026-02-23,2026-03-22,2026-03-23T13:00:00Z,2026-04-16,0.00,104.24,0.00,0.00,0.00,104.24,35.00
STM-CR-00271-202604,ACC-CR-00271,2026-03-23,2026-04-22,2026-04-23T13:00:00Z,2026-05-17,104.24,780.51,0.00,104.24,0.00,780.51,35.00
STM-CR-00271-202605,ACC-CR-00271,2026-04-23,2026-05-22,2026-05-23T13:00:00Z,2026-06-16,780.51,106.27,0.00,780.51,0.00,106.27,35.00
STM-CR-00271-202606,ACC-CR-00271,2026-05-23,2026-06-22,2026-06-23T13:00:00Z,2026-07-17,106.27,101.23,0.00,106.27,0.00,101.23,35.00
STM-CR-00271-202607,ACC-CR-00271,2026-06-23,2026-07-22,2026-07-23T13:00:00Z,2026-08-16,101.23,305.32,0.00,101.23,0.00,305.32,35.00
STM-CR-00271-202608,ACC-CR-00271,2026-07-23,2026-08-22,2026-08-23T13:00:00Z,2026-09-16,305.32,154.33,0.00,305.32,0.00,154.33,35.00
STM-CR-00271-202609,ACC-CR-00271,2026-08-23,2026-09-22,2026-09-23T13:00:00Z,2026-10-17,154.33,1351.18,0.00,154.33,0.00,1351.18,35.00
STM-CR-00272-202509,ACC-CR-00272,2025-08-31,2025-09-17,2025-09-18T13:00:00Z,2025-10-12,0.00,0.00,0.00,0.00,0.00,0.00,0.00
STM-CR-00272-202510,ACC-CR-00272,2025-09-18,2025-10-17,2025-10-18T13:00:00Z,2025-11-11,0.00,429.32,0.00,0.00,0.00,429.32,35.00
STM-CR-00272-202511,ACC-CR-00272,2025-10-18,2025-11-17,2025-11-18T14:00:00Z,2025-12-12,429.32,264.54,0.00,429.32,0.00,264.54,35.00
STM-CR-00272-202512,ACC-CR-00272,2025-11-18,2025-12-17,2025-12-18T14:00:00Z,2026-01-11,264.54,264.62,0.00,264.54,0.00,264.62,35.00
STM-CR-00272-202601,ACC-CR-00272,2025-12-18,2026-01-17,2026-01-18T14:00:00Z,2026-02-11,264.62,277.43,0.00,264.62,0.00,277.43,35.00
STM-CR-00272-202602,ACC-CR-00272,2026-01-18,2026-02-17,2026-02-18T14:00:00Z,2026-03-14,277.43,307.87,0.00,277.43,0.00,307.87,35.00
STM-CR-00272-202603,ACC-CR-00272,2026-02-18,2026-03-17,2026-03-18T13:00:00Z,2026-04-11,307.87,51.55,0.00,307.87,0.00,51.55,35.00
STM-CR-00272-202604,ACC-CR-00272,2026-03-18,2026-04-17,2026-04-18T13:00:00Z,2026-05-12,51.55,1015.24,0.00,51.55,0.00,1015.24,35.00
STM-CR-00272-202605,ACC-CR-00272,2026-04-18,2026-05-17,2026-05-18T13:00:00Z,2026-06-11,1015.24,307.12,0.00,1015.24,0.00,307.12,35.00
STM-CR-00272-202606,ACC-CR-00272,2026-05-18,2026-06-17,2026-06-18T13:00:00Z,2026-07-12,307.12,169.49,0.00,307.12,0.00,169.49,35.00
STM-CR-00272-202607,ACC-CR-00272,2026-06-18,2026-07-17,2026-07-18T13:00:00Z,2026-08-11,169.49,138.80,0.00,169.49,0.00,138.80,35.00
STM-CR-00272-202608,ACC-CR-00272,2026-07-18,2026-08-17,2026-08-18T13:00:00Z,2026-09-11,138.80,170.77,0.00,138.80,0.00,170.77,35.00
STM-CR-00272-202609,ACC-CR-00272,2026-08-18,2026-09-17,2026-09-18T13:00:00Z,2026-10-12,170.77,67.16,0.00,170.77,0.00,67.16,35.00
STM-CR-00272-202610,ACC-CR-00272,2026-09-18,2026-10-17,2026-10-18T13:00:00Z,2026-11-11,67.16,754.91,0.00,67.16,0.00,754.91,35.00
STM-CR-00273-202509,ACC-CR-00273,2025-08-31,2025-09-08,2025-09-09T13:00:00Z,2025-10-03,0.00,0.00,0.00,0.00,0.00,0.00,0.00
STM-CR-00273-202510,ACC-CR-00273,2025-09-09,2025-10-08,2025-10-09T13:00:00Z,2025-11-02,0.00,0.00,0.00,0.00,0.00,0.00,0.00
STM-CR-00273-202511,ACC-CR-00273,2025-10-09,2025-11-08,2025-11-09T14:00:00Z,2025-12-03,0.00,51.29,0.00,0.00,0.00,51.29,35.00
STM-CR-00273-202512,ACC-CR-00273,2025-11-09,2025-12-08,2025-12-09T14:00:00Z,2026-01-02,51.29,380.37,0.00,51.29,0.00,380.37,35.00
STM-CR-00273-202601,ACC-CR-00273,2025-12-09,2026-01-08,2026-01-09T14:00:00Z,2026-02-02,380.37,147.40,0.00,380.37,0.00,147.40,35.00
STM-CR-00273-202602,ACC-CR-00273,2026-01-09,2026-02-08,2026-02-09T14:00:00Z,2026-03-05,147.40,163.33,0.00,147.40,0.00,163.33,35.00
STM-CR-00273-202603,ACC-CR-00273,2026-02-09,2026-03-08,2026-03-09T13:00:00Z,2026-04-02,163.33,303.38,0.00,163.33,0.00,303.38,35.00
STM-CR-00273-202604,ACC-CR-00273,2026-03-09,2026-04-08,2026-04-09T13:00:00Z,2026-05-03,303.38,336.69,0.00,303.38,0.00,336.69,35.00
STM-CR-00273-202605,ACC-CR-00273,2026-04-09,2026-05-08,2026-05-09T13:00:00Z,2026-06-02,336.69,350.08,0.00,336.69,0.00,350.08,35.00
STM-CR-00273-202606,ACC-CR-00273,2026-05-09,2026-06-08,2026-06-09T13:00:00Z,2026-07-03,350.08,37.03,0.00,350.08,0.00,37.03,35.00
STM-CR-00273-202607,ACC-CR-00273,2026-06-09,2026-07-08,2026-07-09T13:00:00Z,2026-08-02,37.03,261.78,0.00,37.03,0.00,261.78,35.00
STM-CR-00273-202608,ACC-CR-00273,2026-07-09,2026-08-08,2026-08-09T13:00:00Z,2026-09-02,261.78,519.58,12.12,261.78,0.00,507.46,35.00
STM-CR-00273-202609,ACC-CR-00273,2026-08-09,2026-09-08,2026-09-09T13:00:00Z,2026-10-03,507.46,355.96,59.26,507.46,0.00,296.70,35.00
STM-CR-00273-202610,ACC-CR-00273,2026-09-09,2026-10-08,2026-10-09T13:00:00Z,2026-11-02,296.70,455.73,0.00,296.70,0.00,455.73,35.00
STM-CR-00274-202509,ACC-CR-00274,2025-08-31,2025-09-08,2025-09-09T13:00:00Z,2025-10-03,0.00,0.00,0.00,0.00,0.00,0.00,0.00
STM-CR-00274-202510,ACC-CR-00274,2025-09-09,2025-10-08,2025-10-09T13:00:00Z,2025-11-02,0.00,0.00,0.00,0.00,0.00,0.00,0.00
STM-CR-00274-202511,ACC-CR-00274,2025-10-09,2025-11-08,2025-11-09T14:00:00Z,2025-12-03,0.00,214.87,0.00,0.00,0.00,214.87,35.00
STM-CR-00274-202512,ACC-CR-00274,2025-11-09,2025-12-08,2025-12-09T14:00:00Z,2026-01-02,214.87,81.14,0.00,214.87,0.00,81.14,35.00
STM-CR-00274-202601,ACC-CR-00274,2025-12-09,2026-01-08,2026-01-09T14:00:00Z,2026-02-02,81.14,206.46,0.00,81.14,0.00,206.46,35.00
STM-CR-00274-202602,ACC-CR-00274,2026-01-09,2026-02-08,2026-02-09T14:00:00Z,2026-03-05,206.46,15.99,0.00,206.46,0.00,15.99,35.00
STM-CR-00274-202603,ACC-CR-00274,2026-02-09,2026-03-08,2026-03-09T13:00:00Z,2026-04-02,15.99,31.05,0.00,15.99,0.00,31.05,35.00
STM-CR-00274-202604,ACC-CR-00274,2026-03-09,2026-04-08,2026-04-09T13:00:00Z,2026-05-03,31.05,290.20,0.00,31.05,0.00,290.20,35.00
STM-CR-00274-202605,ACC-CR-00274,2026-04-09,2026-05-08,2026-05-09T13:00:00Z,2026-06-02,290.20,87.28,0.00,290.20,0.00,87.28,35.00
STM-CR-00274-202606,ACC-CR-00274,2026-05-09,2026-06-08,2026-06-09T13:00:00Z,2026-07-03,87.28,165.49,0.00,87.28,0.00,165.49,35.00
STM-CR-00274-202607,ACC-CR-00274,2026-06-09,2026-07-08,2026-07-09T13:00:00Z,2026-08-02,165.49,209.48,0.00,165.49,0.00,209.48,35.00
STM-CR-00274-202608,ACC-CR-00274,2026-07-09,2026-08-08,2026-08-09T13:00:00Z,2026-09-02,209.48,1042.77,0.00,209.48,0.00,1042.77,35.00
STM-CR-00274-202609,ACC-CR-00274,2026-08-09,2026-09-08,2026-09-09T13:00:00Z,2026-10-03,1042.77,58.31,0.00,1042.77,0.00,58.31,35.00
STM-CR-00274-202610,ACC-CR-00274,2026-09-09,2026-10-08,2026-10-09T13:00:00Z,2026-11-02,58.31,15.99,0.00,58.31,0.00,15.99,35.00
STM-CR-00275-202509,ACC-CR-00275,2025-08-31,2025-09-08,2025-09-09T13:00:00Z,2025-10-03,0.00,0.00,0.00,0.00,0.00,0.00,0.00
STM-CR-00275-202510,ACC-CR-00275,2025-09-09,2025-10-08,2025-10-09T13:00:00Z,2025-11-02,0.00,0.00,0.00,0.00,0.00,0.00,0.00
STM-CR-00275-202511,ACC-CR-00275,2025-10-09,2025-11-08,2025-11-09T14:00:00Z,2025-12-03,0.00,343.82,0.00,0.00,0.00,343.82,35.00
STM-CR-00275-202512,ACC-CR-00275,2025-11-09,2025-12-08,2025-12-09T14:00:00Z,2026-01-02,343.82,51.38,0.00,343.82,0.00,51.38,35.00
STM-CR-00275-202601,ACC-CR-00275,2025-12-09,2026-01-08,2026-01-09T14:00:00Z,2026-02-02,51.38,130.44,0.00,51.38,0.00,130.44,35.00
STM-CR-00275-202602,ACC-CR-00275,2026-01-09,2026-02-08,2026-02-09T14:00:00Z,2026-03-05,130.44,140.26,0.00,130.44,0.00,140.26,35.00
STM-CR-00275-202603,ACC-CR-00275,2026-02-09,2026-03-08,2026-03-09T13:00:00Z,2026-04-02,140.26,493.79,0.00,140.26,0.00,493.79,35.00
STM-CR-00275-202604,ACC-CR-00275,2026-03-09,2026-04-08,2026-04-09T13:00:00Z,2026-05-03,493.79,404.74,0.00,493.79,0.00,404.74,35.00
STM-CR-00275-202605,ACC-CR-00275,2026-04-09,2026-05-08,2026-05-09T13:00:00Z,2026-06-02,404.74,210.43,0.00,404.74,0.00,210.43,35.00
STM-CR-00275-202606,ACC-CR-00275,2026-05-09,2026-06-08,2026-06-09T13:00:00Z,2026-07-03,210.43,135.90,0.00,210.43,0.00,135.90,35.00
STM-CR-00275-202607,ACC-CR-00275,2026-06-09,2026-07-08,2026-07-09T13:00:00Z,2026-08-02,135.90,144.44,0.00,135.90,0.00,144.44,35.00
STM-CR-00275-202608,ACC-CR-00275,2026-07-09,2026-08-08,2026-08-09T13:00:00Z,2026-09-02,144.44,110.21,0.00,144.44,0.00,110.21,35.00
STM-CR-00275-202609,ACC-CR-00275,2026-08-09,2026-09-08,2026-09-09T13:00:00Z,2026-10-03,110.21,264.60,0.00,110.21,0.00,264.60,35.00
STM-CR-00275-202610,ACC-CR-00275,2026-09-09,2026-10-08,2026-10-09T13:00:00Z,2026-11-02,264.60,1189.95,0.00,264.60,0.00,1189.95,35.00
STM-CR-00276-202509,ACC-CR-00276,2025-08-31,2025-09-13,2025-09-14T13:00:00Z,2025-10-08,0.00,0.00,0.00,0.00,0.00,0.00,0.00
STM-CR-00276-202510,ACC-CR-00276,2025-09-14,2025-10-13,2025-10-14T13:00:00Z,2025-11-07,0.00,210.29,0.00,0.00,0.00,210.29,35.00
STM-CR-00276-202511,ACC-CR-00276,2025-10-14,2025-11-13,2025-11-14T14:00:00Z,2025-12-08,210.29,509.44,0.00,84.12,0.00,635.61,35.00
STM-CR-00276-202512,ACC-CR-00276,2025-11-14,2025-12-13,2025-12-14T14:00:00Z,2026-01-07,635.61,496.11,91.34,254.24,0.00,786.14,35.00
STM-CR-00276-202601,ACC-CR-00276,2025-12-14,2026-01-13,2026-01-14T14:00:00Z,2026-02-07,786.14,144.30,0.00,314.46,0.00,615.98,35.00
STM-CR-00276-202602,ACC-CR-00276,2026-01-14,2026-02-13,2026-02-14T14:00:00Z,2026-03-10,615.98,391.53,0.00,246.39,0.00,761.12,35.00
STM-CR-00276-202603,ACC-CR-00276,2026-02-14,2026-03-13,2026-03-14T13:00:00Z,2026-04-07,761.12,354.27,0.00,304.45,0.00,810.94,35.00
STM-CR-00276-202604,ACC-CR-00276,2026-03-14,2026-04-13,2026-04-14T13:00:00Z,2026-05-08,810.94,454.01,0.00,324.38,0.00,940.57,35.00
STM-CR-00276-202605,ACC-CR-00276,2026-04-14,2026-05-13,2026-05-14T13:00:00Z,2026-06-07,940.57,283.01,0.00,376.23,0.00,847.35,35.00
STM-CR-00276-202606,ACC-CR-00276,2026-05-14,2026-06-13,2026-06-14T13:00:00Z,2026-07-08,847.35,568.26,0.00,338.94,0.00,1076.67,35.00
STM-CR-00276-202607,ACC-CR-00276,2026-06-14,2026-07-13,2026-07-14T13:00:00Z,2026-08-07,1076.67,384.65,0.00,430.67,0.00,1030.65,35.00
STM-CR-00276-202608,ACC-CR-00276,2026-07-14,2026-08-13,2026-08-14T13:00:00Z,2026-09-07,1030.65,156.60,0.00,412.26,0.00,774.99,35.00
STM-CR-00276-202609,ACC-CR-00276,2026-08-14,2026-09-13,2026-09-14T13:00:00Z,2026-10-08,774.99,535.52,0.00,310.00,0.00,1000.51,35.00
STM-CR-00276-202610,ACC-CR-00276,2026-09-14,2026-10-13,2026-10-14T13:00:00Z,2026-11-07,1000.51,268.06,0.00,400.20,0.00,868.37,35.00
STM-CR-00277-202509,ACC-CR-00277,2025-08-31,2025-09-20,2025-09-21T13:00:00Z,2025-10-15,0.00,0.00,0.00,0.00,0.00,0.00,0.00
STM-CR-00277-202510,ACC-CR-00277,2025-09-21,2025-10-20,2025-10-21T13:00:00Z,2025-11-14,0.00,319.64,0.00,0.00,0.00,319.64,35.00
STM-CR-00277-202511,ACC-CR-00277,2025-10-21,2025-11-20,2025-11-21T14:00:00Z,2025-12-15,319.64,79.80,0.00,127.86,0.00,271.58,35.00
STM-CR-00277-202512,ACC-CR-00277,2025-11-21,2025-12-20,2025-12-21T14:00:00Z,2026-01-14,271.58,309.18,0.00,108.63,0.00,472.13,35.00
STM-CR-00277-202601,ACC-CR-00277,2025-12-21,2026-01-20,2026-01-21T14:00:00Z,2026-02-14,472.13,276.03,0.00,188.85,0.00,559.31,35.00
STM-CR-00277-202602,ACC-CR-00277,2026-01-21,2026-02-20,2026-02-21T14:00:00Z,2026-03-17,559.31,1309.79,12.93,223.72,0.00,1632.45,35.00
STM-CR-00277-202603,ACC-CR-00277,2026-02-21,2026-03-20,2026-03-21T13:00:00Z,2026-04-14,1632.45,320.63,0.00,652.98,0.00,1300.10,35.00
STM-CR-00277-202604,ACC-CR-00277,2026-03-21,2026-04-20,2026-04-21T13:00:00Z,2026-05-15,1300.10,343.36,0.00,520.04,0.00,1123.42,35.00
STM-CR-00277-202605,ACC-CR-00277,2026-04-21,2026-05-20,2026-05-21T13:00:00Z,2026-06-14,1123.42,72.27,0.00,449.37,0.00,746.32,35.00
STM-CR-00277-202606,ACC-CR-00277,2026-05-21,2026-06-20,2026-06-21T13:00:00Z,2026-07-15,746.32,343.53,0.00,298.53,0.00,791.32,35.00
STM-CR-00277-202607,ACC-CR-00277,2026-06-21,2026-07-20,2026-07-21T13:00:00Z,2026-08-14,791.32,278.16,0.00,316.53,0.00,752.95,35.00
STM-CR-00277-202608,ACC-CR-00277,2026-07-21,2026-08-20,2026-08-21T13:00:00Z,2026-09-14,752.95,232.86,0.00,301.18,0.00,684.63,35.00
STM-CR-00277-202609,ACC-CR-00277,2026-08-21,2026-09-20,2026-09-21T13:00:00Z,2026-10-15,684.63,42.05,0.00,273.85,0.00,452.83,35.00
STM-CR-00277-202610,ACC-CR-00277,2026-09-21,2026-10-20,2026-10-21T13:00:00Z,2026-11-14,452.83,318.76,0.00,181.13,0.00,590.46,35.00
STM-CR-00278-202509,ACC-CR-00278,2025-08-31,2025-09-14,2025-09-15T13:00:00Z,2025-10-09,0.00,0.00,0.00,0.00,0.00,0.00,0.00
STM-CR-00278-202510,ACC-CR-00278,2025-09-15,2025-10-14,2025-10-15T13:00:00Z,2025-11-08,0.00,926.89,0.00,0.00,0.00,926.89,35.00
STM-CR-00278-202511,ACC-CR-00278,2025-10-15,2025-11-14,2025-11-15T14:00:00Z,2025-12-09,926.89,270.70,0.00,370.76,0.00,826.83,35.00
STM-CR-00278-202512,ACC-CR-00278,2025-11-15,2025-12-14,2025-12-15T14:00:00Z,2026-01-08,826.83,337.30,0.00,330.73,0.00,833.40,35.00
STM-CR-00278-202601,ACC-CR-00278,2025-12-15,2026-01-14,2026-01-15T14:00:00Z,2026-02-08,833.40,198.05,0.00,333.36,0.00,698.09,35.00
STM-CR-00278-202602,ACC-CR-00278,2026-01-15,2026-02-14,2026-02-15T14:00:00Z,2026-03-11,698.09,870.94,0.00,279.24,0.00,1289.79,35.00
STM-CR-00278-202603,ACC-CR-00278,2026-02-15,2026-03-14,2026-03-15T13:00:00Z,2026-04-08,1289.79,148.53,0.00,515.92,0.00,922.40,35.00
STM-CR-00278-202604,ACC-CR-00278,2026-03-15,2026-04-14,2026-04-15T13:00:00Z,2026-05-09,922.40,76.63,0.00,368.96,0.00,630.07,35.00
STM-CR-00278-202605,ACC-CR-00278,2026-04-15,2026-05-14,2026-05-15T13:00:00Z,2026-06-08,630.07,226.80,0.00,252.03,0.00,604.84,35.00
STM-CR-00278-202606,ACC-CR-00278,2026-05-15,2026-06-14,2026-06-15T13:00:00Z,2026-07-09,604.84,467.72,0.00,241.94,0.00,830.62,35.00
STM-CR-00278-202607,ACC-CR-00278,2026-06-15,2026-07-14,2026-07-15T13:00:00Z,2026-08-08,830.62,344.60,0.00,332.25,0.00,842.97,35.00
STM-CR-00278-202608,ACC-CR-00278,2026-07-15,2026-08-14,2026-08-15T13:00:00Z,2026-09-08,842.97,248.49,0.00,337.19,0.00,754.27,35.00
STM-CR-00278-202609,ACC-CR-00278,2026-08-15,2026-09-14,2026-09-15T13:00:00Z,2026-10-09,754.27,316.55,0.00,301.71,0.00,769.11,35.00
STM-CR-00278-202610,ACC-CR-00278,2026-09-15,2026-10-14,2026-10-15T13:00:00Z,2026-11-08,769.11,691.90,0.00,307.64,0.00,1153.37,35.00
STM-CR-00279-202509,ACC-CR-00279,2025-08-31,2025-09-04,2025-09-05T13:00:00Z,2025-09-29,0.00,0.00,0.00,0.00,0.00,0.00,0.00
STM-CR-00279-202510,ACC-CR-00279,2025-09-05,2025-10-04,2025-10-05T13:00:00Z,2025-10-29,0.00,0.00,0.00,0.00,0.00,0.00,0.00
STM-CR-00279-202511,ACC-CR-00279,2025-10-05,2025-11-04,2025-11-05T14:00:00Z,2025-11-29,0.00,241.83,0.00,0.00,0.00,241.83,35.00
STM-CR-00279-202512,ACC-CR-00279,2025-11-05,2025-12-04,2025-12-05T14:00:00Z,2025-12-29,241.83,244.10,0.00,96.73,0.00,389.20,35.00
STM-CR-00279-202601,ACC-CR-00279,2025-12-05,2026-01-04,2026-01-05T14:00:00Z,2026-01-29,389.20,191.91,0.00,155.68,0.00,425.43,35.00
STM-CR-00279-202602,ACC-CR-00279,2026-01-05,2026-02-04,2026-02-05T14:00:00Z,2026-03-01,425.43,693.79,0.00,170.17,0.00,949.05,35.00
STM-CR-00279-202603,ACC-CR-00279,2026-02-05,2026-03-04,2026-03-05T14:00:00Z,2026-03-29,949.05,92.20,0.00,379.62,0.00,661.63,35.00
STM-CR-00279-202604,ACC-CR-00279,2026-03-05,2026-04-04,2026-04-05T13:00:00Z,2026-04-29,661.63,48.99,0.00,264.65,0.00,445.97,35.00
STM-CR-00279-202605,ACC-CR-00279,2026-04-05,2026-05-04,2026-05-05T13:00:00Z,2026-05-29,445.97,60.78,0.00,178.39,0.00,328.36,35.00
STM-CR-00279-202606,ACC-CR-00279,2026-05-05,2026-06-04,2026-06-05T13:00:00Z,2026-06-29,328.36,111.07,0.00,131.34,0.00,308.09,35.00
STM-CR-00279-202607,ACC-CR-00279,2026-06-05,2026-07-04,2026-07-05T13:00:00Z,2026-07-29,308.09,275.50,0.00,123.24,0.00,460.35,35.00
STM-CR-00279-202608,ACC-CR-00279,2026-07-05,2026-08-04,2026-08-05T13:00:00Z,2026-08-29,460.35,17.10,0.00,184.14,0.00,293.31,35.00
STM-CR-00279-202609,ACC-CR-00279,2026-08-05,2026-09-04,2026-09-05T13:00:00Z,2026-09-29,293.31,141.83,0.00,117.32,0.00,317.82,35.00
STM-CR-00279-202610,ACC-CR-00279,2026-09-05,2026-10-04,2026-10-05T13:00:00Z,2026-10-29,317.82,268.54,0.00,127.13,0.00,459.23,35.00
STM-CR-00280-202509,ACC-CR-00280,2025-08-31,2025-09-22,2025-09-23T13:00:00Z,2025-10-17,0.00,0.00,0.00,0.00,0.00,0.00,0.00
STM-CR-00280-202510,ACC-CR-00280,2025-09-23,2025-10-22,2025-10-23T13:00:00Z,2025-11-16,0.00,950.69,0.00,0.00,0.00,950.69,35.00
STM-CR-00280-202511,ACC-CR-00280,2025-10-23,2025-11-22,2025-11-23T14:00:00Z,2025-12-17,950.69,389.01,0.00,380.28,0.00,959.42,35.00
STM-CR-00280-202512,ACC-CR-00280,2025-11-23,2025-12-22,2025-12-23T14:00:00Z,2026-01-16,959.42,310.72,0.00,383.77,0.00,886.37,35.00
STM-CR-00280-202601,ACC-CR-00280,2025-12-23,2026-01-22,2026-01-23T14:00:00Z,2026-02-16,886.37,296.44,0.00,354.55,0.00,828.26,35.00
STM-CR-00280-202602,ACC-CR-00280,2026-01-23,2026-02-22,2026-02-23T14:00:00Z,2026-03-19,828.26,156.06,0.00,331.30,0.00,653.02,35.00
STM-CR-00280-202603,ACC-CR-00280,2026-02-23,2026-03-22,2026-03-23T13:00:00Z,2026-04-16,653.02,200.45,0.00,261.21,0.00,592.26,35.00
STM-CR-00280-202604,ACC-CR-00280,2026-03-23,2026-04-22,2026-04-23T13:00:00Z,2026-05-17,592.26,220.69,0.00,236.90,0.00,576.05,35.00
STM-CR-00280-202605,ACC-CR-00280,2026-04-23,2026-05-22,2026-05-23T13:00:00Z,2026-06-16,576.05,666.67,0.00,230.42,0.00,1012.30,35.00
STM-CR-00280-202606,ACC-CR-00280,2026-05-23,2026-06-22,2026-06-23T13:00:00Z,2026-07-17,1012.30,253.51,0.00,404.92,0.00,860.89,35.00
STM-CR-00280-202607,ACC-CR-00280,2026-06-23,2026-07-22,2026-07-23T13:00:00Z,2026-08-16,860.89,676.10,0.00,344.36,0.00,1192.63,35.00
STM-CR-00280-202608,ACC-CR-00280,2026-07-23,2026-08-22,2026-08-23T13:00:00Z,2026-09-16,1192.63,505.18,0.00,477.05,0.00,1220.76,35.00
STM-CR-00280-202609,ACC-CR-00280,2026-08-23,2026-09-22,2026-09-23T13:00:00Z,2026-10-17,1220.76,216.10,0.00,488.30,0.00,948.56,35.00
STM-CR-00281-202509,ACC-CR-00281,2025-08-31,2025-09-25,2025-09-26T13:00:00Z,2025-10-20,0.00,0.00,0.00,0.00,0.00,0.00,0.00
STM-CR-00281-202510,ACC-CR-00281,2025-09-26,2025-10-25,2025-10-26T13:00:00Z,2025-11-19,0.00,669.51,0.00,0.00,0.00,669.51,35.00
STM-CR-00281-202511,ACC-CR-00281,2025-10-26,2025-11-25,2025-11-26T14:00:00Z,2025-12-20,669.51,458.58,0.00,267.80,0.00,860.29,35.00
STM-CR-00281-202512,ACC-CR-00281,2025-11-26,2025-12-25,2025-12-26T14:00:00Z,2026-01-19,860.29,173.36,0.00,344.12,0.00,689.53,35.00
STM-CR-00281-202601,ACC-CR-00281,2025-12-26,2026-01-25,2026-01-26T14:00:00Z,2026-02-19,689.53,327.16,0.00,275.81,0.00,740.88,35.00
STM-CR-00281-202602,ACC-CR-00281,2026-01-26,2026-02-25,2026-02-26T14:00:00Z,2026-03-22,740.88,271.56,0.00,296.35,0.00,716.09,35.00
STM-CR-00281-202603,ACC-CR-00281,2026-02-26,2026-03-25,2026-03-26T13:00:00Z,2026-04-19,716.09,182.78,0.00,286.44,0.00,612.43,35.00
STM-CR-00281-202604,ACC-CR-00281,2026-03-26,2026-04-25,2026-04-26T13:00:00Z,2026-05-20,612.43,177.80,0.00,244.97,0.00,545.26,35.00
STM-CR-00281-202605,ACC-CR-00281,2026-04-26,2026-05-25,2026-05-26T13:00:00Z,2026-06-19,545.26,662.01,0.00,218.10,0.00,989.17,35.00
STM-CR-00281-202606,ACC-CR-00281,2026-05-26,2026-06-25,2026-06-26T13:00:00Z,2026-07-20,989.17,93.09,0.00,395.67,0.00,686.59,35.00
STM-CR-00281-202607,ACC-CR-00281,2026-06-26,2026-07-25,2026-07-26T13:00:00Z,2026-08-19,686.59,164.13,0.00,274.64,0.00,576.08,35.00
STM-CR-00281-202608,ACC-CR-00281,2026-07-26,2026-08-25,2026-08-26T13:00:00Z,2026-09-19,576.08,189.74,0.00,230.43,0.00,535.39,35.00
STM-CR-00281-202609,ACC-CR-00281,2026-08-26,2026-09-25,2026-09-26T13:00:00Z,2026-10-20,535.39,237.64,0.00,214.16,0.00,558.87,35.00
STM-CR-00282-202509,ACC-CR-00282,2025-08-31,2025-09-13,2025-09-14T13:00:00Z,2025-10-08,0.00,0.00,0.00,0.00,0.00,0.00,0.00
STM-CR-00282-202510,ACC-CR-00282,2025-09-14,2025-10-13,2025-10-14T13:00:00Z,2025-11-07,0.00,58.02,0.00,0.00,0.00,58.02,35.00
STM-CR-00282-202511,ACC-CR-00282,2025-10-14,2025-11-13,2025-11-14T14:00:00Z,2025-12-08,58.02,373.49,0.00,58.02,0.00,373.49,35.00
STM-CR-00282-202512,ACC-CR-00282,2025-11-14,2025-12-13,2025-12-14T14:00:00Z,2026-01-07,373.49,32.50,0.00,373.49,0.00,32.50,35.00
STM-CR-00282-202601,ACC-CR-00282,2025-12-14,2026-01-13,2026-01-14T14:00:00Z,2026-02-07,32.50,427.94,0.00,32.50,0.00,427.94,35.00
STM-CR-00282-202602,ACC-CR-00282,2026-01-14,2026-02-13,2026-02-14T14:00:00Z,2026-03-10,427.94,136.63,0.00,427.94,0.00,136.63,35.00
STM-CR-00282-202603,ACC-CR-00282,2026-02-14,2026-03-13,2026-03-14T13:00:00Z,2026-04-07,136.63,279.04,0.00,136.63,0.00,279.04,35.00
STM-CR-00282-202604,ACC-CR-00282,2026-03-14,2026-04-13,2026-04-14T13:00:00Z,2026-05-08,279.04,158.33,0.00,279.04,0.00,158.33,35.00
STM-CR-00282-202605,ACC-CR-00282,2026-04-14,2026-05-13,2026-05-14T13:00:00Z,2026-06-07,158.33,307.90,0.00,158.33,0.00,307.90,35.00
STM-CR-00282-202606,ACC-CR-00282,2026-05-14,2026-06-13,2026-06-14T13:00:00Z,2026-07-08,307.90,193.13,0.00,307.90,0.00,193.13,35.00
STM-CR-00282-202607,ACC-CR-00282,2026-06-14,2026-07-13,2026-07-14T13:00:00Z,2026-08-07,193.13,111.98,0.00,193.13,0.00,111.98,35.00
STM-CR-00282-202608,ACC-CR-00282,2026-07-14,2026-08-13,2026-08-14T13:00:00Z,2026-09-07,111.98,109.58,0.00,111.98,0.00,109.58,35.00
STM-CR-00282-202609,ACC-CR-00282,2026-08-14,2026-09-13,2026-09-14T13:00:00Z,2026-10-08,109.58,226.34,0.00,109.58,0.00,226.34,35.00
STM-CR-00282-202610,ACC-CR-00282,2026-09-14,2026-10-13,2026-10-14T13:00:00Z,2026-11-07,226.34,100.73,0.00,226.34,0.00,100.73,35.00
STM-CR-00283-202509,ACC-CR-00283,2025-08-31,2025-09-16,2025-09-17T13:00:00Z,2025-10-11,0.00,0.00,0.00,0.00,0.00,0.00,0.00
STM-CR-00283-202510,ACC-CR-00283,2025-09-17,2025-10-16,2025-10-17T13:00:00Z,2025-11-10,0.00,152.74,0.00,0.00,0.00,152.74,35.00
STM-CR-00283-202511,ACC-CR-00283,2025-10-17,2025-11-16,2025-11-17T14:00:00Z,2025-12-11,152.74,195.11,0.00,152.74,0.00,195.11,35.00
STM-CR-00283-202512,ACC-CR-00283,2025-11-17,2025-12-16,2025-12-17T14:00:00Z,2026-01-10,195.11,346.62,0.00,195.11,0.00,346.62,35.00
STM-CR-00283-202601,ACC-CR-00283,2025-12-17,2026-01-16,2026-01-17T14:00:00Z,2026-02-10,346.62,206.74,0.00,346.62,0.00,206.74,35.00
STM-CR-00283-202602,ACC-CR-00283,2026-01-17,2026-02-16,2026-02-17T14:00:00Z,2026-03-13,206.74,768.43,0.00,206.74,0.00,768.43,35.00
STM-CR-00283-202603,ACC-CR-00283,2026-02-17,2026-03-16,2026-03-17T13:00:00Z,2026-04-10,768.43,364.44,0.00,768.43,0.00,364.44,35.00
STM-CR-00283-202604,ACC-CR-00283,2026-03-17,2026-04-16,2026-04-17T13:00:00Z,2026-05-11,364.44,213.36,0.00,364.44,0.00,213.36,35.00
STM-CR-00283-202605,ACC-CR-00283,2026-04-17,2026-05-16,2026-05-17T13:00:00Z,2026-06-10,213.36,90.68,0.00,213.36,0.00,90.68,35.00
STM-CR-00283-202606,ACC-CR-00283,2026-05-17,2026-06-16,2026-06-17T13:00:00Z,2026-07-11,90.68,253.88,0.00,90.68,0.00,253.88,35.00
STM-CR-00283-202607,ACC-CR-00283,2026-06-17,2026-07-16,2026-07-17T13:00:00Z,2026-08-10,253.88,212.14,0.00,253.88,0.00,212.14,35.00
STM-CR-00283-202608,ACC-CR-00283,2026-07-17,2026-08-16,2026-08-17T13:00:00Z,2026-09-10,212.14,200.96,0.00,212.14,0.00,200.96,35.00
STM-CR-00283-202609,ACC-CR-00283,2026-08-17,2026-09-16,2026-09-17T13:00:00Z,2026-10-11,200.96,863.32,0.00,200.96,0.00,863.32,35.00
STM-CR-00283-202610,ACC-CR-00283,2026-09-17,2026-10-16,2026-10-17T13:00:00Z,2026-11-10,863.32,1030.53,0.00,863.32,0.00,1030.53,35.00
STM-CR-00284-202509,ACC-CR-00284,2025-08-31,2025-09-11,2025-09-12T13:00:00Z,2025-10-06,0.00,0.00,0.00,0.00,0.00,0.00,0.00
STM-CR-00284-202510,ACC-CR-00284,2025-09-12,2025-10-11,2025-10-12T13:00:00Z,2025-11-05,0.00,72.13,0.00,0.00,0.00,72.13,35.00
STM-CR-00284-202511,ACC-CR-00284,2025-10-12,2025-11-11,2025-11-12T14:00:00Z,2025-12-06,72.13,336.12,0.00,28.85,0.00,379.40,35.00
STM-CR-00284-202512,ACC-CR-00284,2025-11-12,2025-12-11,2025-12-12T14:00:00Z,2026-01-05,379.40,85.89,0.00,151.76,0.00,313.53,35.00
STM-CR-00284-202601,ACC-CR-00284,2025-12-12,2026-01-11,2026-01-12T14:00:00Z,2026-02-05,313.53,219.89,0.00,125.41,0.00,408.01,35.00
STM-CR-00284-202602,ACC-CR-00284,2026-01-12,2026-02-11,2026-02-12T14:00:00Z,2026-03-08,408.01,321.51,0.00,163.20,0.00,566.32,35.00
STM-CR-00284-202603,ACC-CR-00284,2026-02-12,2026-03-11,2026-03-12T13:00:00Z,2026-04-05,566.32,481.98,5.89,226.53,0.00,815.88,35.00
STM-CR-00284-202604,ACC-CR-00284,2026-03-12,2026-04-11,2026-04-12T13:00:00Z,2026-05-06,815.88,198.96,0.00,326.35,0.00,688.49,35.00
STM-CR-00284-202605,ACC-CR-00284,2026-04-12,2026-05-11,2026-05-12T13:00:00Z,2026-06-05,688.49,311.33,0.00,275.40,0.00,724.42,35.00
STM-CR-00284-202606,ACC-CR-00284,2026-05-12,2026-06-11,2026-06-12T13:00:00Z,2026-07-06,724.42,314.20,0.00,289.77,0.00,748.85,35.00
STM-CR-00284-202607,ACC-CR-00284,2026-06-12,2026-07-11,2026-07-12T13:00:00Z,2026-08-05,748.85,144.81,0.00,299.54,0.00,594.12,35.00
STM-CR-00284-202608,ACC-CR-00284,2026-07-12,2026-08-11,2026-08-12T13:00:00Z,2026-09-05,594.12,307.06,0.00,237.65,0.00,663.53,35.00
STM-CR-00284-202609,ACC-CR-00284,2026-08-12,2026-09-11,2026-09-12T13:00:00Z,2026-10-06,663.53,255.58,0.00,265.41,0.00,653.70,35.00
STM-CR-00284-202610,ACC-CR-00284,2026-09-12,2026-10-11,2026-10-12T13:00:00Z,2026-11-05,653.70,219.49,0.00,261.48,0.00,611.71,35.00
STM-CR-00285-202509,ACC-CR-00285,2025-08-31,2025-09-03,2025-09-04T13:00:00Z,2025-09-28,0.00,0.00,0.00,0.00,0.00,0.00,0.00
STM-CR-00285-202510,ACC-CR-00285,2025-09-04,2025-10-03,2025-10-04T13:00:00Z,2025-10-28,0.00,108.47,0.00,0.00,0.00,108.47,35.00
STM-CR-00285-202511,ACC-CR-00285,2025-10-04,2025-11-03,2025-11-04T14:00:00Z,2025-11-28,108.47,228.00,0.00,108.47,0.00,228.00,35.00
STM-CR-00285-202512,ACC-CR-00285,2025-11-04,2025-12-03,2025-12-04T14:00:00Z,2025-12-28,228.00,195.20,0.00,228.00,0.00,195.20,35.00
STM-CR-00285-202601,ACC-CR-00285,2025-12-04,2026-01-03,2026-01-04T14:00:00Z,2026-01-28,195.20,345.23,0.00,195.20,0.00,345.23,35.00
STM-CR-00285-202602,ACC-CR-00285,2026-01-04,2026-02-03,2026-02-04T14:00:00Z,2026-02-28,345.23,246.61,0.00,345.23,0.00,246.61,35.00
STM-CR-00285-202603,ACC-CR-00285,2026-02-04,2026-03-03,2026-03-04T14:00:00Z,2026-03-28,246.61,358.86,0.00,246.61,0.00,358.86,35.00
STM-CR-00285-202604,ACC-CR-00285,2026-03-04,2026-04-03,2026-04-04T13:00:00Z,2026-04-28,358.86,258.46,0.00,358.86,0.00,258.46,35.00
STM-CR-00285-202605,ACC-CR-00285,2026-04-04,2026-05-03,2026-05-04T13:00:00Z,2026-05-28,258.46,405.03,0.00,258.46,0.00,405.03,35.00
STM-CR-00285-202606,ACC-CR-00285,2026-05-04,2026-06-03,2026-06-04T13:00:00Z,2026-06-28,405.03,235.46,0.00,405.03,0.00,235.46,35.00
STM-CR-00285-202607,ACC-CR-00285,2026-06-04,2026-07-03,2026-07-04T13:00:00Z,2026-07-28,235.46,367.54,0.00,235.46,0.00,367.54,35.00
STM-CR-00285-202608,ACC-CR-00285,2026-07-04,2026-08-03,2026-08-04T13:00:00Z,2026-08-28,367.54,438.32,0.00,367.54,0.00,438.32,35.00
STM-CR-00285-202609,ACC-CR-00285,2026-08-04,2026-09-03,2026-09-04T13:00:00Z,2026-09-28,438.32,122.78,0.00,438.32,0.00,122.78,35.00
STM-CR-00285-202610,ACC-CR-00285,2026-09-04,2026-10-03,2026-10-04T13:00:00Z,2026-10-28,122.78,137.76,0.00,122.78,0.00,137.76,35.00
STM-CR-00286-202509,ACC-CR-00286,2025-08-31,2025-09-10,2025-09-11T13:00:00Z,2025-10-05,0.00,0.00,0.00,0.00,0.00,0.00,0.00
STM-CR-00286-202510,ACC-CR-00286,2025-09-11,2025-10-10,2025-10-11T13:00:00Z,2025-11-04,0.00,130.68,0.00,0.00,0.00,130.68,35.00
STM-CR-00286-202511,ACC-CR-00286,2025-10-11,2025-11-10,2025-11-11T14:00:00Z,2025-12-05,130.68,810.29,0.00,130.68,0.00,810.29,35.00
STM-CR-00286-202512,ACC-CR-00286,2025-11-11,2025-12-10,2025-12-11T14:00:00Z,2026-01-04,810.29,943.68,0.00,810.29,0.00,943.68,35.00
STM-CR-00286-202601,ACC-CR-00286,2025-12-11,2026-01-10,2026-01-11T14:00:00Z,2026-02-04,943.68,248.49,0.00,943.68,0.00,248.49,35.00
STM-CR-00286-202602,ACC-CR-00286,2026-01-11,2026-02-10,2026-02-11T14:00:00Z,2026-03-07,248.49,143.79,0.00,248.49,0.00,143.79,35.00
STM-CR-00286-202603,ACC-CR-00286,2026-02-11,2026-03-10,2026-03-11T13:00:00Z,2026-04-04,143.79,716.54,0.00,143.79,0.00,716.54,35.00
STM-CR-00286-202604,ACC-CR-00286,2026-03-11,2026-04-10,2026-04-11T13:00:00Z,2026-05-05,716.54,82.36,0.00,716.54,0.00,82.36,35.00
STM-CR-00286-202605,ACC-CR-00286,2026-04-11,2026-05-10,2026-05-11T13:00:00Z,2026-06-04,82.36,881.76,0.00,82.36,0.00,881.76,35.00
STM-CR-00286-202606,ACC-CR-00286,2026-05-11,2026-06-10,2026-06-11T13:00:00Z,2026-07-05,881.76,75.26,0.00,881.76,0.00,75.26,35.00
STM-CR-00286-202607,ACC-CR-00286,2026-06-11,2026-07-10,2026-07-11T13:00:00Z,2026-08-04,75.26,197.04,0.00,75.26,0.00,197.04,35.00
STM-CR-00286-202608,ACC-CR-00286,2026-07-11,2026-08-10,2026-08-11T13:00:00Z,2026-09-04,197.04,358.15,0.00,197.04,0.00,358.15,35.00
STM-CR-00286-202609,ACC-CR-00286,2026-08-11,2026-09-10,2026-09-11T13:00:00Z,2026-10-05,358.15,500.18,0.00,358.15,0.00,500.18,35.00
STM-CR-00286-202610,ACC-CR-00286,2026-09-11,2026-10-10,2026-10-11T13:00:00Z,2026-11-04,500.18,651.00,0.00,500.18,0.00,651.00,35.00
STM-CR-00287-202509,ACC-CR-00287,2025-08-31,2025-09-06,2025-09-07T13:00:00Z,2025-10-01,0.00,0.00,0.00,0.00,0.00,0.00,0.00
STM-CR-00287-202510,ACC-CR-00287,2025-09-07,2025-10-06,2025-10-07T13:00:00Z,2025-10-31,0.00,22.90,0.00,0.00,0.00,22.90,35.00
STM-CR-00287-202511,ACC-CR-00287,2025-10-07,2025-11-06,2025-11-07T14:00:00Z,2025-12-01,22.90,201.77,0.00,9.16,0.00,215.51,35.00
STM-CR-00287-202512,ACC-CR-00287,2025-11-07,2025-12-06,2025-12-07T14:00:00Z,2025-12-31,215.51,334.59,0.00,86.20,0.00,463.90,35.00
STM-CR-00287-202601,ACC-CR-00287,2025-12-07,2026-01-06,2026-01-07T14:00:00Z,2026-01-31,463.90,349.89,0.00,185.56,0.00,628.23,35.00
STM-CR-00287-202602,ACC-CR-00287,2026-01-07,2026-02-06,2026-02-07T14:00:00Z,2026-03-03,628.23,513.20,0.00,251.29,0.00,890.14,35.00
STM-CR-00287-202603,ACC-CR-00287,2026-02-07,2026-03-06,2026-03-07T14:00:00Z,2026-03-31,890.14,129.36,0.00,356.06,0.00,663.44,35.00
STM-CR-00287-202604,ACC-CR-00287,2026-03-07,2026-04-06,2026-04-07T13:00:00Z,2026-05-01,663.44,146.84,0.00,265.38,0.00,544.90,35.00
STM-CR-00287-202605,ACC-CR-00287,2026-04-07,2026-05-06,2026-05-07T13:00:00Z,2026-05-31,544.90,254.79,0.00,217.96,0.00,581.73,35.00
STM-CR-00287-202606,ACC-CR-00287,2026-05-07,2026-06-06,2026-06-07T13:00:00Z,2026-07-01,581.73,469.85,0.00,232.69,0.00,818.89,35.00
STM-CR-00287-202607,ACC-CR-00287,2026-06-07,2026-07-06,2026-07-07T13:00:00Z,2026-07-31,818.89,82.05,0.00,327.56,0.00,573.38,35.00
STM-CR-00287-202608,ACC-CR-00287,2026-07-07,2026-08-06,2026-08-07T13:00:00Z,2026-08-31,573.38,154.12,0.00,229.35,0.00,498.15,35.00
STM-CR-00287-202609,ACC-CR-00287,2026-08-07,2026-09-06,2026-09-07T13:00:00Z,2026-10-01,498.15,817.26,0.00,199.26,0.00,1116.15,35.00
STM-CR-00287-202610,ACC-CR-00287,2026-09-07,2026-10-06,2026-10-07T13:00:00Z,2026-10-31,1116.15,158.99,0.00,446.46,0.00,828.68,35.00
STM-CR-00288-202509,ACC-CR-00288,2025-08-31,2025-09-01,2025-09-02T13:00:00Z,2025-09-26,0.00,0.00,0.00,0.00,0.00,0.00,0.00
STM-CR-00288-202510,ACC-CR-00288,2025-09-02,2025-10-01,2025-10-02T13:00:00Z,2025-10-26,0.00,0.00,0.00,0.00,0.00,0.00,0.00
STM-CR-00288-202511,ACC-CR-00288,2025-10-02,2025-11-01,2025-11-02T14:00:00Z,2025-11-26,0.00,168.18,0.00,0.00,0.00,168.18,35.00
STM-CR-00288-202512,ACC-CR-00288,2025-11-02,2025-12-01,2025-12-02T14:00:00Z,2025-12-26,168.18,24.60,0.00,168.18,0.00,24.60,35.00
STM-CR-00288-202601,ACC-CR-00288,2025-12-02,2026-01-01,2026-01-02T14:00:00Z,2026-01-26,24.60,751.92,0.00,24.60,0.00,751.92,35.00
STM-CR-00288-202602,ACC-CR-00288,2026-01-02,2026-02-01,2026-02-02T14:00:00Z,2026-02-26,751.92,133.54,0.00,751.92,0.00,133.54,35.00
STM-CR-00288-202603,ACC-CR-00288,2026-02-02,2026-03-01,2026-03-02T14:00:00Z,2026-03-26,133.54,482.72,0.00,133.54,0.00,482.72,35.00
STM-CR-00288-202604,ACC-CR-00288,2026-03-02,2026-04-01,2026-04-02T13:00:00Z,2026-04-26,482.72,66.76,0.00,482.72,0.00,66.76,35.00
STM-CR-00288-202605,ACC-CR-00288,2026-04-02,2026-05-01,2026-05-02T13:00:00Z,2026-05-26,66.76,360.66,0.00,66.76,0.00,360.66,35.00
STM-CR-00288-202606,ACC-CR-00288,2026-05-02,2026-06-01,2026-06-02T13:00:00Z,2026-06-26,360.66,55.84,0.00,360.66,0.00,55.84,35.00
STM-CR-00288-202607,ACC-CR-00288,2026-06-02,2026-07-01,2026-07-02T13:00:00Z,2026-07-26,55.84,392.34,0.00,55.84,0.00,392.34,35.00
STM-CR-00288-202608,ACC-CR-00288,2026-07-02,2026-08-01,2026-08-02T13:00:00Z,2026-08-26,392.34,161.26,0.00,392.34,0.00,161.26,35.00
STM-CR-00288-202609,ACC-CR-00288,2026-08-02,2026-09-01,2026-09-02T13:00:00Z,2026-09-26,161.26,214.89,0.00,161.26,0.00,214.89,35.00
STM-CR-00288-202610,ACC-CR-00288,2026-09-02,2026-10-01,2026-10-02T13:00:00Z,2026-10-26,214.89,206.57,0.00,214.89,0.00,206.57,35.00
STM-CR-00289-202509,ACC-CR-00289,2025-08-31,2025-09-06,2025-09-07T13:00:00Z,2025-10-01,0.00,0.00,0.00,0.00,0.00,0.00,0.00
STM-CR-00289-202510,ACC-CR-00289,2025-09-07,2025-10-06,2025-10-07T13:00:00Z,2025-10-31,0.00,0.00,0.00,0.00,0.00,0.00,0.00
STM-CR-00289-202511,ACC-CR-00289,2025-10-07,2025-11-06,2025-11-07T14:00:00Z,2025-12-01,0.00,344.31,0.00,0.00,0.00,344.31,35.00
STM-CR-00289-202512,ACC-CR-00289,2025-11-07,2025-12-06,2025-12-07T14:00:00Z,2025-12-31,344.31,250.06,0.00,344.31,0.00,250.06,35.00
STM-CR-00289-202601,ACC-CR-00289,2025-12-07,2026-01-06,2026-01-07T14:00:00Z,2026-01-31,250.06,143.90,0.00,250.06,0.00,143.90,35.00
STM-CR-00289-202602,ACC-CR-00289,2026-01-07,2026-02-06,2026-02-07T14:00:00Z,2026-03-03,143.90,146.39,0.00,143.90,0.00,146.39,35.00
STM-CR-00289-202603,ACC-CR-00289,2026-02-07,2026-03-06,2026-03-07T14:00:00Z,2026-03-31,146.39,417.14,0.00,146.39,0.00,417.14,35.00
STM-CR-00289-202604,ACC-CR-00289,2026-03-07,2026-04-06,2026-04-07T13:00:00Z,2026-05-01,417.14,298.03,0.00,417.14,0.00,298.03,35.00
STM-CR-00289-202605,ACC-CR-00289,2026-04-07,2026-05-06,2026-05-07T13:00:00Z,2026-05-31,298.03,204.59,0.00,298.03,0.00,204.59,35.00
STM-CR-00289-202606,ACC-CR-00289,2026-05-07,2026-06-06,2026-06-07T13:00:00Z,2026-07-01,204.59,295.43,0.00,204.59,0.00,295.43,35.00
STM-CR-00289-202607,ACC-CR-00289,2026-06-07,2026-07-06,2026-07-07T13:00:00Z,2026-07-31,295.43,199.81,0.00,295.43,0.00,199.81,35.00
STM-CR-00289-202608,ACC-CR-00289,2026-07-07,2026-08-06,2026-08-07T13:00:00Z,2026-08-31,199.81,336.36,0.00,199.81,0.00,336.36,35.00
STM-CR-00289-202609,ACC-CR-00289,2026-08-07,2026-09-06,2026-09-07T13:00:00Z,2026-10-01,336.36,412.61,0.00,336.36,0.00,412.61,35.00
STM-CR-00289-202610,ACC-CR-00289,2026-09-07,2026-10-06,2026-10-07T13:00:00Z,2026-10-31,412.61,376.77,0.00,412.61,0.00,376.77,35.00
STM-CR-00290-202509,ACC-CR-00290,2025-08-31,2025-09-25,2025-09-26T13:00:00Z,2025-10-20,0.00,0.00,0.00,0.00,0.00,0.00,0.00
STM-CR-00290-202510,ACC-CR-00290,2025-09-26,2025-10-25,2025-10-26T13:00:00Z,2025-11-19,0.00,323.61,0.00,0.00,0.00,323.61,35.00
STM-CR-00290-202511,ACC-CR-00290,2025-10-26,2025-11-25,2025-11-26T14:00:00Z,2025-12-20,323.61,402.48,0.00,323.61,0.00,402.48,35.00
STM-CR-00290-202512,ACC-CR-00290,2025-11-26,2025-12-25,2025-12-26T14:00:00Z,2026-01-19,402.48,324.72,0.00,402.48,0.00,324.72,35.00
STM-CR-00290-202601,ACC-CR-00290,2025-12-26,2026-01-25,2026-01-26T14:00:00Z,2026-02-19,324.72,252.46,0.00,324.72,0.00,252.46,35.00
STM-CR-00290-202602,ACC-CR-00290,2026-01-26,2026-02-25,2026-02-26T14:00:00Z,2026-03-22,252.46,360.46,0.00,252.46,0.00,360.46,35.00
STM-CR-00290-202603,ACC-CR-00290,2026-02-26,2026-03-25,2026-03-26T13:00:00Z,2026-04-19,360.46,398.98,0.00,360.46,0.00,398.98,35.00
STM-CR-00290-202604,ACC-CR-00290,2026-03-26,2026-04-25,2026-04-26T13:00:00Z,2026-05-20,398.98,289.97,0.00,398.98,0.00,289.97,35.00
STM-CR-00290-202605,ACC-CR-00290,2026-04-26,2026-05-25,2026-05-26T13:00:00Z,2026-06-19,289.97,309.26,0.00,289.97,0.00,309.26,35.00
STM-CR-00290-202606,ACC-CR-00290,2026-05-26,2026-06-25,2026-06-26T13:00:00Z,2026-07-20,309.26,204.48,0.00,309.26,0.00,204.48,35.00
STM-CR-00290-202607,ACC-CR-00290,2026-06-26,2026-07-25,2026-07-26T13:00:00Z,2026-08-19,204.48,265.70,0.00,204.48,0.00,265.70,35.00
STM-CR-00290-202608,ACC-CR-00290,2026-07-26,2026-08-25,2026-08-26T13:00:00Z,2026-09-19,265.70,372.18,0.00,265.70,0.00,372.18,35.00
STM-CR-00290-202609,ACC-CR-00290,2026-08-26,2026-09-25,2026-09-26T13:00:00Z,2026-10-20,372.18,403.57,0.00,372.18,0.00,403.57,35.00
STM-CR-00291-202509,ACC-CR-00291,2025-08-31,2025-09-01,2025-09-02T13:00:00Z,2025-09-26,0.00,0.00,0.00,0.00,0.00,0.00,0.00
STM-CR-00291-202510,ACC-CR-00291,2025-09-02,2025-10-01,2025-10-02T13:00:00Z,2025-10-26,0.00,0.00,0.00,0.00,0.00,0.00,0.00
STM-CR-00291-202511,ACC-CR-00291,2025-10-02,2025-11-01,2025-11-02T14:00:00Z,2025-11-26,0.00,289.25,0.00,0.00,0.00,289.25,35.00
STM-CR-00291-202512,ACC-CR-00291,2025-11-02,2025-12-01,2025-12-02T14:00:00Z,2025-12-26,289.25,735.48,0.00,115.70,0.00,909.03,35.00
STM-CR-00291-202601,ACC-CR-00291,2025-12-02,2026-01-01,2026-01-02T14:00:00Z,2026-01-26,909.03,403.40,0.00,363.61,0.00,948.82,35.00
STM-CR-00291-202602,ACC-CR-00291,2026-01-02,2026-02-01,2026-02-02T14:00:00Z,2026-02-26,948.82,530.79,0.00,379.53,0.00,1100.08,35.00
STM-CR-00291-202603,ACC-CR-00291,2026-02-02,2026-03-01,2026-03-02T14:00:00Z,2026-03-26,1100.08,115.18,0.00,440.03,0.00,775.23,35.00
STM-CR-00291-202604,ACC-CR-00291,2026-03-02,2026-04-01,2026-04-02T13:00:00Z,2026-04-26,775.23,420.00,0.00,310.09,0.00,885.14,35.00
STM-CR-00291-202605,ACC-CR-00291,2026-04-02,2026-05-01,2026-05-02T13:00:00Z,2026-05-26,885.14,96.74,0.00,354.06,0.00,627.82,35.00
STM-CR-00291-202606,ACC-CR-00291,2026-05-02,2026-06-01,2026-06-02T13:00:00Z,2026-06-26,627.82,201.71,0.00,251.13,0.00,578.40,35.00
STM-CR-00291-202607,ACC-CR-00291,2026-06-02,2026-07-01,2026-07-02T13:00:00Z,2026-07-26,578.40,319.82,0.00,231.36,0.00,666.86,35.00
STM-CR-00291-202608,ACC-CR-00291,2026-07-02,2026-08-01,2026-08-02T13:00:00Z,2026-08-26,666.86,220.16,0.00,266.74,0.00,620.28,35.00
STM-CR-00291-202609,ACC-CR-00291,2026-08-02,2026-09-01,2026-09-02T13:00:00Z,2026-09-26,620.28,502.87,0.00,248.11,0.00,875.04,35.00
STM-CR-00291-202610,ACC-CR-00291,2026-09-02,2026-10-01,2026-10-02T13:00:00Z,2026-10-26,875.04,680.17,0.00,350.02,0.00,1205.19,35.00
STM-CR-00292-202509,ACC-CR-00292,2025-08-31,2025-09-28,2025-09-29T13:00:00Z,2025-10-23,0.00,0.00,0.00,0.00,0.00,0.00,0.00
STM-CR-00292-202510,ACC-CR-00292,2025-09-29,2025-10-28,2025-10-29T13:00:00Z,2025-11-22,0.00,232.01,0.00,0.00,0.00,232.01,35.00
STM-CR-00292-202511,ACC-CR-00292,2025-10-29,2025-11-28,2025-11-29T14:00:00Z,2025-12-23,232.01,645.53,0.00,232.01,0.00,645.53,35.00
STM-CR-00292-202512,ACC-CR-00292,2025-11-29,2025-12-28,2025-12-29T14:00:00Z,2026-01-22,645.53,299.56,0.00,645.53,0.00,299.56,35.00
STM-CR-00292-202601,ACC-CR-00292,2025-12-29,2026-01-28,2026-01-29T14:00:00Z,2026-02-22,299.56,853.05,0.00,299.56,0.00,853.05,35.00
STM-CR-00292-202602,ACC-CR-00292,2026-01-29,2026-02-28,2026-03-01T14:00:00Z,2026-03-25,853.05,354.92,0.00,853.05,0.00,354.92,35.00
STM-CR-00292-202603,ACC-CR-00292,2026-03-01,2026-03-28,2026-03-29T13:00:00Z,2026-04-22,354.92,311.30,0.00,354.92,0.00,311.30,35.00
STM-CR-00292-202604,ACC-CR-00292,2026-03-29,2026-04-28,2026-04-29T13:00:00Z,2026-05-23,311.30,104.53,0.00,311.30,0.00,104.53,35.00
STM-CR-00292-202605,ACC-CR-00292,2026-04-29,2026-05-28,2026-05-29T13:00:00Z,2026-06-22,104.53,399.45,0.00,104.53,0.00,399.45,35.00
STM-CR-00292-202606,ACC-CR-00292,2026-05-29,2026-06-28,2026-06-29T13:00:00Z,2026-07-23,399.45,489.00,0.00,399.45,0.00,489.00,35.00
STM-CR-00292-202607,ACC-CR-00292,2026-06-29,2026-07-28,2026-07-29T13:00:00Z,2026-08-22,489.00,287.56,0.00,489.00,0.00,287.56,35.00
STM-CR-00292-202608,ACC-CR-00292,2026-07-29,2026-08-28,2026-08-29T13:00:00Z,2026-09-22,287.56,335.62,0.00,287.56,0.00,335.62,35.00
STM-CR-00292-202609,ACC-CR-00292,2026-08-29,2026-09-28,2026-09-29T13:00:00Z,2026-10-23,335.62,245.64,0.00,335.62,0.00,245.64,35.00
STM-CR-00293-202509,ACC-CR-00293,2025-08-31,2025-09-20,2025-09-21T13:00:00Z,2025-10-15,0.00,0.00,0.00,0.00,0.00,0.00,0.00
STM-CR-00293-202510,ACC-CR-00293,2025-09-21,2025-10-20,2025-10-21T13:00:00Z,2025-11-14,0.00,247.11,0.00,0.00,0.00,247.11,35.00
STM-CR-00293-202511,ACC-CR-00293,2025-10-21,2025-11-20,2025-11-21T14:00:00Z,2025-12-15,247.11,138.63,0.00,247.11,0.00,138.63,35.00
STM-CR-00293-202512,ACC-CR-00293,2025-11-21,2025-12-20,2025-12-21T14:00:00Z,2026-01-14,138.63,954.54,0.00,138.63,0.00,954.54,35.00
STM-CR-00293-202601,ACC-CR-00293,2025-12-21,2026-01-20,2026-01-21T14:00:00Z,2026-02-14,954.54,244.75,0.00,954.54,0.00,244.75,35.00
STM-CR-00293-202602,ACC-CR-00293,2026-01-21,2026-02-20,2026-02-21T14:00:00Z,2026-03-17,244.75,157.78,0.00,244.75,0.00,157.78,35.00
STM-CR-00293-202603,ACC-CR-00293,2026-02-21,2026-03-20,2026-03-21T13:00:00Z,2026-04-14,157.78,1147.92,0.00,157.78,0.00,1147.92,35.00
STM-CR-00293-202604,ACC-CR-00293,2026-03-21,2026-04-20,2026-04-21T13:00:00Z,2026-05-15,1147.92,162.83,0.00,1147.92,0.00,162.83,35.00
STM-CR-00293-202605,ACC-CR-00293,2026-04-21,2026-05-20,2026-05-21T13:00:00Z,2026-06-14,162.83,161.20,0.00,162.83,0.00,161.20,35.00
STM-CR-00293-202606,ACC-CR-00293,2026-05-21,2026-06-20,2026-06-21T13:00:00Z,2026-07-15,161.20,217.09,0.00,161.20,0.00,217.09,35.00
STM-CR-00293-202607,ACC-CR-00293,2026-06-21,2026-07-20,2026-07-21T13:00:00Z,2026-08-14,217.09,342.04,0.00,217.09,0.00,342.04,35.00
STM-CR-00293-202608,ACC-CR-00293,2026-07-21,2026-08-20,2026-08-21T13:00:00Z,2026-09-14,342.04,200.17,0.00,342.04,0.00,200.17,35.00
STM-CR-00293-202609,ACC-CR-00293,2026-08-21,2026-09-20,2026-09-21T13:00:00Z,2026-10-15,200.17,299.88,0.00,200.17,0.00,299.88,35.00
STM-CR-00293-202610,ACC-CR-00293,2026-09-21,2026-10-20,2026-10-21T13:00:00Z,2026-11-14,299.88,930.45,0.00,299.88,0.00,930.45,35.00
STM-CR-00294-202607,ACC-CR-00294,2026-06-11,2026-07-03,2026-07-04T13:00:00Z,2026-07-28,0.00,193.26,0.00,0.00,0.00,193.26,35.00
STM-CR-00294-202608,ACC-CR-00294,2026-07-04,2026-08-03,2026-08-04T13:00:00Z,2026-08-28,193.26,450.19,0.00,193.26,0.00,450.19,35.00
STM-CR-00294-202609,ACC-CR-00294,2026-08-04,2026-09-03,2026-09-04T13:00:00Z,2026-09-28,450.19,267.33,0.00,450.19,0.00,267.33,35.00
STM-CR-00294-202610,ACC-CR-00294,2026-09-04,2026-10-03,2026-10-04T13:00:00Z,2026-10-28,267.33,346.66,0.00,267.33,0.00,346.66,35.00
STM-CR-00295-202509,ACC-CR-00295,2025-08-31,2025-09-16,2025-09-17T13:00:00Z,2025-10-11,0.00,0.00,0.00,0.00,0.00,0.00,0.00
STM-CR-00295-202510,ACC-CR-00295,2025-09-17,2025-10-16,2025-10-17T13:00:00Z,2025-11-10,0.00,136.54,0.00,0.00,0.00,136.54,35.00
STM-CR-00295-202511,ACC-CR-00295,2025-10-17,2025-11-16,2025-11-17T14:00:00Z,2025-12-11,136.54,369.40,0.00,136.54,0.00,369.40,35.00
STM-CR-00295-202512,ACC-CR-00295,2025-11-17,2025-12-16,2025-12-17T14:00:00Z,2026-01-10,369.40,863.50,0.00,369.40,0.00,863.50,35.00
STM-CR-00295-202601,ACC-CR-00295,2025-12-17,2026-01-16,2026-01-17T14:00:00Z,2026-02-10,863.50,0.00,0.00,863.50,0.00,0.00,0.00
STM-CR-00295-202602,ACC-CR-00295,2026-01-17,2026-02-16,2026-02-17T14:00:00Z,2026-03-13,0.00,186.05,0.00,0.00,0.00,186.05,35.00
STM-CR-00295-202603,ACC-CR-00295,2026-02-17,2026-03-16,2026-03-17T13:00:00Z,2026-04-10,186.05,406.87,0.00,186.05,0.00,406.87,35.00
STM-CR-00295-202604,ACC-CR-00295,2026-03-17,2026-04-16,2026-04-17T13:00:00Z,2026-05-11,406.87,243.39,42.26,406.87,0.00,201.13,35.00
STM-CR-00295-202605,ACC-CR-00295,2026-04-17,2026-05-16,2026-05-17T13:00:00Z,2026-06-10,201.13,289.31,0.00,201.13,0.00,289.31,35.00
STM-CR-00295-202606,ACC-CR-00295,2026-05-17,2026-06-16,2026-06-17T13:00:00Z,2026-07-11,289.31,1361.73,0.00,289.31,0.00,1361.73,35.00
STM-CR-00295-202607,ACC-CR-00295,2026-06-17,2026-07-16,2026-07-17T13:00:00Z,2026-08-10,1361.73,528.89,0.00,1361.73,0.00,528.89,35.00
STM-CR-00295-202608,ACC-CR-00295,2026-07-17,2026-08-16,2026-08-17T13:00:00Z,2026-09-10,528.89,388.19,0.00,528.89,0.00,388.19,35.00
STM-CR-00295-202609,ACC-CR-00295,2026-08-17,2026-09-16,2026-09-17T13:00:00Z,2026-10-11,388.19,98.14,0.00,388.19,0.00,98.14,35.00
STM-CR-00295-202610,ACC-CR-00295,2026-09-17,2026-10-16,2026-10-17T13:00:00Z,2026-11-10,98.14,1265.91,0.00,98.14,0.00,1265.91,35.00
STM-CR-00296-202601,ACC-CR-00296,2025-12-23,2026-01-15,2026-01-16T14:00:00Z,2026-02-09,0.00,81.42,0.00,0.00,0.00,81.42,35.00
STM-CR-00296-202602,ACC-CR-00296,2026-01-16,2026-02-15,2026-02-16T14:00:00Z,2026-03-12,81.42,216.16,0.00,81.42,0.00,216.16,35.00
STM-CR-00296-202603,ACC-CR-00296,2026-02-16,2026-03-15,2026-03-16T13:00:00Z,2026-04-09,216.16,141.96,0.00,216.16,0.00,141.96,35.00
STM-CR-00296-202604,ACC-CR-00296,2026-03-16,2026-04-15,2026-04-16T13:00:00Z,2026-05-10,141.96,265.76,0.00,141.96,0.00,265.76,35.00
STM-CR-00296-202605,ACC-CR-00296,2026-04-16,2026-05-15,2026-05-16T13:00:00Z,2026-06-09,265.76,154.23,0.00,265.76,0.00,154.23,35.00
STM-CR-00296-202606,ACC-CR-00296,2026-05-16,2026-06-15,2026-06-16T13:00:00Z,2026-07-10,154.23,171.76,0.00,154.23,0.00,171.76,35.00
STM-CR-00296-202607,ACC-CR-00296,2026-06-16,2026-07-15,2026-07-16T13:00:00Z,2026-08-09,171.76,185.73,0.00,171.76,0.00,185.73,35.00
STM-CR-00296-202608,ACC-CR-00296,2026-07-16,2026-08-15,2026-08-16T13:00:00Z,2026-09-09,185.73,260.08,0.00,185.73,0.00,260.08,35.00
STM-CR-00296-202609,ACC-CR-00296,2026-08-16,2026-09-15,2026-09-16T13:00:00Z,2026-10-10,260.08,441.79,0.00,260.08,0.00,441.79,35.00
STM-CR-00296-202610,ACC-CR-00296,2026-09-16,2026-10-15,2026-10-16T13:00:00Z,2026-11-09,441.79,63.70,0.00,441.79,0.00,63.70,35.00
STM-CR-00297-202509,ACC-CR-00297,2025-08-31,2025-09-28,2025-09-29T13:00:00Z,2025-10-23,0.00,0.00,0.00,0.00,0.00,0.00,0.00
STM-CR-00297-202510,ACC-CR-00297,2025-09-29,2025-10-28,2025-10-29T13:00:00Z,2025-11-22,0.00,781.46,0.00,0.00,0.00,781.46,35.00
STM-CR-00297-202511,ACC-CR-00297,2025-10-29,2025-11-28,2025-11-29T14:00:00Z,2025-12-23,781.46,283.29,0.00,781.46,0.00,283.29,35.00
STM-CR-00297-202512,ACC-CR-00297,2025-11-29,2025-12-28,2025-12-29T14:00:00Z,2026-01-22,283.29,289.13,0.00,283.29,0.00,289.13,35.00
STM-CR-00297-202601,ACC-CR-00297,2025-12-29,2026-01-28,2026-01-29T14:00:00Z,2026-02-22,289.13,202.85,0.00,289.13,0.00,202.85,35.00
STM-CR-00297-202602,ACC-CR-00297,2026-01-29,2026-02-28,2026-03-01T14:00:00Z,2026-03-25,202.85,193.35,0.00,202.85,0.00,193.35,35.00
STM-CR-00297-202603,ACC-CR-00297,2026-03-01,2026-03-28,2026-03-29T13:00:00Z,2026-04-22,193.35,298.24,0.00,193.35,0.00,298.24,35.00
STM-CR-00297-202604,ACC-CR-00297,2026-03-29,2026-04-28,2026-04-29T13:00:00Z,2026-05-23,298.24,338.97,0.00,298.24,0.00,338.97,35.00
STM-CR-00297-202605,ACC-CR-00297,2026-04-29,2026-05-28,2026-05-29T13:00:00Z,2026-06-22,338.97,501.17,0.00,338.97,0.00,501.17,35.00
STM-CR-00297-202606,ACC-CR-00297,2026-05-29,2026-06-28,2026-06-29T13:00:00Z,2026-07-23,501.17,257.88,0.00,501.17,0.00,257.88,35.00
STM-CR-00297-202607,ACC-CR-00297,2026-06-29,2026-07-28,2026-07-29T13:00:00Z,2026-08-22,257.88,258.75,0.00,257.88,0.00,258.75,35.00
STM-CR-00297-202608,ACC-CR-00297,2026-07-29,2026-08-28,2026-08-29T13:00:00Z,2026-09-22,258.75,523.53,0.00,258.75,0.00,523.53,35.00
STM-CR-00297-202609,ACC-CR-00297,2026-08-29,2026-09-28,2026-09-29T13:00:00Z,2026-10-23,523.53,1838.55,0.00,523.53,0.00,1838.55,36.77
STM-CR-00298-202509,ACC-CR-00298,2025-08-31,2025-09-09,2025-09-10T13:00:00Z,2025-10-04,0.00,0.00,0.00,0.00,0.00,0.00,0.00
STM-CR-00298-202510,ACC-CR-00298,2025-09-10,2025-10-09,2025-10-10T13:00:00Z,2025-11-03,0.00,247.72,0.00,0.00,0.00,247.72,35.00
STM-CR-00298-202511,ACC-CR-00298,2025-10-10,2025-11-09,2025-11-10T14:00:00Z,2025-12-04,247.72,182.34,0.00,247.72,0.00,182.34,35.00
STM-CR-00298-202512,ACC-CR-00298,2025-11-10,2025-12-09,2025-12-10T14:00:00Z,2026-01-03,182.34,29.00,0.00,182.34,0.00,29.00,35.00
STM-CR-00298-202601,ACC-CR-00298,2025-12-10,2026-01-09,2026-01-10T14:00:00Z,2026-02-03,29.00,93.34,0.00,29.00,0.00,93.34,35.00
STM-CR-00298-202602,ACC-CR-00298,2026-01-10,2026-02-09,2026-02-10T14:00:00Z,2026-03-06,93.34,1265.56,0.00,93.34,0.00,1265.56,35.00
STM-CR-00298-202603,ACC-CR-00298,2026-02-10,2026-03-09,2026-03-10T13:00:00Z,2026-04-03,1265.56,153.02,0.00,1265.56,0.00,153.02,35.00
STM-CR-00298-202604,ACC-CR-00298,2026-03-10,2026-04-09,2026-04-10T13:00:00Z,2026-05-04,153.02,223.36,0.00,153.02,0.00,223.36,35.00
STM-CR-00298-202605,ACC-CR-00298,2026-04-10,2026-05-09,2026-05-10T13:00:00Z,2026-06-03,223.36,188.73,0.00,223.36,0.00,188.73,35.00
STM-CR-00298-202606,ACC-CR-00298,2026-05-10,2026-06-09,2026-06-10T13:00:00Z,2026-07-04,188.73,257.75,0.00,188.73,0.00,257.75,35.00
STM-CR-00298-202607,ACC-CR-00298,2026-06-10,2026-07-09,2026-07-10T13:00:00Z,2026-08-03,257.75,72.77,0.00,257.75,0.00,72.77,35.00
STM-CR-00298-202608,ACC-CR-00298,2026-07-10,2026-08-09,2026-08-10T13:00:00Z,2026-09-03,72.77,316.00,0.00,72.77,0.00,316.00,35.00
STM-CR-00298-202609,ACC-CR-00298,2026-08-10,2026-09-09,2026-09-10T13:00:00Z,2026-10-04,316.00,417.09,0.00,316.00,0.00,417.09,35.00
STM-CR-00298-202610,ACC-CR-00298,2026-09-10,2026-10-09,2026-10-10T13:00:00Z,2026-11-03,417.09,152.11,0.00,417.09,0.00,152.11,35.00
STM-CR-00299-202509,ACC-CR-00299,2025-08-31,2025-09-04,2025-09-05T13:00:00Z,2025-09-29,0.00,0.00,0.00,0.00,0.00,0.00,0.00
STM-CR-00299-202510,ACC-CR-00299,2025-09-05,2025-10-04,2025-10-05T13:00:00Z,2025-10-29,0.00,0.00,0.00,0.00,0.00,0.00,0.00
STM-CR-00299-202511,ACC-CR-00299,2025-10-05,2025-11-04,2025-11-05T14:00:00Z,2025-11-29,0.00,636.79,0.00,0.00,0.00,636.79,35.00
STM-CR-00299-202512,ACC-CR-00299,2025-11-05,2025-12-04,2025-12-05T14:00:00Z,2025-12-29,636.79,549.63,0.00,254.72,0.00,931.70,35.00
STM-CR-00299-202601,ACC-CR-00299,2025-12-05,2026-01-04,2026-01-05T14:00:00Z,2026-01-29,931.70,287.16,0.00,372.68,0.00,846.18,35.00
STM-CR-00299-202602,ACC-CR-00299,2026-01-05,2026-02-04,2026-02-05T14:00:00Z,2026-03-01,846.18,256.77,0.00,338.47,0.00,764.48,35.00
STM-CR-00299-202603,ACC-CR-00299,2026-02-05,2026-03-04,2026-03-05T14:00:00Z,2026-03-29,764.48,360.90,0.00,305.79,0.00,819.59,35.00
STM-CR-00299-202604,ACC-CR-00299,2026-03-05,2026-04-04,2026-04-05T13:00:00Z,2026-04-29,819.59,365.59,7.68,327.84,0.00,849.66,35.00
STM-CR-00299-202605,ACC-CR-00299,2026-04-05,2026-05-04,2026-05-05T13:00:00Z,2026-05-29,849.66,798.76,0.00,339.86,0.00,1308.56,35.00
STM-CR-00299-202606,ACC-CR-00299,2026-05-05,2026-06-04,2026-06-05T13:00:00Z,2026-06-29,1308.56,238.03,0.00,523.42,0.00,1023.17,35.00
STM-CR-00299-202607,ACC-CR-00299,2026-06-05,2026-07-04,2026-07-05T13:00:00Z,2026-07-29,1023.17,411.26,0.00,409.27,0.00,1025.16,35.00
STM-CR-00299-202608,ACC-CR-00299,2026-07-05,2026-08-04,2026-08-05T13:00:00Z,2026-08-29,1025.16,256.72,0.00,410.06,0.00,871.82,35.00
STM-CR-00299-202609,ACC-CR-00299,2026-08-05,2026-09-04,2026-09-05T13:00:00Z,2026-09-29,871.82,444.41,0.00,348.73,0.00,967.50,35.00
STM-CR-00299-202610,ACC-CR-00299,2026-09-05,2026-10-04,2026-10-05T13:00:00Z,2026-10-29,967.50,278.98,0.00,387.00,0.00,859.48,35.00
STM-CR-00300-202509,ACC-CR-00300,2025-08-31,2025-09-11,2025-09-12T13:00:00Z,2025-10-06,0.00,0.00,0.00,0.00,0.00,0.00,0.00
STM-CR-00300-202510,ACC-CR-00300,2025-09-12,2025-10-11,2025-10-12T13:00:00Z,2025-11-05,0.00,0.00,0.00,0.00,0.00,0.00,0.00
STM-CR-00300-202511,ACC-CR-00300,2025-10-12,2025-11-11,2025-11-12T14:00:00Z,2025-12-06,0.00,505.11,0.00,0.00,0.00,505.11,35.00
STM-CR-00300-202512,ACC-CR-00300,2025-11-12,2025-12-11,2025-12-12T14:00:00Z,2026-01-05,505.11,387.96,0.00,505.11,0.00,387.96,35.00
STM-CR-00300-202601,ACC-CR-00300,2025-12-12,2026-01-11,2026-01-12T14:00:00Z,2026-02-05,387.96,309.39,0.00,387.96,0.00,309.39,35.00
STM-CR-00300-202602,ACC-CR-00300,2026-01-12,2026-02-11,2026-02-12T14:00:00Z,2026-03-08,309.39,216.47,0.00,309.39,0.00,216.47,35.00
STM-CR-00300-202603,ACC-CR-00300,2026-02-12,2026-03-11,2026-03-12T13:00:00Z,2026-04-05,216.47,480.80,0.00,216.47,0.00,480.80,35.00
STM-CR-00300-202604,ACC-CR-00300,2026-03-12,2026-04-11,2026-04-12T13:00:00Z,2026-05-06,480.80,430.78,0.00,480.80,0.00,430.78,35.00
STM-CR-00300-202605,ACC-CR-00300,2026-04-12,2026-05-11,2026-05-12T13:00:00Z,2026-06-05,430.78,416.86,0.00,430.78,0.00,416.86,35.00
STM-CR-00300-202606,ACC-CR-00300,2026-05-12,2026-06-11,2026-06-12T13:00:00Z,2026-07-06,416.86,462.42,0.00,416.86,0.00,462.42,35.00
STM-CR-00300-202607,ACC-CR-00300,2026-06-12,2026-07-11,2026-07-12T13:00:00Z,2026-08-05,462.42,1087.79,0.00,462.42,0.00,1087.79,35.00
STM-CR-00300-202608,ACC-CR-00300,2026-07-12,2026-08-11,2026-08-12T13:00:00Z,2026-09-05,1087.79,402.52,0.00,1087.79,0.00,402.52,35.00
STM-CR-00300-202609,ACC-CR-00300,2026-08-12,2026-09-11,2026-09-12T13:00:00Z,2026-10-06,402.52,877.88,0.00,402.52,0.00,877.88,35.00
STM-CR-00300-202610,ACC-CR-00300,2026-09-12,2026-10-11,2026-10-12T13:00:00Z,2026-11-05,877.88,398.46,0.00,877.88,0.00,398.46,35.00
STM-CR-00301-202509,ACC-CR-00301,2025-08-31,2025-09-27,2025-09-28T13:00:00Z,2025-10-22,0.00,0.00,0.00,0.00,0.00,0.00,0.00
STM-CR-00301-202510,ACC-CR-00301,2025-09-28,2025-10-27,2025-10-28T13:00:00Z,2025-11-21,0.00,242.49,0.00,0.00,0.00,242.49,35.00
STM-CR-00301-202511,ACC-CR-00301,2025-10-28,2025-11-27,2025-11-28T14:00:00Z,2025-12-22,242.49,264.48,0.00,97.00,0.00,409.97,35.00
STM-CR-00301-202512,ACC-CR-00301,2025-11-28,2025-12-27,2025-12-28T14:00:00Z,2026-01-21,409.97,335.31,0.00,163.99,0.00,581.29,35.00
STM-CR-00301-202601,ACC-CR-00301,2025-12-28,2026-01-27,2026-01-28T14:00:00Z,2026-02-21,581.29,229.78,0.00,232.52,0.00,578.55,35.00
STM-CR-00301-202602,ACC-CR-00301,2026-01-28,2026-02-27,2026-02-28T14:00:00Z,2026-03-24,578.55,146.30,0.00,231.42,0.00,493.43,35.00
STM-CR-00301-202603,ACC-CR-00301,2026-02-28,2026-03-27,2026-03-28T13:00:00Z,2026-04-21,493.43,352.83,0.00,197.37,0.00,648.89,35.00
STM-CR-00301-202604,ACC-CR-00301,2026-03-28,2026-04-27,2026-04-28T13:00:00Z,2026-05-22,648.89,288.23,0.00,259.56,0.00,677.56,35.00
STM-CR-00301-202605,ACC-CR-00301,2026-04-28,2026-05-27,2026-05-28T13:00:00Z,2026-06-21,677.56,388.42,0.00,271.02,0.00,794.96,35.00
STM-CR-00301-202606,ACC-CR-00301,2026-05-28,2026-06-27,2026-06-28T13:00:00Z,2026-07-22,794.96,1361.44,0.00,317.98,0.00,1838.42,36.77
STM-CR-00301-202607,ACC-CR-00301,2026-06-28,2026-07-27,2026-07-28T13:00:00Z,2026-08-21,1838.42,417.11,0.00,735.37,0.00,1520.16,35.00
STM-CR-00301-202608,ACC-CR-00301,2026-07-28,2026-08-27,2026-08-28T13:00:00Z,2026-09-21,1520.16,467.66,0.00,608.06,0.00,1379.76,35.00
STM-CR-00301-202609,ACC-CR-00301,2026-08-28,2026-09-27,2026-09-28T13:00:00Z,2026-10-22,1379.76,962.13,0.00,551.90,0.00,1789.99,35.80
STM-CR-00302-202509,ACC-CR-00302,2025-08-31,2025-09-21,2025-09-22T13:00:00Z,2025-10-16,0.00,0.00,0.00,0.00,0.00,0.00,0.00
STM-CR-00302-202510,ACC-CR-00302,2025-09-22,2025-10-21,2025-10-22T13:00:00Z,2025-11-15,0.00,385.23,0.00,0.00,0.00,385.23,35.00
STM-CR-00302-202511,ACC-CR-00302,2025-10-22,2025-11-21,2025-11-22T14:00:00Z,2025-12-16,385.23,435.39,0.00,385.23,0.00,435.39,35.00
STM-CR-00302-202512,ACC-CR-00302,2025-11-22,2025-12-21,2025-12-22T14:00:00Z,2026-01-15,435.39,355.83,0.00,435.39,0.00,355.83,35.00
STM-CR-00302-202601,ACC-CR-00302,2025-12-22,2026-01-21,2026-01-22T14:00:00Z,2026-02-15,355.83,411.83,0.00,355.83,0.00,411.83,35.00
STM-CR-00302-202602,ACC-CR-00302,2026-01-22,2026-02-21,2026-02-22T14:00:00Z,2026-03-18,411.83,109.47,0.00,411.83,0.00,109.47,35.00
STM-CR-00302-202603,ACC-CR-00302,2026-02-22,2026-03-21,2026-03-22T13:00:00Z,2026-04-15,109.47,646.15,0.00,109.47,0.00,646.15,35.00
STM-CR-00302-202604,ACC-CR-00302,2026-03-22,2026-04-21,2026-04-22T13:00:00Z,2026-05-16,646.15,443.33,0.00,646.15,0.00,443.33,35.00
STM-CR-00302-202605,ACC-CR-00302,2026-04-22,2026-05-21,2026-05-22T13:00:00Z,2026-06-15,443.33,262.72,0.00,443.33,0.00,262.72,35.00
STM-CR-00302-202606,ACC-CR-00302,2026-05-22,2026-06-21,2026-06-22T13:00:00Z,2026-07-16,262.72,163.75,0.00,262.72,0.00,163.75,35.00
STM-CR-00302-202607,ACC-CR-00302,2026-06-22,2026-07-21,2026-07-22T13:00:00Z,2026-08-15,163.75,389.22,0.00,163.75,0.00,389.22,35.00
STM-CR-00302-202608,ACC-CR-00302,2026-07-22,2026-08-21,2026-08-22T13:00:00Z,2026-09-15,389.22,338.18,0.00,389.22,0.00,338.18,35.00
STM-CR-00302-202609,ACC-CR-00302,2026-08-22,2026-09-21,2026-09-22T13:00:00Z,2026-10-16,338.18,333.61,0.00,338.18,0.00,333.61,35.00
STM-CR-00303-202509,ACC-CR-00303,2025-08-31,2025-09-11,2025-09-12T13:00:00Z,2025-10-06,0.00,0.00,0.00,0.00,0.00,0.00,0.00
STM-CR-00303-202510,ACC-CR-00303,2025-09-12,2025-10-11,2025-10-12T13:00:00Z,2025-11-05,0.00,87.19,0.00,0.00,0.00,87.19,35.00
STM-CR-00303-202511,ACC-CR-00303,2025-10-12,2025-11-11,2025-11-12T14:00:00Z,2025-12-06,87.19,1028.48,0.00,35.00,0.00,1080.67,35.00
STM-CR-00303-202512,ACC-CR-00303,2025-11-12,2025-12-11,2025-12-12T14:00:00Z,2026-01-05,1080.67,457.12,0.00,35.00,0.00,1502.79,35.00
STM-CR-00303-202601,ACC-CR-00303,2025-12-12,2026-01-11,2026-01-12T14:00:00Z,2026-02-05,1502.79,296.92,0.00,35.00,0.00,1764.71,35.29
STM-CR-00303-202602,ACC-CR-00303,2026-01-12,2026-02-11,2026-02-12T14:00:00Z,2026-03-08,1764.71,342.69,0.00,35.29,0.00,2072.11,41.44
STM-CR-00303-202603,ACC-CR-00303,2026-02-12,2026-03-11,2026-03-12T13:00:00Z,2026-04-05,2072.11,674.70,0.00,41.44,0.00,2705.37,54.11
STM-CR-00303-202604,ACC-CR-00303,2026-03-12,2026-04-11,2026-04-12T13:00:00Z,2026-05-06,2705.37,216.45,0.00,54.11,0.00,2867.71,57.35
STM-CR-00303-202605,ACC-CR-00303,2026-04-12,2026-05-11,2026-05-12T13:00:00Z,2026-06-05,2867.71,479.11,0.00,57.35,0.00,3289.47,65.79
STM-CR-00303-202606,ACC-CR-00303,2026-05-12,2026-06-11,2026-06-12T13:00:00Z,2026-07-06,3289.47,214.81,0.00,65.79,0.00,3438.49,68.77
STM-CR-00303-202607,ACC-CR-00303,2026-06-12,2026-07-11,2026-07-12T13:00:00Z,2026-08-05,3438.49,280.59,0.00,68.77,0.00,3650.31,73.01
STM-CR-00303-202608,ACC-CR-00303,2026-07-12,2026-08-11,2026-08-12T13:00:00Z,2026-09-05,3650.31,360.61,0.00,73.01,0.00,3937.91,78.76
STM-CR-00303-202609,ACC-CR-00303,2026-08-12,2026-09-11,2026-09-12T13:00:00Z,2026-10-06,3937.91,1226.71,0.00,78.76,0.00,5085.86,101.72
STM-CR-00303-202610,ACC-CR-00303,2026-09-12,2026-10-11,2026-10-12T13:00:00Z,2026-11-05,5085.86,303.85,0.00,101.72,0.00,5287.99,105.76
STM-CR-00304-202509,ACC-CR-00304,2025-08-31,2025-09-24,2025-09-25T13:00:00Z,2025-10-19,0.00,0.00,0.00,0.00,0.00,0.00,0.00
STM-CR-00304-202510,ACC-CR-00304,2025-09-25,2025-10-24,2025-10-25T13:00:00Z,2025-11-18,0.00,298.55,0.00,0.00,0.00,298.55,35.00
STM-CR-00304-202511,ACC-CR-00304,2025-10-25,2025-11-24,2025-11-25T14:00:00Z,2025-12-19,298.55,438.08,0.00,298.55,0.00,438.08,35.00
STM-CR-00304-202512,ACC-CR-00304,2025-11-25,2025-12-24,2025-12-25T14:00:00Z,2026-01-18,438.08,986.52,0.00,438.08,0.00,986.52,35.00
STM-CR-00304-202601,ACC-CR-00304,2025-12-25,2026-01-24,2026-01-25T14:00:00Z,2026-02-18,986.52,453.14,0.00,986.52,0.00,453.14,35.00
STM-CR-00304-202602,ACC-CR-00304,2026-01-25,2026-02-24,2026-02-25T14:00:00Z,2026-03-21,453.14,406.32,0.00,453.14,0.00,406.32,35.00
STM-CR-00304-202603,ACC-CR-00304,2026-02-25,2026-03-24,2026-03-25T13:00:00Z,2026-04-18,406.32,333.46,0.00,406.32,0.00,333.46,35.00
STM-CR-00304-202604,ACC-CR-00304,2026-03-25,2026-04-24,2026-04-25T13:00:00Z,2026-05-19,333.46,129.45,0.00,333.46,0.00,129.45,35.00
STM-CR-00304-202605,ACC-CR-00304,2026-04-25,2026-05-24,2026-05-25T13:00:00Z,2026-06-18,129.45,532.32,0.00,129.45,0.00,532.32,35.00
STM-CR-00304-202606,ACC-CR-00304,2026-05-25,2026-06-24,2026-06-25T13:00:00Z,2026-07-19,532.32,387.08,0.00,532.32,0.00,387.08,35.00
STM-CR-00304-202607,ACC-CR-00304,2026-06-25,2026-07-24,2026-07-25T13:00:00Z,2026-08-18,387.08,304.71,0.00,387.08,0.00,304.71,35.00
STM-CR-00304-202608,ACC-CR-00304,2026-07-25,2026-08-24,2026-08-25T13:00:00Z,2026-09-18,304.71,244.23,0.00,304.71,0.00,244.23,35.00
STM-CR-00304-202609,ACC-CR-00304,2026-08-25,2026-09-24,2026-09-25T13:00:00Z,2026-10-19,244.23,1433.20,0.00,244.23,0.00,1433.20,35.00
STM-CR-90001-202509,ACC-CR-90001,2025-08-31,2025-09-25,2025-09-26T13:00:00Z,2025-10-20,0.00,0.00,0.00,0.00,0.00,0.00,0.00
STM-CR-90001-202510,ACC-CR-90001,2025-09-26,2025-10-25,2025-10-26T13:00:00Z,2025-11-19,0.00,232.14,0.00,0.00,0.00,232.14,35.00
STM-CR-90001-202511,ACC-CR-90001,2025-10-26,2025-11-25,2025-11-26T14:00:00Z,2025-12-20,232.14,216.08,0.00,232.14,0.00,216.08,35.00
STM-CR-90001-202512,ACC-CR-90001,2025-11-26,2025-12-25,2025-12-26T14:00:00Z,2026-01-19,216.08,56.60,0.00,216.08,0.00,56.60,35.00
STM-CR-90001-202601,ACC-CR-90001,2025-12-26,2026-01-25,2026-01-26T14:00:00Z,2026-02-19,56.60,302.90,0.00,56.60,0.00,302.90,35.00
STM-CR-90001-202602,ACC-CR-90001,2026-01-26,2026-02-25,2026-02-26T14:00:00Z,2026-03-22,302.90,286.39,0.00,302.90,0.00,286.39,35.00
STM-CR-90001-202603,ACC-CR-90001,2026-02-26,2026-03-25,2026-03-26T13:00:00Z,2026-04-19,286.39,240.14,0.00,286.39,0.00,240.14,35.00
STM-CR-90001-202604,ACC-CR-90001,2026-03-26,2026-04-25,2026-04-26T13:00:00Z,2026-05-20,240.14,333.13,0.00,240.14,0.00,333.13,35.00
STM-CR-90001-202605,ACC-CR-90001,2026-04-26,2026-05-25,2026-05-26T13:00:00Z,2026-06-19,333.13,358.78,0.00,333.13,0.00,358.78,35.00
STM-CR-90001-202606,ACC-CR-90001,2026-05-26,2026-06-25,2026-06-26T13:00:00Z,2026-07-20,358.78,456.49,0.00,358.78,0.00,456.49,35.00
STM-CR-90001-202607,ACC-CR-90001,2026-06-26,2026-07-25,2026-07-26T13:00:00Z,2026-08-19,456.49,319.17,0.00,456.49,0.00,319.17,35.00
STM-CR-90001-202608,ACC-CR-90001,2026-07-26,2026-08-25,2026-08-26T13:00:00Z,2026-09-19,319.17,1520.28,0.00,319.17,0.00,1520.28,35.00
STM-CR-90001-202609,ACC-CR-90001,2026-08-26,2026-09-25,2026-09-26T13:00:00Z,2026-10-20,1520.28,165.64,0.00,1520.28,0.00,165.64,35.00
STM-CR-90002-202509,ACC-CR-90002,2025-08-31,2025-09-09,2025-09-10T13:00:00Z,2025-10-04,0.00,0.00,0.00,0.00,0.00,0.00,0.00
STM-CR-90002-202510,ACC-CR-90002,2025-09-10,2025-10-09,2025-10-10T13:00:00Z,2025-11-03,0.00,22.99,0.00,0.00,0.00,22.99,35.00
STM-CR-90002-202511,ACC-CR-90002,2025-10-10,2025-11-09,2025-11-10T14:00:00Z,2025-12-04,22.99,412.93,0.00,22.99,0.00,412.93,35.00
STM-CR-90002-202512,ACC-CR-90002,2025-11-10,2025-12-09,2025-12-10T14:00:00Z,2026-01-03,412.93,565.73,0.00,412.93,0.00,565.73,35.00
STM-CR-90002-202601,ACC-CR-90002,2025-12-10,2026-01-09,2026-01-10T14:00:00Z,2026-02-03,565.73,637.31,0.00,565.73,0.00,637.31,35.00
STM-CR-90002-202602,ACC-CR-90002,2026-01-10,2026-02-09,2026-02-10T14:00:00Z,2026-03-06,637.31,476.67,0.00,637.31,0.00,476.67,35.00
STM-CR-90002-202603,ACC-CR-90002,2026-02-10,2026-03-09,2026-03-10T13:00:00Z,2026-04-03,476.67,507.37,0.00,476.67,0.00,507.37,35.00
STM-CR-90002-202604,ACC-CR-90002,2026-03-10,2026-04-09,2026-04-10T13:00:00Z,2026-05-04,507.37,848.90,0.00,507.37,0.00,848.90,35.00
STM-CR-90002-202605,ACC-CR-90002,2026-04-10,2026-05-09,2026-05-10T13:00:00Z,2026-06-03,848.90,556.73,0.00,848.90,0.00,556.73,35.00
STM-CR-90002-202606,ACC-CR-90002,2026-05-10,2026-06-09,2026-06-10T13:00:00Z,2026-07-04,556.73,481.03,0.00,556.73,0.00,481.03,35.00
STM-CR-90002-202607,ACC-CR-90002,2026-06-10,2026-07-09,2026-07-10T13:00:00Z,2026-08-03,481.03,429.11,0.00,481.03,0.00,429.11,35.00
STM-CR-90002-202608,ACC-CR-90002,2026-07-10,2026-08-09,2026-08-10T13:00:00Z,2026-09-03,429.11,533.10,0.00,429.11,0.00,533.10,35.00
STM-CR-90002-202609,ACC-CR-90002,2026-08-10,2026-09-09,2026-09-10T13:00:00Z,2026-10-04,533.10,460.34,0.00,533.10,0.00,460.34,35.00
STM-CR-90002-202610,ACC-CR-90002,2026-09-10,2026-10-09,2026-10-10T13:00:00Z,2026-11-03,460.34,537.55,0.00,460.34,0.00,537.55,35.00
STM-CR-90003-202509,ACC-CR-90003,2025-08-31,2025-09-03,2025-09-04T13:00:00Z,2025-09-28,0.00,0.00,0.00,0.00,0.00,0.00,0.00
STM-CR-90003-202510,ACC-CR-90003,2025-09-04,2025-10-03,2025-10-04T13:00:00Z,2025-10-28,0.00,0.00,0.00,0.00,0.00,0.00,0.00
STM-CR-90003-202511,ACC-CR-90003,2025-10-04,2025-11-03,2025-11-04T14:00:00Z,2025-11-28,0.00,319.05,0.00,0.00,0.00,319.05,35.00
STM-CR-90003-202512,ACC-CR-90003,2025-11-04,2025-12-03,2025-12-04T14:00:00Z,2025-12-28,319.05,244.36,0.00,319.05,0.00,244.36,35.00
STM-CR-90003-202601,ACC-CR-90003,2025-12-04,2026-01-03,2026-01-04T14:00:00Z,2026-01-28,244.36,974.48,0.00,244.36,0.00,974.48,35.00
STM-CR-90003-202602,ACC-CR-90003,2026-01-04,2026-02-03,2026-02-04T14:00:00Z,2026-02-28,974.48,77.52,0.00,974.48,0.00,77.52,35.00
STM-CR-90003-202603,ACC-CR-90003,2026-02-04,2026-03-03,2026-03-04T14:00:00Z,2026-03-28,77.52,306.40,0.00,77.52,0.00,306.40,35.00
STM-CR-90003-202604,ACC-CR-90003,2026-03-04,2026-04-03,2026-04-04T13:00:00Z,2026-04-28,306.40,264.08,0.00,306.40,0.00,264.08,35.00
STM-CR-90003-202605,ACC-CR-90003,2026-04-04,2026-05-03,2026-05-04T13:00:00Z,2026-05-28,264.08,1013.64,0.00,264.08,0.00,1013.64,35.00
STM-CR-90003-202606,ACC-CR-90003,2026-05-04,2026-06-03,2026-06-04T13:00:00Z,2026-06-28,1013.64,233.32,0.00,1013.64,0.00,233.32,35.00
STM-CR-90003-202607,ACC-CR-90003,2026-06-04,2026-07-03,2026-07-04T13:00:00Z,2026-07-28,233.32,297.34,0.00,233.32,0.00,297.34,35.00
STM-CR-90003-202608,ACC-CR-90003,2026-07-04,2026-08-03,2026-08-04T13:00:00Z,2026-08-28,297.34,181.26,0.00,297.34,0.00,181.26,35.00
STM-CR-90003-202609,ACC-CR-90003,2026-08-04,2026-09-03,2026-09-04T13:00:00Z,2026-09-28,181.26,400.45,0.00,181.26,0.00,400.45,35.00
STM-CR-90003-202610,ACC-CR-90003,2026-09-04,2026-10-03,2026-10-04T13:00:00Z,2026-10-28,400.45,418.22,0.00,400.45,0.00,418.22,35.00
STM-CR-90004-202509,ACC-CR-90004,2025-08-31,2025-09-15,2025-09-16T13:00:00Z,2025-10-10,0.00,0.00,0.00,0.00,0.00,0.00,0.00
STM-CR-90004-202510,ACC-CR-90004,2025-09-16,2025-10-15,2025-10-16T13:00:00Z,2025-11-09,0.00,189.78,0.00,0.00,0.00,189.78,35.00
STM-CR-90004-202511,ACC-CR-90004,2025-10-16,2025-11-15,2025-11-16T14:00:00Z,2025-12-10,189.78,439.41,0.00,189.78,0.00,439.41,35.00
STM-CR-90004-202512,ACC-CR-90004,2025-11-16,2025-12-15,2025-12-16T14:00:00Z,2026-01-09,439.41,247.93,0.00,439.41,0.00,247.93,35.00
STM-CR-90004-202601,ACC-CR-90004,2025-12-16,2026-01-15,2026-01-16T14:00:00Z,2026-02-09,247.93,354.76,0.00,247.93,0.00,354.76,35.00
STM-CR-90004-202602,ACC-CR-90004,2026-01-16,2026-02-15,2026-02-16T14:00:00Z,2026-03-12,354.76,487.87,0.00,354.76,0.00,487.87,35.00
STM-CR-90004-202603,ACC-CR-90004,2026-02-16,2026-03-15,2026-03-16T13:00:00Z,2026-04-09,487.87,427.09,0.00,487.87,0.00,427.09,35.00
STM-CR-90004-202604,ACC-CR-90004,2026-03-16,2026-04-15,2026-04-16T13:00:00Z,2026-05-10,427.09,177.40,0.00,427.09,0.00,177.40,35.00
STM-CR-90004-202605,ACC-CR-90004,2026-04-16,2026-05-15,2026-05-16T13:00:00Z,2026-06-09,177.40,308.89,0.00,177.40,0.00,308.89,35.00
STM-CR-90004-202606,ACC-CR-90004,2026-05-16,2026-06-15,2026-06-16T13:00:00Z,2026-07-10,308.89,228.66,0.00,308.89,0.00,228.66,35.00
STM-CR-90004-202607,ACC-CR-90004,2026-06-16,2026-07-15,2026-07-16T13:00:00Z,2026-08-09,228.66,327.73,0.00,228.66,0.00,327.73,35.00
STM-CR-90004-202608,ACC-CR-90004,2026-07-16,2026-08-15,2026-08-16T13:00:00Z,2026-09-09,327.73,356.66,0.00,327.73,0.00,356.66,35.00
STM-CR-90004-202609,ACC-CR-90004,2026-08-16,2026-09-15,2026-09-16T13:00:00Z,2026-10-10,356.66,344.55,0.00,356.66,0.00,344.55,35.00
STM-CR-90004-202610,ACC-CR-90004,2026-09-16,2026-10-15,2026-10-16T13:00:00Z,2026-11-09,344.55,439.42,0.00,344.55,0.00,439.42,35.00
STM-CR-90005-202509,ACC-CR-90005,2025-08-31,2025-09-12,2025-09-13T13:00:00Z,2025-10-07,0.00,0.00,0.00,0.00,0.00,0.00,0.00
STM-CR-90005-202510,ACC-CR-90005,2025-09-13,2025-10-12,2025-10-13T13:00:00Z,2025-11-06,0.00,207.35,0.00,0.00,0.00,207.35,35.00
STM-CR-90005-202511,ACC-CR-90005,2025-10-13,2025-11-12,2025-11-13T14:00:00Z,2025-12-07,207.35,223.65,0.00,207.35,0.00,223.65,35.00
STM-CR-90005-202512,ACC-CR-90005,2025-11-13,2025-12-12,2025-12-13T14:00:00Z,2026-01-06,223.65,126.45,0.00,223.65,0.00,126.45,35.00
STM-CR-90005-202601,ACC-CR-90005,2025-12-13,2026-01-12,2026-01-13T14:00:00Z,2026-02-06,126.45,183.03,0.00,126.45,0.00,183.03,35.00
STM-CR-90005-202602,ACC-CR-90005,2026-01-13,2026-02-12,2026-02-13T14:00:00Z,2026-03-09,183.03,248.01,0.00,183.03,0.00,248.01,35.00
STM-CR-90005-202603,ACC-CR-90005,2026-02-13,2026-03-12,2026-03-13T13:00:00Z,2026-04-06,248.01,607.90,0.00,248.01,0.00,607.90,35.00
STM-CR-90005-202604,ACC-CR-90005,2026-03-13,2026-04-12,2026-04-13T13:00:00Z,2026-05-07,607.90,355.25,0.00,607.90,0.00,355.25,35.00
STM-CR-90005-202605,ACC-CR-90005,2026-04-13,2026-05-12,2026-05-13T13:00:00Z,2026-06-06,355.25,151.98,0.00,355.25,0.00,151.98,35.00
STM-CR-90005-202606,ACC-CR-90005,2026-05-13,2026-06-12,2026-06-13T13:00:00Z,2026-07-07,151.98,102.59,0.00,151.98,0.00,102.59,35.00
STM-CR-90005-202607,ACC-CR-90005,2026-06-13,2026-07-12,2026-07-13T13:00:00Z,2026-08-06,102.59,392.16,0.00,102.59,0.00,392.16,35.00
STM-CR-90005-202608,ACC-CR-90005,2026-07-13,2026-08-12,2026-08-13T13:00:00Z,2026-09-06,392.16,250.34,0.00,392.16,0.00,250.34,35.00
STM-CR-90005-202609,ACC-CR-90005,2026-08-13,2026-09-12,2026-09-13T13:00:00Z,2026-10-07,250.34,570.69,0.00,250.34,0.00,570.69,35.00
STM-CR-90005-202610,ACC-CR-90005,2026-09-13,2026-10-12,2026-10-13T13:00:00Z,2026-11-06,570.69,1625.50,0.00,570.69,0.00,1625.50,35.00
STM-CR-90006-202509,ACC-CR-90006,2025-08-31,2025-09-12,2025-09-13T13:00:00Z,2025-10-07,0.00,0.00,0.00,0.00,0.00,0.00,0.00
STM-CR-90006-202510,ACC-CR-90006,2025-09-13,2025-10-12,2025-10-13T13:00:00Z,2025-11-06,0.00,601.63,0.00,0.00,0.00,601.63,35.00
STM-CR-90006-202511,ACC-CR-90006,2025-10-13,2025-11-12,2025-11-13T14:00:00Z,2025-12-07,601.63,225.78,0.00,601.63,0.00,225.78,35.00
STM-CR-90006-202512,ACC-CR-90006,2025-11-13,2025-12-12,2025-12-13T14:00:00Z,2026-01-06,225.78,462.82,0.00,225.78,0.00,462.82,35.00
STM-CR-90006-202601,ACC-CR-90006,2025-12-13,2026-01-12,2026-01-13T14:00:00Z,2026-02-06,462.82,336.64,0.00,462.82,0.00,336.64,35.00
STM-CR-90006-202602,ACC-CR-90006,2026-01-13,2026-02-12,2026-02-13T14:00:00Z,2026-03-09,336.64,530.87,0.00,336.64,0.00,530.87,35.00
STM-CR-90006-202603,ACC-CR-90006,2026-02-13,2026-03-12,2026-03-13T13:00:00Z,2026-04-06,530.87,373.32,0.00,530.87,0.00,373.32,35.00
STM-CR-90006-202604,ACC-CR-90006,2026-03-13,2026-04-12,2026-04-13T13:00:00Z,2026-05-07,373.32,394.21,0.00,373.32,0.00,394.21,35.00
STM-CR-90006-202605,ACC-CR-90006,2026-04-13,2026-05-12,2026-05-13T13:00:00Z,2026-06-06,394.21,853.23,0.00,394.21,0.00,853.23,35.00
STM-CR-90006-202606,ACC-CR-90006,2026-05-13,2026-06-12,2026-06-13T13:00:00Z,2026-07-07,853.23,247.48,0.00,853.23,0.00,247.48,35.00
STM-CR-90006-202607,ACC-CR-90006,2026-06-13,2026-07-12,2026-07-13T13:00:00Z,2026-08-06,247.48,316.83,0.00,247.48,0.00,316.83,35.00
STM-CR-90006-202608,ACC-CR-90006,2026-07-13,2026-08-12,2026-08-13T13:00:00Z,2026-09-06,316.83,402.37,0.00,316.83,0.00,402.37,35.00
STM-CR-90006-202609,ACC-CR-90006,2026-08-13,2026-09-12,2026-09-13T13:00:00Z,2026-10-07,402.37,602.48,0.00,402.37,0.00,602.48,35.00
STM-CR-90006-202610,ACC-CR-90006,2026-09-13,2026-10-12,2026-10-13T13:00:00Z,2026-11-06,602.48,263.91,0.00,602.48,0.00,263.91,35.00
STM-CR-90007-202509,ACC-CR-90007,2025-08-31,2025-09-20,2025-09-21T13:00:00Z,2025-10-15,0.00,0.00,0.00,0.00,0.00,0.00,0.00
STM-CR-90007-202510,ACC-CR-90007,2025-09-21,2025-10-20,2025-10-21T13:00:00Z,2025-11-14,0.00,65.53,0.00,0.00,0.00,65.53,35.00
STM-CR-90007-202511,ACC-CR-90007,2025-10-21,2025-11-20,2025-11-21T14:00:00Z,2025-12-15,65.53,85.95,0.00,65.53,0.00,85.95,35.00
STM-CR-90007-202512,ACC-CR-90007,2025-11-21,2025-12-20,2025-12-21T14:00:00Z,2026-01-14,85.95,164.76,0.00,85.95,0.00,164.76,35.00
STM-CR-90007-202601,ACC-CR-90007,2025-12-21,2026-01-20,2026-01-21T14:00:00Z,2026-02-14,164.76,554.96,0.00,164.76,0.00,554.96,35.00
STM-CR-90007-202602,ACC-CR-90007,2026-01-21,2026-02-20,2026-02-21T14:00:00Z,2026-03-17,554.96,235.16,0.00,554.96,0.00,235.16,35.00
STM-CR-90007-202603,ACC-CR-90007,2026-02-21,2026-03-20,2026-03-21T13:00:00Z,2026-04-14,235.16,181.26,0.00,235.16,0.00,181.26,35.00
STM-CR-90007-202604,ACC-CR-90007,2026-03-21,2026-04-20,2026-04-21T13:00:00Z,2026-05-15,181.26,366.89,0.00,181.26,0.00,366.89,35.00
STM-CR-90007-202605,ACC-CR-90007,2026-04-21,2026-05-20,2026-05-21T13:00:00Z,2026-06-14,366.89,155.56,0.00,366.89,0.00,155.56,35.00
STM-CR-90007-202606,ACC-CR-90007,2026-05-21,2026-06-20,2026-06-21T13:00:00Z,2026-07-15,155.56,251.53,0.00,155.56,0.00,251.53,35.00
STM-CR-90007-202607,ACC-CR-90007,2026-06-21,2026-07-20,2026-07-21T13:00:00Z,2026-08-14,251.53,301.54,0.00,251.53,0.00,301.54,35.00
STM-CR-90007-202608,ACC-CR-90007,2026-07-21,2026-08-20,2026-08-21T13:00:00Z,2026-09-14,301.54,603.33,0.00,301.54,13.89,617.22,35.00
STM-CR-90007-202609,ACC-CR-90007,2026-08-21,2026-09-20,2026-09-21T13:00:00Z,2026-10-15,617.22,140.45,0.00,617.22,0.00,140.45,35.00
STM-CR-90007-202610,ACC-CR-90007,2026-09-21,2026-10-20,2026-10-21T13:00:00Z,2026-11-14,140.45,183.59,447.09,140.45,0.00,-263.50,0.00
STM-CR-90009-202509,ACC-CR-90009,2025-08-31,2025-09-06,2025-09-07T13:00:00Z,2025-10-01,0.00,0.00,0.00,0.00,0.00,0.00,0.00
STM-CR-90009-202510,ACC-CR-90009,2025-09-07,2025-10-06,2025-10-07T13:00:00Z,2025-10-31,0.00,0.00,0.00,0.00,0.00,0.00,0.00
STM-CR-90009-202511,ACC-CR-90009,2025-10-07,2025-11-06,2025-11-07T14:00:00Z,2025-12-01,0.00,366.69,0.00,0.00,0.00,366.69,35.00
STM-CR-90009-202512,ACC-CR-90009,2025-11-07,2025-12-06,2025-12-07T14:00:00Z,2025-12-31,366.69,137.75,0.00,366.69,0.00,137.75,35.00
STM-CR-90009-202601,ACC-CR-90009,2025-12-07,2026-01-06,2026-01-07T14:00:00Z,2026-01-31,137.75,162.15,0.00,137.75,0.00,162.15,35.00
STM-CR-90009-202602,ACC-CR-90009,2026-01-07,2026-02-06,2026-02-07T14:00:00Z,2026-03-03,162.15,396.48,0.00,162.15,0.00,396.48,35.00
STM-CR-90009-202603,ACC-CR-90009,2026-02-07,2026-03-06,2026-03-07T14:00:00Z,2026-03-31,396.48,119.14,0.00,396.48,0.00,119.14,35.00
STM-CR-90009-202604,ACC-CR-90009,2026-03-07,2026-04-06,2026-04-07T13:00:00Z,2026-05-01,119.14,226.21,0.00,119.14,0.00,226.21,35.00
STM-CR-90009-202605,ACC-CR-90009,2026-04-07,2026-05-06,2026-05-07T13:00:00Z,2026-05-31,226.21,150.07,0.00,226.21,0.00,150.07,35.00
STM-CR-90009-202606,ACC-CR-90009,2026-05-07,2026-06-06,2026-06-07T13:00:00Z,2026-07-01,150.07,312.04,0.00,150.07,0.00,312.04,35.00
STM-CR-90009-202607,ACC-CR-90009,2026-06-07,2026-07-06,2026-07-07T13:00:00Z,2026-07-31,312.04,153.24,0.00,312.04,0.00,153.24,35.00
STM-CR-90009-202608,ACC-CR-90009,2026-07-07,2026-08-06,2026-08-07T13:00:00Z,2026-08-31,153.24,141.98,0.00,153.24,0.00,141.98,35.00
STM-CR-90009-202609,ACC-CR-90009,2026-08-07,2026-09-06,2026-09-07T13:00:00Z,2026-10-01,141.98,132.16,0.00,141.98,0.00,132.16,35.00
STM-CR-90009-202610,ACC-CR-90009,2026-09-07,2026-10-06,2026-10-07T13:00:00Z,2026-10-31,132.16,310.48,0.00,132.16,0.00,310.48,35.00
STM-CR-90010-202509,ACC-CR-90010,2025-08-31,2025-09-18,2025-09-19T13:00:00Z,2025-10-13,0.00,0.00,0.00,0.00,0.00,0.00,0.00
STM-CR-90010-202510,ACC-CR-90010,2025-09-19,2025-10-18,2025-10-19T13:00:00Z,2025-11-12,0.00,254.54,0.00,0.00,0.00,254.54,35.00
STM-CR-90010-202511,ACC-CR-90010,2025-10-19,2025-11-18,2025-11-19T14:00:00Z,2025-12-13,254.54,204.64,0.00,254.54,0.00,204.64,35.00
STM-CR-90010-202512,ACC-CR-90010,2025-11-19,2025-12-18,2025-12-19T14:00:00Z,2026-01-12,204.64,72.20,0.00,204.64,0.00,72.20,35.00
STM-CR-90010-202601,ACC-CR-90010,2025-12-19,2026-01-18,2026-01-19T14:00:00Z,2026-02-12,72.20,385.30,0.00,72.20,0.00,385.30,35.00
STM-CR-90010-202602,ACC-CR-90010,2026-01-19,2026-02-18,2026-02-19T14:00:00Z,2026-03-15,385.30,22.98,0.00,385.30,0.00,22.98,35.00
STM-CR-90010-202603,ACC-CR-90010,2026-02-19,2026-03-18,2026-03-19T13:00:00Z,2026-04-12,22.98,329.72,0.00,22.98,0.00,329.72,35.00
STM-CR-90010-202604,ACC-CR-90010,2026-03-19,2026-04-18,2026-04-19T13:00:00Z,2026-05-13,329.72,201.00,0.00,329.72,0.00,201.00,35.00
STM-CR-90010-202605,ACC-CR-90010,2026-04-19,2026-05-18,2026-05-19T13:00:00Z,2026-06-12,201.00,69.96,0.00,201.00,0.00,69.96,35.00
STM-CR-90010-202606,ACC-CR-90010,2026-05-19,2026-06-18,2026-06-19T13:00:00Z,2026-07-13,69.96,358.13,0.00,69.96,0.00,358.13,35.00
STM-CR-90010-202607,ACC-CR-90010,2026-06-19,2026-07-18,2026-07-19T13:00:00Z,2026-08-12,358.13,300.54,0.00,358.13,0.00,300.54,35.00
STM-CR-90010-202608,ACC-CR-90010,2026-07-19,2026-08-18,2026-08-19T13:00:00Z,2026-09-12,300.54,187.68,0.00,300.54,0.00,187.68,35.00
STM-CR-90010-202609,ACC-CR-90010,2026-08-19,2026-09-18,2026-09-19T13:00:00Z,2026-10-13,187.68,337.34,0.00,187.68,0.00,337.34,35.00
STM-CR-90010-202610,ACC-CR-90010,2026-09-19,2026-10-18,2026-10-19T13:00:00Z,2026-11-12,337.34,544.58,0.00,337.34,0.00,544.58,35.00
STM-CR-90012-202509,ACC-CR-90012,2025-08-31,2025-09-21,2025-09-22T13:00:00Z,2025-10-16,0.00,0.00,0.00,0.00,0.00,0.00,0.00
STM-CR-90012-202510,ACC-CR-90012,2025-09-22,2025-10-21,2025-10-22T13:00:00Z,2025-11-15,0.00,456.21,0.00,0.00,0.00,456.21,35.00
STM-CR-90012-202511,ACC-CR-90012,2025-10-22,2025-11-21,2025-11-22T14:00:00Z,2025-12-16,456.21,411.30,0.00,456.21,0.00,411.30,35.00
STM-CR-90012-202512,ACC-CR-90012,2025-11-22,2025-12-21,2025-12-22T14:00:00Z,2026-01-15,411.30,513.63,0.00,411.30,0.00,513.63,35.00
STM-CR-90012-202601,ACC-CR-90012,2025-12-22,2026-01-21,2026-01-22T14:00:00Z,2026-02-15,513.63,483.50,0.00,513.63,0.00,483.50,35.00
STM-CR-90012-202602,ACC-CR-90012,2026-01-22,2026-02-21,2026-02-22T14:00:00Z,2026-03-18,483.50,669.32,0.00,483.50,0.00,669.32,35.00
STM-CR-90012-202603,ACC-CR-90012,2026-02-22,2026-03-21,2026-03-22T13:00:00Z,2026-04-15,669.32,346.24,0.00,669.32,0.00,346.24,35.00
STM-CR-90012-202604,ACC-CR-90012,2026-03-22,2026-04-21,2026-04-22T13:00:00Z,2026-05-16,346.24,505.87,0.00,346.24,0.00,505.87,35.00
STM-CR-90012-202605,ACC-CR-90012,2026-04-22,2026-05-21,2026-05-22T13:00:00Z,2026-06-15,505.87,1313.38,0.00,505.87,0.00,1313.38,35.00
STM-CR-90012-202606,ACC-CR-90012,2026-05-22,2026-06-21,2026-06-22T13:00:00Z,2026-07-16,1313.38,414.21,0.00,1313.38,0.00,414.21,35.00
STM-CR-90012-202607,ACC-CR-90012,2026-06-22,2026-07-21,2026-07-22T13:00:00Z,2026-08-15,414.21,392.94,0.00,414.21,0.00,392.94,35.00
STM-CR-90012-202608,ACC-CR-90012,2026-07-22,2026-08-21,2026-08-22T13:00:00Z,2026-09-15,392.94,766.10,0.00,392.94,0.00,766.10,35.00
STM-CR-90012-202609,ACC-CR-90012,2026-08-22,2026-09-21,2026-09-22T13:00:00Z,2026-10-16,766.10,446.16,0.00,766.10,0.00,446.16,35.00
STM-CR-90013-202604,ACC-CR-90013,2026-03-10,2026-04-08,2026-04-09T13:00:00Z,2026-05-03,0.00,97.97,0.00,0.00,0.00,97.97,35.00
STM-CR-90013-202605,ACC-CR-90013,2026-04-09,2026-05-08,2026-05-09T13:00:00Z,2026-06-02,97.97,84.02,0.00,35.00,0.00,146.99,35.00
STM-CR-90013-202606,ACC-CR-90013,2026-05-09,2026-06-08,2026-06-09T13:00:00Z,2026-07-03,146.99,236.29,0.00,35.00,0.00,348.28,35.00
STM-CR-90013-202607,ACC-CR-90013,2026-06-09,2026-07-08,2026-07-09T13:00:00Z,2026-08-02,348.28,89.27,0.00,35.00,0.00,402.55,35.00
STM-CR-90013-202608,ACC-CR-90013,2026-07-09,2026-08-08,2026-08-09T13:00:00Z,2026-09-02,402.55,159.75,0.00,35.00,0.00,527.30,35.00
STM-CR-90013-202609,ACC-CR-90013,2026-08-09,2026-09-08,2026-09-09T13:00:00Z,2026-10-03,527.30,541.70,0.00,35.00,0.00,1034.00,35.00
STM-CR-90013-202610,ACC-CR-90013,2026-09-09,2026-10-08,2026-10-09T13:00:00Z,2026-11-02,1034.00,727.11,0.00,35.00,0.00,1726.11,35.00
STM-CR-90014-202604,ACC-CR-90014,2026-04-02,2026-04-08,2026-04-09T13:00:00Z,2026-05-03,0.00,124.84,0.00,0.00,0.00,124.84,35.00
STM-CR-90014-202605,ACC-CR-90014,2026-04-09,2026-05-08,2026-05-09T13:00:00Z,2026-06-02,124.84,223.32,0.00,35.00,0.00,313.16,35.00
STM-CR-90014-202606,ACC-CR-90014,2026-05-09,2026-06-08,2026-06-09T13:00:00Z,2026-07-03,313.16,206.22,0.00,35.00,0.00,484.38,35.00
STM-CR-90014-202607,ACC-CR-90014,2026-06-09,2026-07-08,2026-07-09T13:00:00Z,2026-08-02,484.38,544.71,0.00,35.00,0.00,994.09,35.00
STM-CR-90014-202608,ACC-CR-90014,2026-07-09,2026-08-08,2026-08-09T13:00:00Z,2026-09-02,994.09,155.97,0.00,35.00,0.00,1115.06,35.00
STM-CR-90014-202609,ACC-CR-90014,2026-08-09,2026-09-08,2026-09-09T13:00:00Z,2026-10-03,1115.06,606.91,0.00,35.00,0.00,1686.97,35.00
STM-CR-90014-202610,ACC-CR-90014,2026-09-09,2026-10-08,2026-10-09T13:00:00Z,2026-11-02,1686.97,640.28,0.00,35.00,0.00,2292.25,45.85
STM-CR-90015-202605,ACC-CR-90015,2026-04-20,2026-05-08,2026-05-09T13:00:00Z,2026-06-02,0.00,85.00,0.00,0.00,0.00,85.00,35.00
STM-CR-90015-202606,ACC-CR-90015,2026-05-09,2026-06-08,2026-06-09T13:00:00Z,2026-07-03,85.00,337.44,0.00,35.00,0.00,387.44,35.00
STM-CR-90015-202607,ACC-CR-90015,2026-06-09,2026-07-08,2026-07-09T13:00:00Z,2026-08-02,387.44,649.93,0.00,35.00,0.00,1002.37,35.00
STM-CR-90015-202608,ACC-CR-90015,2026-07-09,2026-08-08,2026-08-09T13:00:00Z,2026-09-02,1002.37,418.61,0.00,35.00,0.00,1385.98,35.00
STM-CR-90015-202609,ACC-CR-90015,2026-08-09,2026-09-08,2026-09-09T13:00:00Z,2026-10-03,1385.98,846.83,0.00,35.00,0.00,2197.81,43.96
STM-CR-90015-202610,ACC-CR-90015,2026-09-09,2026-10-08,2026-10-09T13:00:00Z,2026-11-02,2197.81,768.58,0.00,43.96,0.00,2922.43,58.45
STM-CR-90016-202606,ACC-CR-90016,2026-05-11,2026-06-08,2026-06-09T13:00:00Z,2026-07-03,0.00,182.25,0.00,0.00,0.00,182.25,35.00
STM-CR-90016-202607,ACC-CR-90016,2026-06-09,2026-07-08,2026-07-09T13:00:00Z,2026-08-02,182.25,132.26,0.00,35.00,0.00,279.51,35.00
STM-CR-90016-202608,ACC-CR-90016,2026-07-09,2026-08-08,2026-08-09T13:00:00Z,2026-09-02,279.51,422.92,0.00,35.00,0.00,667.43,35.00
STM-CR-90016-202609,ACC-CR-90016,2026-08-09,2026-09-08,2026-09-09T13:00:00Z,2026-10-03,667.43,211.01,0.00,35.00,0.00,843.44,35.00
STM-CR-90016-202610,ACC-CR-90016,2026-09-09,2026-10-08,2026-10-09T13:00:00Z,2026-11-02,843.44,886.79,0.00,35.00,0.00,1695.23,35.00
STM-CR-90017-202509,ACC-CR-90017,2025-08-31,2025-09-16,2025-09-17T13:00:00Z,2025-10-11,0.00,0.00,0.00,0.00,0.00,0.00,0.00
STM-CR-90017-202510,ACC-CR-90017,2025-09-17,2025-10-16,2025-10-17T13:00:00Z,2025-11-10,0.00,51.14,0.00,0.00,0.00,51.14,35.00
STM-CR-90017-202511,ACC-CR-90017,2025-10-17,2025-11-16,2025-11-17T14:00:00Z,2025-12-11,51.14,309.09,0.00,51.14,0.00,309.09,35.00
STM-CR-90017-202512,ACC-CR-90017,2025-11-17,2025-12-16,2025-12-17T14:00:00Z,2026-01-10,309.09,237.74,0.00,309.09,0.00,237.74,35.00
STM-CR-90017-202601,ACC-CR-90017,2025-12-17,2026-01-16,2026-01-17T14:00:00Z,2026-02-10,237.74,169.82,0.00,237.74,0.00,169.82,35.00
STM-CR-90017-202602,ACC-CR-90017,2026-01-17,2026-02-16,2026-02-17T14:00:00Z,2026-03-13,169.82,256.50,0.00,169.82,0.00,256.50,35.00
STM-CR-90017-202603,ACC-CR-90017,2026-02-17,2026-03-16,2026-03-17T13:00:00Z,2026-04-10,256.50,344.69,0.00,256.50,0.00,344.69,35.00
STM-CR-90017-202604,ACC-CR-90017,2026-03-17,2026-04-16,2026-04-17T13:00:00Z,2026-05-11,344.69,870.23,0.00,344.69,0.00,870.23,35.00
STM-CR-90017-202605,ACC-CR-90017,2026-04-17,2026-05-16,2026-05-17T13:00:00Z,2026-06-10,870.23,1167.48,0.00,870.23,0.00,1167.48,35.00
STM-CR-90017-202606,ACC-CR-90017,2026-05-17,2026-06-16,2026-06-17T13:00:00Z,2026-07-11,1167.48,22.99,0.00,1167.48,0.00,22.99,35.00
STM-CR-90017-202607,ACC-CR-90017,2026-06-17,2026-07-16,2026-07-17T13:00:00Z,2026-08-10,22.99,449.08,0.00,22.99,0.00,449.08,35.00
STM-CR-90017-202608,ACC-CR-90017,2026-07-17,2026-08-16,2026-08-17T13:00:00Z,2026-09-10,449.08,475.16,0.00,449.08,0.00,475.16,35.00
STM-CR-90017-202609,ACC-CR-90017,2026-08-17,2026-09-16,2026-09-17T13:00:00Z,2026-10-11,475.16,335.57,0.00,475.16,0.00,335.57,35.00
STM-CR-90017-202610,ACC-CR-90017,2026-09-17,2026-10-16,2026-10-17T13:00:00Z,2026-11-10,335.57,634.06,0.00,335.57,0.00,634.06,35.00
STM-CR-90018-202509,ACC-CR-90018,2025-08-31,2025-09-04,2025-09-05T13:00:00Z,2025-09-29,0.00,0.00,0.00,0.00,0.00,0.00,0.00
STM-CR-90018-202510,ACC-CR-90018,2025-09-05,2025-10-04,2025-10-05T13:00:00Z,2025-10-29,0.00,0.00,0.00,0.00,0.00,0.00,0.00
STM-CR-90018-202511,ACC-CR-90018,2025-10-05,2025-11-04,2025-11-05T14:00:00Z,2025-11-29,0.00,1051.12,0.00,0.00,0.00,1051.12,35.00
STM-CR-90018-202512,ACC-CR-90018,2025-11-05,2025-12-04,2025-12-05T14:00:00Z,2025-12-29,1051.12,200.34,0.00,1051.12,0.00,200.34,35.00
STM-CR-90018-202601,ACC-CR-90018,2025-12-05,2026-01-04,2026-01-05T14:00:00Z,2026-01-29,200.34,184.24,0.00,200.34,0.00,184.24,35.00
STM-CR-90018-202602,ACC-CR-90018,2026-01-05,2026-02-04,2026-02-05T14:00:00Z,2026-03-01,184.24,577.27,0.00,184.24,0.00,577.27,35.00
STM-CR-90018-202603,ACC-CR-90018,2026-02-05,2026-03-04,2026-03-05T14:00:00Z,2026-03-29,577.27,306.29,0.00,577.27,0.00,306.29,35.00
STM-CR-90018-202604,ACC-CR-90018,2026-03-05,2026-04-04,2026-04-05T13:00:00Z,2026-04-29,306.29,324.48,0.00,306.29,0.00,324.48,35.00
STM-CR-90018-202605,ACC-CR-90018,2026-04-05,2026-05-04,2026-05-05T13:00:00Z,2026-05-29,324.48,312.35,0.00,324.48,0.00,312.35,35.00
STM-CR-90018-202606,ACC-CR-90018,2026-05-05,2026-06-04,2026-06-05T13:00:00Z,2026-06-29,312.35,202.28,0.00,312.35,0.00,202.28,35.00
STM-CR-90018-202607,ACC-CR-90018,2026-06-05,2026-07-04,2026-07-05T13:00:00Z,2026-07-29,202.28,257.13,0.00,202.28,0.00,257.13,35.00
STM-CR-90018-202608,ACC-CR-90018,2026-07-05,2026-08-04,2026-08-05T13:00:00Z,2026-08-29,257.13,151.32,0.00,257.13,0.00,151.32,35.00
STM-CR-90018-202609,ACC-CR-90018,2026-08-05,2026-09-04,2026-09-05T13:00:00Z,2026-09-29,151.32,888.74,0.00,151.32,0.00,888.74,35.00
STM-CR-90018-202610,ACC-CR-90018,2026-09-05,2026-10-04,2026-10-05T13:00:00Z,2026-10-29,888.74,684.95,0.00,888.74,0.00,684.95,35.00
STM-CR-90019-202509,ACC-CR-90019,2025-08-31,2025-09-27,2025-09-28T13:00:00Z,2025-10-22,0.00,0.00,0.00,0.00,0.00,0.00,0.00
STM-CR-90019-202510,ACC-CR-90019,2025-09-28,2025-10-27,2025-10-28T13:00:00Z,2025-11-21,0.00,120.95,0.00,0.00,0.00,120.95,35.00
STM-CR-90019-202511,ACC-CR-90019,2025-10-28,2025-11-27,2025-11-28T14:00:00Z,2025-12-22,120.95,200.92,0.00,120.95,0.00,200.92,35.00
STM-CR-90019-202512,ACC-CR-90019,2025-11-28,2025-12-27,2025-12-28T14:00:00Z,2026-01-21,200.92,180.30,0.00,200.92,0.00,180.30,35.00
STM-CR-90019-202601,ACC-CR-90019,2025-12-28,2026-01-27,2026-01-28T14:00:00Z,2026-02-21,180.30,0.00,0.00,180.30,0.00,0.00,0.00
STM-CR-90019-202602,ACC-CR-90019,2026-01-28,2026-02-27,2026-02-28T14:00:00Z,2026-03-24,0.00,275.83,0.00,0.00,0.00,275.83,35.00
STM-CR-90019-202603,ACC-CR-90019,2026-02-28,2026-03-27,2026-03-28T13:00:00Z,2026-04-21,275.83,154.66,0.00,275.83,0.00,154.66,35.00
STM-CR-90019-202604,ACC-CR-90019,2026-03-28,2026-04-27,2026-04-28T13:00:00Z,2026-05-22,154.66,209.65,0.00,154.66,0.00,209.65,35.00
STM-CR-90019-202605,ACC-CR-90019,2026-04-28,2026-05-27,2026-05-28T13:00:00Z,2026-06-21,209.65,177.53,0.00,209.65,0.00,177.53,35.00
STM-CR-90019-202606,ACC-CR-90019,2026-05-28,2026-06-27,2026-06-28T13:00:00Z,2026-07-22,177.53,278.69,0.00,177.53,0.00,278.69,35.00
STM-CR-90019-202607,ACC-CR-90019,2026-06-28,2026-07-27,2026-07-28T13:00:00Z,2026-08-21,278.69,150.43,0.00,278.69,0.00,150.43,35.00
STM-CR-90019-202608,ACC-CR-90019,2026-07-28,2026-08-27,2026-08-28T13:00:00Z,2026-09-21,150.43,242.52,0.00,150.43,0.00,242.52,35.00
STM-CR-90019-202609,ACC-CR-90019,2026-08-28,2026-09-27,2026-09-28T13:00:00Z,2026-10-22,242.52,530.43,0.00,242.52,0.00,530.43,35.00
STM-CR-90020-202509,ACC-CR-90020,2025-08-31,2025-09-05,2025-09-06T13:00:00Z,2025-09-30,0.00,0.00,0.00,0.00,0.00,0.00,0.00
STM-CR-90020-202510,ACC-CR-90020,2025-09-06,2025-10-05,2025-10-06T13:00:00Z,2025-10-30,0.00,174.46,0.00,0.00,0.00,174.46,35.00
STM-CR-90020-202511,ACC-CR-90020,2025-10-06,2025-11-05,2025-11-06T14:00:00Z,2025-11-30,174.46,232.43,0.00,69.78,0.00,337.11,35.00
STM-CR-90020-202512,ACC-CR-90020,2025-11-06,2025-12-05,2025-12-06T14:00:00Z,2025-12-30,337.11,265.98,0.00,134.84,0.00,468.25,35.00
STM-CR-90020-202601,ACC-CR-90020,2025-12-06,2026-01-05,2026-01-06T14:00:00Z,2026-01-30,468.25,574.50,0.00,187.30,0.00,855.45,35.00
STM-CR-90020-202602,ACC-CR-90020,2026-01-06,2026-02-05,2026-02-06T14:00:00Z,2026-03-02,855.45,467.41,0.00,342.18,0.00,980.68,35.00
STM-CR-90020-202603,ACC-CR-90020,2026-02-06,2026-03-05,2026-03-06T14:00:00Z,2026-03-30,980.68,321.31,0.00,392.27,0.00,909.72,35.00
STM-CR-90020-202604,ACC-CR-90020,2026-03-06,2026-04-05,2026-04-06T13:00:00Z,2026-04-30,909.72,879.96,0.00,363.89,0.00,1425.79,35.00
STM-CR-90020-202605,ACC-CR-90020,2026-04-06,2026-05-05,2026-05-06T13:00:00Z,2026-05-30,1425.79,757.27,0.00,570.32,0.00,1612.74,35.00
STM-CR-90020-202606,ACC-CR-90020,2026-05-06,2026-06-05,2026-06-06T13:00:00Z,2026-06-30,1612.74,309.23,0.00,645.10,0.00,1276.87,35.00
STM-CR-90020-202607,ACC-CR-90020,2026-06-06,2026-07-05,2026-07-06T13:00:00Z,2026-07-30,1276.87,499.65,0.00,510.75,0.00,1265.77,35.00
STM-CR-90020-202608,ACC-CR-90020,2026-07-06,2026-08-05,2026-08-06T13:00:00Z,2026-08-30,1265.77,327.99,0.00,506.31,0.00,1087.45,35.00
STM-CR-90020-202609,ACC-CR-90020,2026-08-06,2026-09-05,2026-09-06T13:00:00Z,2026-09-30,1087.45,623.28,0.00,434.98,0.00,1275.75,35.00
STM-CR-90020-202610,ACC-CR-90020,2026-09-06,2026-10-05,2026-10-06T13:00:00Z,2026-10-30,1275.75,498.87,0.00,510.30,0.00,1264.32,35.00
STM-CR-90021-202509,ACC-CR-90021,2025-08-31,2025-09-23,2025-09-24T13:00:00Z,2025-10-18,0.00,0.00,0.00,0.00,0.00,0.00,0.00
STM-CR-90021-202510,ACC-CR-90021,2025-09-24,2025-10-23,2025-10-24T13:00:00Z,2025-11-17,0.00,129.03,0.00,0.00,0.00,129.03,35.00
STM-CR-90021-202511,ACC-CR-90021,2025-10-24,2025-11-23,2025-11-24T14:00:00Z,2025-12-18,129.03,294.62,0.00,129.03,0.00,294.62,35.00
STM-CR-90021-202512,ACC-CR-90021,2025-11-24,2025-12-23,2025-12-24T14:00:00Z,2026-01-17,294.62,162.21,0.00,294.62,0.00,162.21,35.00
STM-CR-90021-202601,ACC-CR-90021,2025-12-24,2026-01-23,2026-01-24T14:00:00Z,2026-02-17,162.21,13.99,0.00,162.21,0.00,13.99,35.00
STM-CR-90021-202602,ACC-CR-90021,2026-01-24,2026-02-23,2026-02-24T14:00:00Z,2026-03-20,13.99,224.86,0.00,13.99,0.00,224.86,35.00
STM-CR-90021-202603,ACC-CR-90021,2026-02-24,2026-03-23,2026-03-24T13:00:00Z,2026-04-17,224.86,122.37,0.00,224.86,0.00,122.37,35.00
STM-CR-90021-202604,ACC-CR-90021,2026-03-24,2026-04-23,2026-04-24T13:00:00Z,2026-05-18,122.37,191.16,0.00,122.37,0.00,191.16,35.00
STM-CR-90021-202605,ACC-CR-90021,2026-04-24,2026-05-23,2026-05-24T13:00:00Z,2026-06-17,191.16,143.01,0.00,191.16,0.00,143.01,35.00
STM-CR-90021-202606,ACC-CR-90021,2026-05-24,2026-06-23,2026-06-24T13:00:00Z,2026-07-18,143.01,927.27,0.00,143.01,0.00,927.27,35.00
STM-CR-90021-202607,ACC-CR-90021,2026-06-24,2026-07-23,2026-07-24T13:00:00Z,2026-08-17,927.27,395.73,0.00,927.27,0.00,395.73,35.00
STM-CR-90021-202608,ACC-CR-90021,2026-07-24,2026-08-23,2026-08-24T13:00:00Z,2026-09-17,395.73,340.08,0.00,395.73,0.00,340.08,35.00
STM-CR-90021-202609,ACC-CR-90021,2026-08-24,2026-09-23,2026-09-24T13:00:00Z,2026-10-18,340.08,1061.08,0.00,340.08,0.00,1061.08,35.00
STM-CR-90022-202509,ACC-CR-90022,2025-08-31,2025-09-20,2025-09-21T13:00:00Z,2025-10-15,0.00,0.00,0.00,0.00,0.00,0.00,0.00
STM-CR-90022-202510,ACC-CR-90022,2025-09-21,2025-10-20,2025-10-21T13:00:00Z,2025-11-14,0.00,75.00,0.00,0.00,0.00,75.00,35.00
STM-CR-90022-202511,ACC-CR-90022,2025-10-21,2025-11-20,2025-11-21T14:00:00Z,2025-12-15,75.00,476.74,0.00,75.00,0.00,476.74,35.00
STM-CR-90022-202512,ACC-CR-90022,2025-11-21,2025-12-20,2025-12-21T14:00:00Z,2026-01-14,476.74,538.87,0.00,476.74,0.00,538.87,35.00
STM-CR-90022-202601,ACC-CR-90022,2025-12-21,2026-01-20,2026-01-21T14:00:00Z,2026-02-14,538.87,156.50,0.00,538.87,0.00,156.50,35.00
STM-CR-90022-202602,ACC-CR-90022,2026-01-21,2026-02-20,2026-02-21T14:00:00Z,2026-03-17,156.50,941.61,0.00,156.50,0.00,941.61,35.00
STM-CR-90022-202603,ACC-CR-90022,2026-02-21,2026-03-20,2026-03-21T13:00:00Z,2026-04-14,941.61,462.32,0.00,941.61,0.00,462.32,35.00
STM-CR-90022-202604,ACC-CR-90022,2026-03-21,2026-04-20,2026-04-21T13:00:00Z,2026-05-15,462.32,103.99,0.00,462.32,0.00,103.99,35.00
STM-CR-90022-202605,ACC-CR-90022,2026-04-21,2026-05-20,2026-05-21T13:00:00Z,2026-06-14,103.99,320.92,0.00,103.99,0.00,320.92,35.00
STM-CR-90022-202606,ACC-CR-90022,2026-05-21,2026-06-20,2026-06-21T13:00:00Z,2026-07-15,320.92,244.76,0.00,320.92,0.00,244.76,35.00
STM-CR-90022-202607,ACC-CR-90022,2026-06-21,2026-07-20,2026-07-21T13:00:00Z,2026-08-14,244.76,274.03,0.00,244.76,0.00,274.03,35.00
STM-CR-90022-202608,ACC-CR-90022,2026-07-21,2026-08-20,2026-08-21T13:00:00Z,2026-09-14,274.03,425.65,0.00,274.03,0.00,425.65,35.00
STM-CR-90022-202609,ACC-CR-90022,2026-08-21,2026-09-20,2026-09-21T13:00:00Z,2026-10-15,425.65,362.44,0.00,425.65,0.00,362.44,35.00
STM-CR-90022-202610,ACC-CR-90022,2026-09-21,2026-10-20,2026-10-21T13:00:00Z,2026-11-14,362.44,323.84,0.00,362.44,0.00,323.84,35.00
STM-CR-90024-202509,ACC-CR-90024,2025-08-31,2025-09-02,2025-09-03T13:00:00Z,2025-09-27,0.00,0.00,0.00,0.00,0.00,0.00,0.00
STM-CR-90024-202510,ACC-CR-90024,2025-09-03,2025-10-02,2025-10-03T13:00:00Z,2025-10-27,0.00,0.00,0.00,0.00,0.00,0.00,0.00
STM-CR-90024-202511,ACC-CR-90024,2025-10-03,2025-11-02,2025-11-03T14:00:00Z,2025-11-27,0.00,171.62,0.00,0.00,0.00,171.62,35.00
STM-CR-90024-202512,ACC-CR-90024,2025-11-03,2025-12-02,2025-12-03T14:00:00Z,2025-12-27,171.62,262.16,0.00,171.62,0.00,262.16,35.00
STM-CR-90024-202601,ACC-CR-90024,2025-12-03,2026-01-02,2026-01-03T14:00:00Z,2026-01-27,262.16,421.19,0.00,262.16,0.00,421.19,35.00
STM-CR-90024-202602,ACC-CR-90024,2026-01-03,2026-02-02,2026-02-03T14:00:00Z,2026-02-27,421.19,149.05,0.00,421.19,0.00,149.05,35.00
STM-CR-90024-202603,ACC-CR-90024,2026-02-03,2026-03-02,2026-03-03T14:00:00Z,2026-03-27,149.05,326.69,0.00,149.05,0.00,326.69,35.00
STM-CR-90024-202604,ACC-CR-90024,2026-03-03,2026-04-02,2026-04-03T13:00:00Z,2026-04-27,326.69,255.22,0.00,326.69,0.00,255.22,35.00
STM-CR-90024-202605,ACC-CR-90024,2026-04-03,2026-05-02,2026-05-03T13:00:00Z,2026-05-27,255.22,752.60,0.00,255.22,0.00,752.60,35.00
STM-CR-90024-202606,ACC-CR-90024,2026-05-03,2026-06-02,2026-06-03T13:00:00Z,2026-06-27,752.60,345.06,0.00,752.60,0.00,345.06,35.00
STM-CR-90024-202607,ACC-CR-90024,2026-06-03,2026-07-02,2026-07-03T13:00:00Z,2026-07-27,345.06,272.26,0.00,345.06,0.00,272.26,35.00
STM-CR-90024-202608,ACC-CR-90024,2026-07-03,2026-08-02,2026-08-03T13:00:00Z,2026-08-27,272.26,453.59,0.00,272.26,0.00,453.59,35.00
STM-CR-90024-202609,ACC-CR-90024,2026-08-03,2026-09-02,2026-09-03T13:00:00Z,2026-09-27,453.59,366.69,0.00,453.59,0.00,366.69,35.00
STM-CR-90024-202610,ACC-CR-90024,2026-09-03,2026-10-02,2026-10-03T13:00:00Z,2026-10-27,366.69,350.27,0.00,366.69,0.00,350.27,35.00
STM-DDA-00001-202509,ACC-DDA-00001,2025-08-31,2025-09-28,2025-09-29T13:00:00Z,,0.00,0.00,0.00,0.00,0.00,0.00,0.00
STM-DDA-00001-202510,ACC-DDA-00001,2025-09-29,2025-10-28,2025-10-29T13:00:00Z,,0.00,34.03,0.00,0.00,0.00,34.03,0.00
STM-DDA-00001-202511,ACC-DDA-00001,2025-10-29,2025-11-28,2025-11-29T14:00:00Z,,34.03,164.75,0.00,0.00,0.00,198.78,0.00
STM-DDA-00001-202512,ACC-DDA-00001,2025-11-29,2025-12-28,2025-12-29T14:00:00Z,,198.78,58.44,0.00,0.00,0.00,257.22,0.00
STM-DDA-00001-202601,ACC-DDA-00001,2025-12-29,2026-01-28,2026-01-29T14:00:00Z,,257.22,0.00,0.00,0.00,0.00,257.22,0.00
STM-DDA-00001-202602,ACC-DDA-00001,2026-01-29,2026-02-28,2026-03-01T14:00:00Z,,257.22,0.00,0.00,0.00,0.00,257.22,0.00
STM-DDA-00001-202603,ACC-DDA-00001,2026-03-01,2026-03-28,2026-03-29T13:00:00Z,,257.22,0.00,0.00,0.00,0.00,257.22,0.00
STM-DDA-00001-202604,ACC-DDA-00001,2026-03-29,2026-04-28,2026-04-29T13:00:00Z,,257.22,158.73,0.00,0.00,0.00,415.95,0.00
STM-DDA-00001-202605,ACC-DDA-00001,2026-04-29,2026-05-28,2026-05-29T13:00:00Z,,415.95,0.00,0.00,0.00,0.00,415.95,0.00
STM-DDA-00001-202606,ACC-DDA-00001,2026-05-29,2026-06-28,2026-06-29T13:00:00Z,,415.95,14.88,0.00,0.00,0.00,430.83,0.00
STM-DDA-00001-202607,ACC-DDA-00001,2026-06-29,2026-07-28,2026-07-29T13:00:00Z,,430.83,143.14,0.00,0.00,0.00,573.97,0.00
STM-DDA-00001-202608,ACC-DDA-00001,2026-07-29,2026-08-28,2026-08-29T13:00:00Z,,573.97,26.42,0.00,0.00,0.00,600.39,0.00
STM-DDA-00001-202609,ACC-DDA-00001,2026-08-29,2026-09-28,2026-09-29T13:00:00Z,,600.39,35.52,0.00,0.00,0.00,635.91,0.00
STM-DDA-00002-202509,ACC-DDA-00002,2025-08-31,2025-09-28,2025-09-29T13:00:00Z,,0.00,0.00,0.00,0.00,0.00,0.00,0.00
STM-DDA-00002-202510,ACC-DDA-00002,2025-09-29,2025-10-28,2025-10-29T13:00:00Z,,0.00,402.75,0.00,0.00,0.00,402.75,0.00
STM-DDA-00002-202511,ACC-DDA-00002,2025-10-29,2025-11-28,2025-11-29T14:00:00Z,,402.75,107.68,0.00,0.00,0.00,510.43,0.00
STM-DDA-00002-202512,ACC-DDA-00002,2025-11-29,2025-12-28,2025-12-29T14:00:00Z,,510.43,0.00,0.00,0.00,0.00,510.43,0.00
STM-DDA-00002-202601,ACC-DDA-00002,2025-12-29,2026-01-28,2026-01-29T14:00:00Z,,510.43,12.51,0.00,0.00,0.00,522.94,0.00
STM-DDA-00002-202602,ACC-DDA-00002,2026-01-29,2026-02-28,2026-03-01T14:00:00Z,,522.94,8.43,12.51,0.00,0.00,518.86,0.00
STM-DDA-00002-202603,ACC-DDA-00002,2026-03-01,2026-03-28,2026-03-29T13:00:00Z,,518.86,12.61,0.00,0.00,0.00,531.47,0.00
STM-DDA-00002-202604,ACC-DDA-00002,2026-03-29,2026-04-28,2026-04-29T13:00:00Z,,531.47,32.90,0.00,0.00,0.00,564.37,0.00
STM-DDA-00002-202605,ACC-DDA-00002,2026-04-29,2026-05-28,2026-05-29T13:00:00Z,,564.37,62.48,0.00,0.00,0.00,626.85,0.00
STM-DDA-00002-202606,ACC-DDA-00002,2026-05-29,2026-06-28,2026-06-29T13:00:00Z,,626.85,14.02,0.00,0.00,0.00,640.87,0.00
STM-DDA-00002-202607,ACC-DDA-00002,2026-06-29,2026-07-28,2026-07-29T13:00:00Z,,640.87,196.58,0.00,0.00,0.00,837.45,0.00
STM-DDA-00002-202608,ACC-DDA-00002,2026-07-29,2026-08-28,2026-08-29T13:00:00Z,,837.45,0.00,0.00,0.00,0.00,837.45,0.00
STM-DDA-00002-202609,ACC-DDA-00002,2026-08-29,2026-09-28,2026-09-29T13:00:00Z,,837.45,99.49,0.00,0.00,0.00,936.94,0.00
STM-DDA-00003-202509,ACC-DDA-00003,2025-08-31,2025-09-28,2025-09-29T13:00:00Z,,0.00,0.00,0.00,0.00,0.00,0.00,0.00
STM-DDA-00003-202510,ACC-DDA-00003,2025-09-29,2025-10-28,2025-10-29T13:00:00Z,,0.00,175.43,0.00,0.00,0.00,175.43,0.00
STM-DDA-00003-202511,ACC-DDA-00003,2025-10-29,2025-11-28,2025-11-29T14:00:00Z,,175.43,148.09,0.00,0.00,0.00,323.52,0.00
STM-DDA-00003-202512,ACC-DDA-00003,2025-11-29,2025-12-28,2025-12-29T14:00:00Z,,323.52,406.29,0.00,0.00,0.00,729.81,0.00
STM-DDA-00003-202601,ACC-DDA-00003,2025-12-29,2026-01-28,2026-01-29T14:00:00Z,,729.81,391.41,0.00,0.00,0.00,1121.22,0.00
STM-DDA-00003-202602,ACC-DDA-00003,2026-01-29,2026-02-28,2026-03-01T14:00:00Z,,1121.22,196.20,0.00,0.00,0.00,1317.42,0.00
STM-DDA-00003-202603,ACC-DDA-00003,2026-03-01,2026-03-28,2026-03-29T13:00:00Z,,1317.42,146.87,0.00,0.00,0.00,1464.29,0.00
STM-DDA-00003-202604,ACC-DDA-00003,2026-03-29,2026-04-28,2026-04-29T13:00:00Z,,1464.29,727.16,0.00,0.00,0.00,2191.45,0.00
STM-DDA-00003-202605,ACC-DDA-00003,2026-04-29,2026-05-28,2026-05-29T13:00:00Z,,2191.45,399.46,0.00,0.00,0.00,2590.91,0.00
STM-DDA-00003-202606,ACC-DDA-00003,2026-05-29,2026-06-28,2026-06-29T13:00:00Z,,2590.91,284.77,0.00,0.00,0.00,2875.68,0.00
STM-DDA-00003-202607,ACC-DDA-00003,2026-06-29,2026-07-28,2026-07-29T13:00:00Z,,2875.68,444.23,0.00,0.00,0.00,3319.91,0.00
STM-DDA-00003-202608,ACC-DDA-00003,2026-07-29,2026-08-28,2026-08-29T13:00:00Z,,3319.91,245.54,0.00,0.00,0.00,3565.45,0.00
STM-DDA-00003-202609,ACC-DDA-00003,2026-08-29,2026-09-28,2026-09-29T13:00:00Z,,3565.45,634.60,0.00,0.00,0.00,4200.05,0.00
STM-DDA-00004-202509,ACC-DDA-00004,2025-08-31,2025-09-28,2025-09-29T13:00:00Z,,0.00,0.00,0.00,0.00,0.00,0.00,0.00
STM-DDA-00004-202510,ACC-DDA-00004,2025-09-29,2025-10-28,2025-10-29T13:00:00Z,,0.00,342.82,0.00,0.00,0.00,342.82,0.00
STM-DDA-00004-202511,ACC-DDA-00004,2025-10-29,2025-11-28,2025-11-29T14:00:00Z,,342.82,219.85,0.00,0.00,0.00,562.67,0.00
STM-DDA-00004-202512,ACC-DDA-00004,2025-11-29,2025-12-28,2025-12-29T14:00:00Z,,562.67,471.95,0.00,0.00,0.00,1034.62,0.00
STM-DDA-00004-202601,ACC-DDA-00004,2025-12-29,2026-01-28,2026-01-29T14:00:00Z,,1034.62,347.83,0.00,0.00,0.00,1382.45,0.00
STM-DDA-00004-202602,ACC-DDA-00004,2026-01-29,2026-02-28,2026-03-01T14:00:00Z,,1382.45,272.38,0.00,0.00,0.00,1654.83,0.00
STM-DDA-00004-202603,ACC-DDA-00004,2026-03-01,2026-03-28,2026-03-29T13:00:00Z,,1654.83,1020.18,0.00,0.00,0.00,2675.01,0.00
STM-DDA-00004-202604,ACC-DDA-00004,2026-03-29,2026-04-28,2026-04-29T13:00:00Z,,2675.01,116.70,0.00,0.00,0.00,2791.71,0.00
STM-DDA-00004-202605,ACC-DDA-00004,2026-04-29,2026-05-28,2026-05-29T13:00:00Z,,2791.71,207.26,0.00,0.00,0.00,2998.97,0.00
STM-DDA-00004-202606,ACC-DDA-00004,2026-05-29,2026-06-28,2026-06-29T13:00:00Z,,2998.97,438.02,0.00,0.00,0.00,3436.99,0.00
STM-DDA-00004-202607,ACC-DDA-00004,2026-06-29,2026-07-28,2026-07-29T13:00:00Z,,3436.99,243.26,0.00,0.00,0.00,3680.25,0.00
STM-DDA-00004-202608,ACC-DDA-00004,2026-07-29,2026-08-28,2026-08-29T13:00:00Z,,3680.25,92.00,0.00,0.00,0.00,3772.25,0.00
STM-DDA-00004-202609,ACC-DDA-00004,2026-08-29,2026-09-28,2026-09-29T13:00:00Z,,3772.25,300.83,0.00,0.00,0.00,4073.08,0.00
STM-DDA-00005-202509,ACC-DDA-00005,2025-08-31,2025-09-28,2025-09-29T13:00:00Z,,0.00,0.00,0.00,0.00,0.00,0.00,0.00
STM-DDA-00005-202510,ACC-DDA-00005,2025-09-29,2025-10-28,2025-10-29T13:00:00Z,,0.00,119.99,0.00,0.00,0.00,119.99,0.00
STM-DDA-00005-202511,ACC-DDA-00005,2025-10-29,2025-11-28,2025-11-29T14:00:00Z,,119.99,54.19,0.00,0.00,0.00,174.18,0.00
STM-DDA-00005-202512,ACC-DDA-00005,2025-11-29,2025-12-28,2025-12-29T14:00:00Z,,174.18,67.60,0.00,0.00,0.00,241.78,0.00
STM-DDA-00005-202601,ACC-DDA-00005,2025-12-29,2026-01-28,2026-01-29T14:00:00Z,,241.78,25.68,0.00,0.00,0.00,267.46,0.00
STM-DDA-00005-202602,ACC-DDA-00005,2026-01-29,2026-02-28,2026-03-01T14:00:00Z,,267.46,768.12,0.00,0.00,0.00,1035.58,0.00
STM-DDA-00005-202603,ACC-DDA-00005,2026-03-01,2026-03-28,2026-03-29T13:00:00Z,,1035.58,54.14,0.00,0.00,0.00,1089.72,0.00
STM-DDA-00005-202604,ACC-DDA-00005,2026-03-29,2026-04-28,2026-04-29T13:00:00Z,,1089.72,108.98,0.00,0.00,0.00,1198.70,0.00
STM-DDA-00005-202605,ACC-DDA-00005,2026-04-29,2026-05-28,2026-05-29T13:00:00Z,,1198.70,0.00,0.00,0.00,0.00,1198.70,0.00
STM-DDA-00005-202606,ACC-DDA-00005,2026-05-29,2026-06-28,2026-06-29T13:00:00Z,,1198.70,159.97,0.00,0.00,0.00,1358.67,0.00
STM-DDA-00005-202607,ACC-DDA-00005,2026-06-29,2026-07-28,2026-07-29T13:00:00Z,,1358.67,73.70,0.00,0.00,0.00,1432.37,0.00
STM-DDA-00005-202608,ACC-DDA-00005,2026-07-29,2026-08-28,2026-08-29T13:00:00Z,,1432.37,153.75,0.00,0.00,0.00,1586.12,0.00
STM-DDA-00005-202609,ACC-DDA-00005,2026-08-29,2026-09-28,2026-09-29T13:00:00Z,,1586.12,136.52,0.00,0.00,0.00,1722.64,0.00
STM-DDA-00006-202509,ACC-DDA-00006,2025-08-31,2025-09-28,2025-09-29T13:00:00Z,,0.00,0.00,0.00,0.00,0.00,0.00,0.00
STM-DDA-00006-202510,ACC-DDA-00006,2025-09-29,2025-10-28,2025-10-29T13:00:00Z,,0.00,0.00,0.00,0.00,0.00,0.00,0.00
STM-DDA-00006-202511,ACC-DDA-00006,2025-10-29,2025-11-28,2025-11-29T14:00:00Z,,0.00,0.00,0.00,0.00,0.00,0.00,0.00
STM-DDA-00006-202512,ACC-DDA-00006,2025-11-29,2025-12-28,2025-12-29T14:00:00Z,,0.00,75.95,0.00,0.00,0.00,75.95,0.00
STM-DDA-00006-202601,ACC-DDA-00006,2025-12-29,2026-01-28,2026-01-29T14:00:00Z,,75.95,144.57,0.00,0.00,0.00,220.52,0.00
STM-DDA-00006-202602,ACC-DDA-00006,2026-01-29,2026-02-28,2026-03-01T14:00:00Z,,220.52,74.87,0.00,0.00,0.00,295.39,0.00
STM-DDA-00006-202603,ACC-DDA-00006,2026-03-01,2026-03-28,2026-03-29T13:00:00Z,,295.39,128.94,0.00,0.00,0.00,424.33,0.00
STM-DDA-00006-202604,ACC-DDA-00006,2026-03-29,2026-04-28,2026-04-29T13:00:00Z,,424.33,0.00,0.00,0.00,0.00,424.33,0.00
STM-DDA-00006-202605,ACC-DDA-00006,2026-04-29,2026-05-28,2026-05-29T13:00:00Z,,424.33,110.93,0.00,0.00,0.00,535.26,0.00
STM-DDA-00006-202606,ACC-DDA-00006,2026-05-29,2026-06-28,2026-06-29T13:00:00Z,,535.26,89.24,0.00,0.00,0.00,624.50,0.00
STM-DDA-00006-202607,ACC-DDA-00006,2026-06-29,2026-07-28,2026-07-29T13:00:00Z,,624.50,0.00,0.00,0.00,0.00,624.50,0.00
STM-DDA-00006-202608,ACC-DDA-00006,2026-07-29,2026-08-28,2026-08-29T13:00:00Z,,624.50,37.76,0.00,0.00,0.00,662.26,0.00
STM-DDA-00006-202609,ACC-DDA-00006,2026-08-29,2026-09-28,2026-09-29T13:00:00Z,,662.26,119.09,0.00,0.00,0.00,781.35,0.00
STM-DDA-00007-202604,ACC-DDA-00007,2026-04-18,2026-04-28,2026-04-29T13:00:00Z,,0.00,129.37,0.00,0.00,0.00,129.37,0.00
STM-DDA-00007-202605,ACC-DDA-00007,2026-04-29,2026-05-28,2026-05-29T13:00:00Z,,129.37,0.00,0.00,0.00,0.00,129.37,0.00
STM-DDA-00007-202606,ACC-DDA-00007,2026-05-29,2026-06-28,2026-06-29T13:00:00Z,,129.37,0.00,0.00,0.00,0.00,129.37,0.00
STM-DDA-00007-202607,ACC-DDA-00007,2026-06-29,2026-07-28,2026-07-29T13:00:00Z,,129.37,382.64,0.00,0.00,0.00,512.01,0.00
STM-DDA-00007-202608,ACC-DDA-00007,2026-07-29,2026-08-28,2026-08-29T13:00:00Z,,512.01,93.82,0.00,0.00,0.00,605.83,0.00
STM-DDA-00007-202609,ACC-DDA-00007,2026-08-29,2026-09-28,2026-09-29T13:00:00Z,,605.83,0.00,0.00,0.00,0.00,605.83,0.00
STM-DDA-00008-202509,ACC-DDA-00008,2025-08-31,2025-09-28,2025-09-29T13:00:00Z,,0.00,0.00,0.00,0.00,0.00,0.00,0.00
STM-DDA-00008-202510,ACC-DDA-00008,2025-09-29,2025-10-28,2025-10-29T13:00:00Z,,0.00,111.68,0.00,0.00,0.00,111.68,0.00
STM-DDA-00008-202511,ACC-DDA-00008,2025-10-29,2025-11-28,2025-11-29T14:00:00Z,,111.68,0.00,0.00,0.00,0.00,111.68,0.00
STM-DDA-00008-202512,ACC-DDA-00008,2025-11-29,2025-12-28,2025-12-29T14:00:00Z,,111.68,0.00,0.00,0.00,0.00,111.68,0.00
STM-DDA-00008-202601,ACC-DDA-00008,2025-12-29,2026-01-28,2026-01-29T14:00:00Z,,111.68,0.00,0.00,0.00,0.00,111.68,0.00
STM-DDA-00008-202602,ACC-DDA-00008,2026-01-29,2026-02-28,2026-03-01T14:00:00Z,,111.68,0.00,0.00,0.00,0.00,111.68,0.00
STM-DDA-00008-202603,ACC-DDA-00008,2026-03-01,2026-03-28,2026-03-29T13:00:00Z,,111.68,956.35,0.00,0.00,0.00,1068.03,0.00
STM-DDA-00008-202604,ACC-DDA-00008,2026-03-29,2026-04-28,2026-04-29T13:00:00Z,,1068.03,64.82,0.00,0.00,0.00,1132.85,0.00
STM-DDA-00008-202605,ACC-DDA-00008,2026-04-29,2026-05-28,2026-05-29T13:00:00Z,,1132.85,0.00,0.00,0.00,0.00,1132.85,0.00
STM-DDA-00008-202606,ACC-DDA-00008,2026-05-29,2026-06-28,2026-06-29T13:00:00Z,,1132.85,137.61,0.00,0.00,0.00,1270.46,0.00
STM-DDA-00008-202607,ACC-DDA-00008,2026-06-29,2026-07-28,2026-07-29T13:00:00Z,,1270.46,0.00,0.00,0.00,0.00,1270.46,0.00
STM-DDA-00008-202608,ACC-DDA-00008,2026-07-29,2026-08-28,2026-08-29T13:00:00Z,,1270.46,34.77,0.00,0.00,0.00,1305.23,0.00
STM-DDA-00008-202609,ACC-DDA-00008,2026-08-29,2026-09-28,2026-09-29T13:00:00Z,,1305.23,362.53,0.00,0.00,0.00,1667.76,0.00
STM-DDA-00009-202509,ACC-DDA-00009,2025-08-31,2025-09-28,2025-09-29T13:00:00Z,,0.00,0.00,0.00,0.00,0.00,0.00,0.00
STM-DDA-00009-202510,ACC-DDA-00009,2025-09-29,2025-10-28,2025-10-29T13:00:00Z,,0.00,39.72,0.00,0.00,0.00,39.72,0.00
STM-DDA-00009-202511,ACC-DDA-00009,2025-10-29,2025-11-28,2025-11-29T14:00:00Z,,39.72,58.53,0.00,0.00,0.00,98.25,0.00
STM-DDA-00009-202512,ACC-DDA-00009,2025-11-29,2025-12-28,2025-12-29T14:00:00Z,,98.25,20.23,0.00,0.00,0.00,118.48,0.00
STM-DDA-00009-202601,ACC-DDA-00009,2025-12-29,2026-01-28,2026-01-29T14:00:00Z,,118.48,64.06,0.00,0.00,0.00,182.54,0.00
STM-DDA-00009-202602,ACC-DDA-00009,2026-01-29,2026-02-28,2026-03-01T14:00:00Z,,182.54,0.00,0.00,0.00,0.00,182.54,0.00
STM-DDA-00009-202603,ACC-DDA-00009,2026-03-01,2026-03-28,2026-03-29T13:00:00Z,,182.54,23.48,0.00,0.00,0.00,206.02,0.00
STM-DDA-00009-202604,ACC-DDA-00009,2026-03-29,2026-04-28,2026-04-29T13:00:00Z,,206.02,10.65,0.00,0.00,0.00,216.67,0.00
STM-DDA-00009-202605,ACC-DDA-00009,2026-04-29,2026-05-28,2026-05-29T13:00:00Z,,216.67,28.59,0.00,0.00,0.00,245.26,0.00
STM-DDA-00009-202606,ACC-DDA-00009,2026-05-29,2026-06-28,2026-06-29T13:00:00Z,,245.26,65.30,0.00,0.00,0.00,310.56,0.00
STM-DDA-00009-202607,ACC-DDA-00009,2026-06-29,2026-07-28,2026-07-29T13:00:00Z,,310.56,18.30,0.00,0.00,0.00,328.86,0.00
STM-DDA-00009-202608,ACC-DDA-00009,2026-07-29,2026-08-28,2026-08-29T13:00:00Z,,328.86,0.00,0.00,0.00,0.00,328.86,0.00
STM-DDA-00009-202609,ACC-DDA-00009,2026-08-29,2026-09-28,2026-09-29T13:00:00Z,,328.86,0.00,0.00,0.00,0.00,328.86,0.00
STM-DDA-00010-202509,ACC-DDA-00010,2025-08-31,2025-09-28,2025-09-29T13:00:00Z,,0.00,0.00,0.00,0.00,0.00,0.00,0.00
STM-DDA-00010-202510,ACC-DDA-00010,2025-09-29,2025-10-28,2025-10-29T13:00:00Z,,0.00,426.58,0.00,0.00,0.00,426.58,0.00
STM-DDA-00010-202511,ACC-DDA-00010,2025-10-29,2025-11-28,2025-11-29T14:00:00Z,,426.58,251.10,0.00,0.00,0.00,677.68,0.00
STM-DDA-00010-202512,ACC-DDA-00010,2025-11-29,2025-12-28,2025-12-29T14:00:00Z,,677.68,824.00,0.00,0.00,0.00,1501.68,0.00
STM-DDA-00010-202601,ACC-DDA-00010,2025-12-29,2026-01-28,2026-01-29T14:00:00Z,,1501.68,345.38,0.00,0.00,0.00,1847.06,0.00
STM-DDA-00010-202602,ACC-DDA-00010,2026-01-29,2026-02-28,2026-03-01T14:00:00Z,,1847.06,266.85,0.00,0.00,0.00,2113.91,0.00
STM-DDA-00010-202603,ACC-DDA-00010,2026-03-01,2026-03-28,2026-03-29T13:00:00Z,,2113.91,212.87,0.00,0.00,0.00,2326.78,0.00
STM-DDA-00010-202604,ACC-DDA-00010,2026-03-29,2026-04-28,2026-04-29T13:00:00Z,,2326.78,235.72,0.00,0.00,0.00,2562.50,0.00
STM-DDA-00010-202605,ACC-DDA-00010,2026-04-29,2026-05-28,2026-05-29T13:00:00Z,,2562.50,1509.35,0.00,0.00,0.00,4071.85,0.00
STM-DDA-00010-202606,ACC-DDA-00010,2026-05-29,2026-06-28,2026-06-29T13:00:00Z,,4071.85,807.18,0.00,0.00,0.00,4879.03,0.00
STM-DDA-00010-202607,ACC-DDA-00010,2026-06-29,2026-07-28,2026-07-29T13:00:00Z,,4879.03,201.78,469.55,0.00,0.00,4611.26,0.00
STM-DDA-00010-202608,ACC-DDA-00010,2026-07-29,2026-08-28,2026-08-29T13:00:00Z,,4611.26,219.33,0.00,0.00,0.00,4830.59,0.00
STM-DDA-00010-202609,ACC-DDA-00010,2026-08-29,2026-09-28,2026-09-29T13:00:00Z,,4830.59,529.13,0.00,0.00,0.00,5359.72,0.00
STM-DDA-00011-202509,ACC-DDA-00011,2025-08-31,2025-09-28,2025-09-29T13:00:00Z,,0.00,0.00,0.00,0.00,0.00,0.00,0.00
STM-DDA-00011-202510,ACC-DDA-00011,2025-09-29,2025-10-28,2025-10-29T13:00:00Z,,0.00,35.87,0.00,0.00,0.00,35.87,0.00
STM-DDA-00011-202511,ACC-DDA-00011,2025-10-29,2025-11-28,2025-11-29T14:00:00Z,,35.87,42.34,0.00,0.00,0.00,78.21,0.00
STM-DDA-00011-202512,ACC-DDA-00011,2025-11-29,2025-12-28,2025-12-29T14:00:00Z,,78.21,0.00,0.00,0.00,0.00,78.21,0.00
STM-DDA-00011-202601,ACC-DDA-00011,2025-12-29,2026-01-28,2026-01-29T14:00:00Z,,78.21,28.46,0.00,0.00,0.00,106.67,0.00
STM-DDA-00011-202602,ACC-DDA-00011,2026-01-29,2026-02-28,2026-03-01T14:00:00Z,,106.67,0.00,0.00,0.00,0.00,106.67,0.00
STM-DDA-00011-202603,ACC-DDA-00011,2026-03-01,2026-03-28,2026-03-29T13:00:00Z,,106.67,86.88,0.00,0.00,0.00,193.55,0.00
STM-DDA-00011-202604,ACC-DDA-00011,2026-03-29,2026-04-28,2026-04-29T13:00:00Z,,193.55,45.17,0.00,0.00,0.00,238.72,0.00
STM-DDA-00011-202605,ACC-DDA-00011,2026-04-29,2026-05-28,2026-05-29T13:00:00Z,,238.72,0.00,0.00,0.00,0.00,238.72,0.00
STM-DDA-00011-202606,ACC-DDA-00011,2026-05-29,2026-06-28,2026-06-29T13:00:00Z,,238.72,79.31,0.00,0.00,0.00,318.03,0.00
STM-DDA-00011-202607,ACC-DDA-00011,2026-06-29,2026-07-28,2026-07-29T13:00:00Z,,318.03,56.79,0.00,0.00,0.00,374.82,0.00
STM-DDA-00011-202608,ACC-DDA-00011,2026-07-29,2026-08-28,2026-08-29T13:00:00Z,,374.82,0.00,0.00,0.00,0.00,374.82,0.00
STM-DDA-00011-202609,ACC-DDA-00011,2026-08-29,2026-09-28,2026-09-29T13:00:00Z,,374.82,9.63,0.00,0.00,0.00,384.45,0.00
STM-DDA-00012-202603,ACC-DDA-00012,2026-03-22,2026-03-28,2026-03-29T13:00:00Z,,0.00,0.00,0.00,0.00,0.00,0.00,0.00
STM-DDA-00012-202604,ACC-DDA-00012,2026-03-29,2026-04-28,2026-04-29T13:00:00Z,,0.00,147.55,0.00,0.00,0.00,147.55,0.00
STM-DDA-00012-202605,ACC-DDA-00012,2026-04-29,2026-05-28,2026-05-29T13:00:00Z,,147.55,71.60,0.00,0.00,0.00,219.15,0.00
STM-DDA-00012-202606,ACC-DDA-00012,2026-05-29,2026-06-28,2026-06-29T13:00:00Z,,219.15,139.46,0.00,0.00,0.00,358.61,0.00
STM-DDA-00012-202607,ACC-DDA-00012,2026-06-29,2026-07-28,2026-07-29T13:00:00Z,,358.61,40.94,0.00,0.00,0.00,399.55,0.00
STM-DDA-00012-202608,ACC-DDA-00012,2026-07-29,2026-08-28,2026-08-29T13:00:00Z,,399.55,102.08,0.00,0.00,0.00,501.63,0.00
STM-DDA-00012-202609,ACC-DDA-00012,2026-08-29,2026-09-28,2026-09-29T13:00:00Z,,501.63,0.00,0.00,0.00,0.00,501.63,0.00
STM-DDA-00013-202509,ACC-DDA-00013,2025-08-31,2025-09-28,2025-09-29T13:00:00Z,,0.00,0.00,0.00,0.00,0.00,0.00,0.00
STM-DDA-00013-202510,ACC-DDA-00013,2025-09-29,2025-10-28,2025-10-29T13:00:00Z,,0.00,117.96,0.00,0.00,0.00,117.96,0.00
STM-DDA-00013-202511,ACC-DDA-00013,2025-10-29,2025-11-28,2025-11-29T14:00:00Z,,117.96,47.21,0.00,0.00,0.00,165.17,0.00
STM-DDA-00013-202512,ACC-DDA-00013,2025-11-29,2025-12-28,2025-12-29T14:00:00Z,,165.17,196.86,0.00,0.00,0.00,362.03,0.00
STM-DDA-00013-202601,ACC-DDA-00013,2025-12-29,2026-01-28,2026-01-29T14:00:00Z,,362.03,31.08,0.00,0.00,0.00,393.11,0.00
STM-DDA-00013-202602,ACC-DDA-00013,2026-01-29,2026-02-28,2026-03-01T14:00:00Z,,393.11,140.55,0.00,0.00,0.00,533.66,0.00
STM-DDA-00013-202603,ACC-DDA-00013,2026-03-01,2026-03-28,2026-03-29T13:00:00Z,,533.66,0.00,0.00,0.00,0.00,533.66,0.00
STM-DDA-00013-202604,ACC-DDA-00013,2026-03-29,2026-04-28,2026-04-29T13:00:00Z,,533.66,20.79,0.00,0.00,0.00,554.45,0.00
STM-DDA-00013-202605,ACC-DDA-00013,2026-04-29,2026-05-28,2026-05-29T13:00:00Z,,554.45,1110.57,0.00,0.00,0.00,1665.02,0.00
STM-DDA-00013-202606,ACC-DDA-00013,2026-05-29,2026-06-28,2026-06-29T13:00:00Z,,1665.02,21.20,0.00,0.00,0.00,1686.22,0.00
STM-DDA-00013-202607,ACC-DDA-00013,2026-06-29,2026-07-28,2026-07-29T13:00:00Z,,1686.22,17.11,0.00,0.00,0.00,1703.33,0.00
STM-DDA-00013-202608,ACC-DDA-00013,2026-07-29,2026-08-28,2026-08-29T13:00:00Z,,1703.33,7.98,0.00,0.00,0.00,1711.31,0.00
STM-DDA-00013-202609,ACC-DDA-00013,2026-08-29,2026-09-28,2026-09-29T13:00:00Z,,1711.31,24.45,0.00,0.00,0.00,1735.76,0.00
STM-DDA-00014-202509,ACC-DDA-00014,2025-08-31,2025-09-28,2025-09-29T13:00:00Z,,0.00,0.00,0.00,0.00,0.00,0.00,0.00
STM-DDA-00014-202510,ACC-DDA-00014,2025-09-29,2025-10-28,2025-10-29T13:00:00Z,,0.00,36.76,0.00,0.00,0.00,36.76,0.00
STM-DDA-00014-202511,ACC-DDA-00014,2025-10-29,2025-11-28,2025-11-29T14:00:00Z,,36.76,69.45,0.00,0.00,0.00,106.21,0.00
STM-DDA-00014-202512,ACC-DDA-00014,2025-11-29,2025-12-28,2025-12-29T14:00:00Z,,106.21,45.79,0.00,0.00,0.00,152.00,0.00
STM-DDA-00014-202601,ACC-DDA-00014,2025-12-29,2026-01-28,2026-01-29T14:00:00Z,,152.00,75.01,0.00,0.00,0.00,227.01,0.00
STM-DDA-00014-202602,ACC-DDA-00014,2026-01-29,2026-02-28,2026-03-01T14:00:00Z,,227.01,41.35,0.00,0.00,0.00,268.36,0.00
STM-DDA-00014-202603,ACC-DDA-00014,2026-03-01,2026-03-28,2026-03-29T13:00:00Z,,268.36,880.96,0.00,0.00,0.00,1149.32,0.00
STM-DDA-00014-202604,ACC-DDA-00014,2026-03-29,2026-04-28,2026-04-29T13:00:00Z,,1149.32,99.60,0.00,0.00,0.00,1248.92,0.00
STM-DDA-00014-202605,ACC-DDA-00014,2026-04-29,2026-05-28,2026-05-29T13:00:00Z,,1248.92,0.00,0.00,0.00,0.00,1248.92,0.00
STM-DDA-00014-202606,ACC-DDA-00014,2026-05-29,2026-06-28,2026-06-29T13:00:00Z,,1248.92,0.00,0.00,0.00,0.00,1248.92,0.00
STM-DDA-00014-202607,ACC-DDA-00014,2026-06-29,2026-07-28,2026-07-29T13:00:00Z,,1248.92,0.00,0.00,0.00,0.00,1248.92,0.00
STM-DDA-00014-202608,ACC-DDA-00014,2026-07-29,2026-08-28,2026-08-29T13:00:00Z,,1248.92,303.06,0.00,0.00,0.00,1551.98,0.00
STM-DDA-00014-202609,ACC-DDA-00014,2026-08-29,2026-09-28,2026-09-29T13:00:00Z,,1551.98,83.84,0.00,0.00,0.00,1635.82,0.00
STM-DDA-00015-202509,ACC-DDA-00015,2025-08-31,2025-09-28,2025-09-29T13:00:00Z,,0.00,0.00,0.00,0.00,0.00,0.00,0.00
STM-DDA-00015-202510,ACC-DDA-00015,2025-09-29,2025-10-28,2025-10-29T13:00:00Z,,0.00,22.46,0.00,0.00,0.00,22.46,0.00
STM-DDA-00015-202511,ACC-DDA-00015,2025-10-29,2025-11-28,2025-11-29T14:00:00Z,,22.46,11.24,0.00,0.00,0.00,33.70,0.00
STM-DDA-00015-202512,ACC-DDA-00015,2025-11-29,2025-12-28,2025-12-29T14:00:00Z,,33.70,0.00,0.00,0.00,0.00,33.70,0.00
STM-DDA-00015-202601,ACC-DDA-00015,2025-12-29,2026-01-28,2026-01-29T14:00:00Z,,33.70,0.00,0.00,0.00,0.00,33.70,0.00
STM-DDA-00015-202602,ACC-DDA-00015,2026-01-29,2026-02-28,2026-03-01T14:00:00Z,,33.70,120.01,0.00,0.00,0.00,153.71,0.00
STM-DDA-00015-202603,ACC-DDA-00015,2026-03-01,2026-03-28,2026-03-29T13:00:00Z,,153.71,70.81,0.00,0.00,0.00,224.52,0.00
STM-DDA-00015-202604,ACC-DDA-00015,2026-03-29,2026-04-28,2026-04-29T13:00:00Z,,224.52,75.53,0.00,0.00,0.00,300.05,0.00
STM-DDA-00015-202605,ACC-DDA-00015,2026-04-29,2026-05-28,2026-05-29T13:00:00Z,,300.05,0.00,0.00,0.00,0.00,300.05,0.00
STM-DDA-00015-202606,ACC-DDA-00015,2026-05-29,2026-06-28,2026-06-29T13:00:00Z,,300.05,0.00,0.00,0.00,0.00,300.05,0.00
STM-DDA-00015-202607,ACC-DDA-00015,2026-06-29,2026-07-28,2026-07-29T13:00:00Z,,300.05,0.00,0.00,0.00,0.00,300.05,0.00
STM-DDA-00015-202608,ACC-DDA-00015,2026-07-29,2026-08-28,2026-08-29T13:00:00Z,,300.05,131.23,0.00,0.00,0.00,431.28,0.00
STM-DDA-00015-202609,ACC-DDA-00015,2026-08-29,2026-09-28,2026-09-29T13:00:00Z,,431.28,0.00,0.00,0.00,0.00,431.28,0.00
STM-DDA-00016-202509,ACC-DDA-00016,2025-08-31,2025-09-28,2025-09-29T13:00:00Z,,0.00,0.00,0.00,0.00,0.00,0.00,0.00
STM-DDA-00016-202510,ACC-DDA-00016,2025-09-29,2025-10-28,2025-10-29T13:00:00Z,,0.00,15.88,0.00,0.00,0.00,15.88,0.00
STM-DDA-00016-202511,ACC-DDA-00016,2025-10-29,2025-11-28,2025-11-29T14:00:00Z,,15.88,214.95,0.00,0.00,0.00,230.83,0.00
STM-DDA-00016-202512,ACC-DDA-00016,2025-11-29,2025-12-28,2025-12-29T14:00:00Z,,230.83,0.00,0.00,0.00,0.00,230.83,0.00
STM-DDA-00016-202601,ACC-DDA-00016,2025-12-29,2026-01-28,2026-01-29T14:00:00Z,,230.83,207.81,0.00,0.00,0.00,438.64,0.00
STM-DDA-00016-202602,ACC-DDA-00016,2026-01-29,2026-02-28,2026-03-01T14:00:00Z,,438.64,67.78,0.00,0.00,0.00,506.42,0.00
STM-DDA-00016-202603,ACC-DDA-00016,2026-03-01,2026-03-28,2026-03-29T13:00:00Z,,506.42,265.09,0.00,0.00,0.00,771.51,0.00
STM-DDA-00016-202604,ACC-DDA-00016,2026-03-29,2026-04-28,2026-04-29T13:00:00Z,,771.51,0.00,0.00,0.00,0.00,771.51,0.00
STM-DDA-00016-202605,ACC-DDA-00016,2026-04-29,2026-05-28,2026-05-29T13:00:00Z,,771.51,0.00,0.00,0.00,0.00,771.51,0.00
STM-DDA-00016-202606,ACC-DDA-00016,2026-05-29,2026-06-28,2026-06-29T13:00:00Z,,771.51,81.66,0.00,0.00,0.00,853.17,0.00
STM-DDA-00016-202607,ACC-DDA-00016,2026-06-29,2026-07-28,2026-07-29T13:00:00Z,,853.17,46.18,0.00,0.00,0.00,899.35,0.00
STM-DDA-00016-202608,ACC-DDA-00016,2026-07-29,2026-08-28,2026-08-29T13:00:00Z,,899.35,0.00,0.00,0.00,0.00,899.35,0.00
STM-DDA-00016-202609,ACC-DDA-00016,2026-08-29,2026-09-28,2026-09-29T13:00:00Z,,899.35,105.76,0.00,0.00,0.00,1005.11,0.00
STM-DDA-00017-202509,ACC-DDA-00017,2025-08-31,2025-09-28,2025-09-29T13:00:00Z,,0.00,0.00,0.00,0.00,0.00,0.00,0.00
STM-DDA-00017-202510,ACC-DDA-00017,2025-09-29,2025-10-28,2025-10-29T13:00:00Z,,0.00,0.00,0.00,0.00,0.00,0.00,0.00
STM-DDA-00017-202511,ACC-DDA-00017,2025-10-29,2025-11-28,2025-11-29T14:00:00Z,,0.00,0.00,0.00,0.00,0.00,0.00,0.00
STM-DDA-00017-202512,ACC-DDA-00017,2025-11-29,2025-12-28,2025-12-29T14:00:00Z,,0.00,70.05,0.00,0.00,0.00,70.05,0.00
STM-DDA-00017-202601,ACC-DDA-00017,2025-12-29,2026-01-28,2026-01-29T14:00:00Z,,70.05,271.60,0.00,0.00,0.00,341.65,0.00
STM-DDA-00017-202602,ACC-DDA-00017,2026-01-29,2026-02-28,2026-03-01T14:00:00Z,,341.65,0.00,0.00,0.00,0.00,341.65,0.00
STM-DDA-00017-202603,ACC-DDA-00017,2026-03-01,2026-03-28,2026-03-29T13:00:00Z,,341.65,202.90,0.00,0.00,0.00,544.55,0.00
STM-DDA-00017-202604,ACC-DDA-00017,2026-03-29,2026-04-28,2026-04-29T13:00:00Z,,544.55,0.00,0.00,0.00,0.00,544.55,0.00
STM-DDA-00017-202605,ACC-DDA-00017,2026-04-29,2026-05-28,2026-05-29T13:00:00Z,,544.55,313.06,0.00,0.00,0.00,857.61,0.00
STM-DDA-00017-202606,ACC-DDA-00017,2026-05-29,2026-06-28,2026-06-29T13:00:00Z,,857.61,0.00,0.00,0.00,0.00,857.61,0.00
STM-DDA-00017-202607,ACC-DDA-00017,2026-06-29,2026-07-28,2026-07-29T13:00:00Z,,857.61,11.34,0.00,0.00,0.00,868.95,0.00
STM-DDA-00017-202608,ACC-DDA-00017,2026-07-29,2026-08-28,2026-08-29T13:00:00Z,,868.95,64.24,0.00,0.00,0.00,933.19,0.00
STM-DDA-00017-202609,ACC-DDA-00017,2026-08-29,2026-09-28,2026-09-29T13:00:00Z,,933.19,57.22,0.00,0.00,0.00,990.41,0.00
STM-DDA-00018-202509,ACC-DDA-00018,2025-08-31,2025-09-28,2025-09-29T13:00:00Z,,0.00,0.00,0.00,0.00,0.00,0.00,0.00
STM-DDA-00018-202510,ACC-DDA-00018,2025-09-29,2025-10-28,2025-10-29T13:00:00Z,,0.00,35.87,0.00,0.00,0.00,35.87,0.00
STM-DDA-00018-202511,ACC-DDA-00018,2025-10-29,2025-11-28,2025-11-29T14:00:00Z,,35.87,488.93,0.00,0.00,0.00,524.80,0.00
STM-DDA-00018-202512,ACC-DDA-00018,2025-11-29,2025-12-28,2025-12-29T14:00:00Z,,524.80,8.03,0.00,0.00,0.00,532.83,0.00
STM-DDA-00018-202601,ACC-DDA-00018,2025-12-29,2026-01-28,2026-01-29T14:00:00Z,,532.83,204.70,0.00,0.00,0.00,737.53,0.00
STM-DDA-00018-202602,ACC-DDA-00018,2026-01-29,2026-02-28,2026-03-01T14:00:00Z,,737.53,73.19,0.00,0.00,0.00,810.72,0.00
STM-DDA-00018-202603,ACC-DDA-00018,2026-03-01,2026-03-28,2026-03-29T13:00:00Z,,810.72,61.58,0.00,0.00,0.00,872.30,0.00
STM-DDA-00018-202604,ACC-DDA-00018,2026-03-29,2026-04-28,2026-04-29T13:00:00Z,,872.30,0.00,0.00,0.00,0.00,872.30,0.00
STM-DDA-00018-202605,ACC-DDA-00018,2026-04-29,2026-05-28,2026-05-29T13:00:00Z,,872.30,260.88,0.00,0.00,0.00,1133.18,0.00
STM-DDA-00018-202606,ACC-DDA-00018,2026-05-29,2026-06-28,2026-06-29T13:00:00Z,,1133.18,101.00,0.00,0.00,0.00,1234.18,0.00
STM-DDA-00018-202607,ACC-DDA-00018,2026-06-29,2026-07-28,2026-07-29T13:00:00Z,,1234.18,266.37,0.00,0.00,0.00,1500.55,0.00
STM-DDA-00018-202608,ACC-DDA-00018,2026-07-29,2026-08-28,2026-08-29T13:00:00Z,,1500.55,60.47,0.00,0.00,0.00,1561.02,0.00
STM-DDA-00018-202609,ACC-DDA-00018,2026-08-29,2026-09-28,2026-09-29T13:00:00Z,,1561.02,67.89,0.00,0.00,0.00,1628.91,0.00
STM-DDA-00019-202509,ACC-DDA-00019,2025-08-31,2025-09-28,2025-09-29T13:00:00Z,,0.00,0.00,0.00,0.00,0.00,0.00,0.00
STM-DDA-00019-202510,ACC-DDA-00019,2025-09-29,2025-10-28,2025-10-29T13:00:00Z,,0.00,54.51,0.00,0.00,0.00,54.51,0.00
STM-DDA-00019-202511,ACC-DDA-00019,2025-10-29,2025-11-28,2025-11-29T14:00:00Z,,54.51,163.38,0.00,0.00,0.00,217.89,0.00
STM-DDA-00019-202512,ACC-DDA-00019,2025-11-29,2025-12-28,2025-12-29T14:00:00Z,,217.89,0.00,0.00,0.00,0.00,217.89,0.00
STM-DDA-00019-202601,ACC-DDA-00019,2025-12-29,2026-01-28,2026-01-29T14:00:00Z,,217.89,77.51,0.00,0.00,0.00,295.40,0.00
STM-DDA-00019-202602,ACC-DDA-00019,2026-01-29,2026-02-28,2026-03-01T14:00:00Z,,295.40,101.04,0.00,0.00,0.00,396.44,0.00
STM-DDA-00019-202603,ACC-DDA-00019,2026-03-01,2026-03-28,2026-03-29T13:00:00Z,,396.44,409.42,0.00,0.00,0.00,805.86,0.00
STM-DDA-00019-202604,ACC-DDA-00019,2026-03-29,2026-04-28,2026-04-29T13:00:00Z,,805.86,51.23,0.00,0.00,0.00,857.09,0.00
STM-DDA-00019-202605,ACC-DDA-00019,2026-04-29,2026-05-28,2026-05-29T13:00:00Z,,857.09,190.35,0.00,0.00,0.00,1047.44,0.00
STM-DDA-00019-202606,ACC-DDA-00019,2026-05-29,2026-06-28,2026-06-29T13:00:00Z,,1047.44,151.47,0.00,0.00,0.00,1198.91,0.00
STM-DDA-00019-202607,ACC-DDA-00019,2026-06-29,2026-07-28,2026-07-29T13:00:00Z,,1198.91,241.60,0.00,0.00,0.00,1440.51,0.00
STM-DDA-00019-202608,ACC-DDA-00019,2026-07-29,2026-08-28,2026-08-29T13:00:00Z,,1440.51,68.50,0.00,0.00,0.00,1509.01,0.00
STM-DDA-00019-202609,ACC-DDA-00019,2026-08-29,2026-09-28,2026-09-29T13:00:00Z,,1509.01,164.06,0.00,0.00,0.00,1673.07,0.00
STM-DDA-00020-202509,ACC-DDA-00020,2025-08-31,2025-09-28,2025-09-29T13:00:00Z,,0.00,0.00,0.00,0.00,0.00,0.00,0.00
STM-DDA-00020-202510,ACC-DDA-00020,2025-09-29,2025-10-28,2025-10-29T13:00:00Z,,0.00,31.50,0.00,0.00,0.00,31.50,0.00
STM-DDA-00020-202511,ACC-DDA-00020,2025-10-29,2025-11-28,2025-11-29T14:00:00Z,,31.50,64.72,0.00,0.00,0.00,96.22,0.00
STM-DDA-00020-202512,ACC-DDA-00020,2025-11-29,2025-12-28,2025-12-29T14:00:00Z,,96.22,191.51,0.00,0.00,0.00,287.73,0.00
STM-DDA-00020-202601,ACC-DDA-00020,2025-12-29,2026-01-28,2026-01-29T14:00:00Z,,287.73,0.00,0.00,0.00,0.00,287.73,0.00
STM-DDA-00020-202602,ACC-DDA-00020,2026-01-29,2026-02-28,2026-03-01T14:00:00Z,,287.73,300.43,0.00,0.00,0.00,588.16,0.00
STM-DDA-00020-202603,ACC-DDA-00020,2026-03-01,2026-03-28,2026-03-29T13:00:00Z,,588.16,110.93,0.00,0.00,0.00,699.09,0.00
STM-DDA-00020-202604,ACC-DDA-00020,2026-03-29,2026-04-28,2026-04-29T13:00:00Z,,699.09,141.30,0.00,0.00,0.00,840.39,0.00
STM-DDA-00020-202605,ACC-DDA-00020,2026-04-29,2026-05-28,2026-05-29T13:00:00Z,,840.39,78.95,0.00,0.00,0.00,919.34,0.00
STM-DDA-00020-202606,ACC-DDA-00020,2026-05-29,2026-06-28,2026-06-29T13:00:00Z,,919.34,174.27,0.00,0.00,0.00,1093.61,0.00
STM-DDA-00020-202607,ACC-DDA-00020,2026-06-29,2026-07-28,2026-07-29T13:00:00Z,,1093.61,0.00,0.00,0.00,0.00,1093.61,0.00
STM-DDA-00020-202608,ACC-DDA-00020,2026-07-29,2026-08-28,2026-08-29T13:00:00Z,,1093.61,194.27,0.00,0.00,0.00,1287.88,0.00
STM-DDA-00020-202609,ACC-DDA-00020,2026-08-29,2026-09-28,2026-09-29T13:00:00Z,,1287.88,206.24,0.00,0.00,0.00,1494.12,0.00
STM-DDA-00021-202509,ACC-DDA-00021,2025-08-31,2025-09-28,2025-09-29T13:00:00Z,,0.00,0.00,0.00,0.00,0.00,0.00,0.00
STM-DDA-00021-202510,ACC-DDA-00021,2025-09-29,2025-10-28,2025-10-29T13:00:00Z,,0.00,0.00,0.00,0.00,0.00,0.00,0.00
STM-DDA-00021-202511,ACC-DDA-00021,2025-10-29,2025-11-28,2025-11-29T14:00:00Z,,0.00,0.00,0.00,0.00,0.00,0.00,0.00
STM-DDA-00021-202512,ACC-DDA-00021,2025-11-29,2025-12-28,2025-12-29T14:00:00Z,,0.00,0.00,0.00,0.00,0.00,0.00,0.00
STM-DDA-00021-202601,ACC-DDA-00021,2025-12-29,2026-01-28,2026-01-29T14:00:00Z,,0.00,14.18,0.00,0.00,0.00,14.18,0.00
STM-DDA-00021-202602,ACC-DDA-00021,2026-01-29,2026-02-28,2026-03-01T14:00:00Z,,14.18,18.37,0.00,0.00,0.00,32.55,0.00
STM-DDA-00021-202603,ACC-DDA-00021,2026-03-01,2026-03-28,2026-03-29T13:00:00Z,,32.55,67.36,0.00,0.00,0.00,99.91,0.00
STM-DDA-00021-202604,ACC-DDA-00021,2026-03-29,2026-04-28,2026-04-29T13:00:00Z,,99.91,0.00,0.00,0.00,0.00,99.91,0.00
STM-DDA-00021-202605,ACC-DDA-00021,2026-04-29,2026-05-28,2026-05-29T13:00:00Z,,99.91,340.14,0.00,0.00,0.00,440.05,0.00
STM-DDA-00021-202606,ACC-DDA-00021,2026-05-29,2026-06-28,2026-06-29T13:00:00Z,,440.05,0.00,0.00,0.00,0.00,440.05,0.00
STM-DDA-00021-202607,ACC-DDA-00021,2026-06-29,2026-07-28,2026-07-29T13:00:00Z,,440.05,261.45,0.00,0.00,0.00,701.50,0.00
STM-DDA-00021-202608,ACC-DDA-00021,2026-07-29,2026-08-28,2026-08-29T13:00:00Z,,701.50,1134.69,0.00,0.00,0.00,1836.19,0.00
STM-DDA-00021-202609,ACC-DDA-00021,2026-08-29,2026-09-28,2026-09-29T13:00:00Z,,1836.19,0.00,0.00,0.00,0.00,1836.19,0.00
STM-DDA-00022-202509,ACC-DDA-00022,2025-08-31,2025-09-28,2025-09-29T13:00:00Z,,0.00,0.00,0.00,0.00,0.00,0.00,0.00
STM-DDA-00022-202510,ACC-DDA-00022,2025-09-29,2025-10-28,2025-10-29T13:00:00Z,,0.00,424.45,0.00,0.00,0.00,424.45,0.00
STM-DDA-00022-202511,ACC-DDA-00022,2025-10-29,2025-11-28,2025-11-29T14:00:00Z,,424.45,589.33,0.00,0.00,0.00,1013.78,0.00
STM-DDA-00022-202512,ACC-DDA-00022,2025-11-29,2025-12-28,2025-12-29T14:00:00Z,,1013.78,329.81,0.00,0.00,0.00,1343.59,0.00
STM-DDA-00022-202601,ACC-DDA-00022,2025-12-29,2026-01-28,2026-01-29T14:00:00Z,,1343.59,297.34,0.00,0.00,0.00,1640.93,0.00
STM-DDA-00022-202602,ACC-DDA-00022,2026-01-29,2026-02-28,2026-03-01T14:00:00Z,,1640.93,341.50,0.00,0.00,0.00,1982.43,0.00
STM-DDA-00022-202603,ACC-DDA-00022,2026-03-01,2026-03-28,2026-03-29T13:00:00Z,,1982.43,1496.53,0.00,0.00,0.00,3478.96,0.00
STM-DDA-00022-202604,ACC-DDA-00022,2026-03-29,2026-04-28,2026-04-29T13:00:00Z,,3478.96,400.07,0.00,0.00,0.00,3879.03,0.00
STM-DDA-00022-202605,ACC-DDA-00022,2026-04-29,2026-05-28,2026-05-29T13:00:00Z,,3879.03,538.00,0.00,0.00,0.00,4417.03,0.00
STM-DDA-00022-202606,ACC-DDA-00022,2026-05-29,2026-06-28,2026-06-29T13:00:00Z,,4417.03,649.81,206.67,0.00,0.00,4860.17,0.00
STM-DDA-00022-202607,ACC-DDA-00022,2026-06-29,2026-07-28,2026-07-29T13:00:00Z,,4860.17,548.35,0.00,0.00,0.00,5408.52,0.00
STM-DDA-00022-202608,ACC-DDA-00022,2026-07-29,2026-08-28,2026-08-29T13:00:00Z,,5408.52,455.57,0.00,0.00,0.00,5864.09,0.00
STM-DDA-00022-202609,ACC-DDA-00022,2026-08-29,2026-09-28,2026-09-29T13:00:00Z,,5864.09,457.48,0.00,0.00,0.00,6321.57,0.00
STM-DDA-00023-202509,ACC-DDA-00023,2025-08-31,2025-09-28,2025-09-29T13:00:00Z,,0.00,0.00,0.00,0.00,0.00,0.00,0.00
STM-DDA-00023-202510,ACC-DDA-00023,2025-09-29,2025-10-28,2025-10-29T13:00:00Z,,0.00,186.23,0.00,0.00,0.00,186.23,0.00
STM-DDA-00023-202511,ACC-DDA-00023,2025-10-29,2025-11-28,2025-11-29T14:00:00Z,,186.23,93.05,0.00,0.00,0.00,279.28,0.00
STM-DDA-00023-202512,ACC-DDA-00023,2025-11-29,2025-12-28,2025-12-29T14:00:00Z,,279.28,22.64,0.00,0.00,0.00,301.92,0.00
STM-DDA-00023-202601,ACC-DDA-00023,2025-12-29,2026-01-28,2026-01-29T14:00:00Z,,301.92,44.01,0.00,0.00,0.00,345.93,0.00
STM-DDA-00023-202602,ACC-DDA-00023,2026-01-29,2026-02-28,2026-03-01T14:00:00Z,,345.93,57.42,0.00,0.00,0.00,403.35,0.00
STM-DDA-00023-202603,ACC-DDA-00023,2026-03-01,2026-03-28,2026-03-29T13:00:00Z,,403.35,132.35,0.00,0.00,0.00,535.70,0.00
STM-DDA-00023-202604,ACC-DDA-00023,2026-03-29,2026-04-28,2026-04-29T13:00:00Z,,535.70,95.05,0.00,0.00,0.00,630.75,0.00
STM-DDA-00023-202605,ACC-DDA-00023,2026-04-29,2026-05-28,2026-05-29T13:00:00Z,,630.75,130.81,0.00,0.00,0.00,761.56,0.00
STM-DDA-00023-202606,ACC-DDA-00023,2026-05-29,2026-06-28,2026-06-29T13:00:00Z,,761.56,83.01,0.00,0.00,0.00,844.57,0.00
STM-DDA-00023-202607,ACC-DDA-00023,2026-06-29,2026-07-28,2026-07-29T13:00:00Z,,844.57,57.76,0.00,0.00,0.00,902.33,0.00
STM-DDA-00023-202608,ACC-DDA-00023,2026-07-29,2026-08-28,2026-08-29T13:00:00Z,,902.33,0.00,0.00,0.00,0.00,902.33,0.00
STM-DDA-00023-202609,ACC-DDA-00023,2026-08-29,2026-09-28,2026-09-29T13:00:00Z,,902.33,62.50,0.00,0.00,0.00,964.83,0.00
STM-DDA-00024-202509,ACC-DDA-00024,2025-08-31,2025-09-28,2025-09-29T13:00:00Z,,0.00,0.00,0.00,0.00,0.00,0.00,0.00
STM-DDA-00024-202510,ACC-DDA-00024,2025-09-29,2025-10-28,2025-10-29T13:00:00Z,,0.00,542.01,0.00,0.00,0.00,542.01,0.00
STM-DDA-00024-202511,ACC-DDA-00024,2025-10-29,2025-11-28,2025-11-29T14:00:00Z,,542.01,352.78,0.00,0.00,0.00,894.79,0.00
STM-DDA-00024-202512,ACC-DDA-00024,2025-11-29,2025-12-28,2025-12-29T14:00:00Z,,894.79,487.02,0.00,0.00,0.00,1381.81,0.00
STM-DDA-00024-202601,ACC-DDA-00024,2025-12-29,2026-01-28,2026-01-29T14:00:00Z,,1381.81,249.59,0.00,0.00,0.00,1631.40,0.00
STM-DDA-00024-202602,ACC-DDA-00024,2026-01-29,2026-02-28,2026-03-01T14:00:00Z,,1631.40,222.17,0.00,0.00,0.00,1853.57,0.00
STM-DDA-00024-202603,ACC-DDA-00024,2026-03-01,2026-03-28,2026-03-29T13:00:00Z,,1853.57,718.22,0.00,0.00,0.00,2571.79,0.00
STM-DDA-00024-202604,ACC-DDA-00024,2026-03-29,2026-04-28,2026-04-29T13:00:00Z,,2571.79,440.90,0.00,0.00,0.00,3012.69,0.00
STM-DDA-00024-202605,ACC-DDA-00024,2026-04-29,2026-05-28,2026-05-29T13:00:00Z,,3012.69,303.49,0.00,0.00,0.00,3316.18,0.00
STM-DDA-00024-202606,ACC-DDA-00024,2026-05-29,2026-06-28,2026-06-29T13:00:00Z,,3316.18,104.64,0.00,0.00,0.00,3420.82,0.00
STM-DDA-00024-202607,ACC-DDA-00024,2026-06-29,2026-07-28,2026-07-29T13:00:00Z,,3420.82,416.10,0.00,0.00,0.00,3836.92,0.00
STM-DDA-00024-202608,ACC-DDA-00024,2026-07-29,2026-08-28,2026-08-29T13:00:00Z,,3836.92,395.13,0.00,0.00,0.00,4232.05,0.00
STM-DDA-00024-202609,ACC-DDA-00024,2026-08-29,2026-09-28,2026-09-29T13:00:00Z,,4232.05,336.05,0.00,0.00,0.00,4568.10,0.00
STM-DDA-00025-202509,ACC-DDA-00025,2025-08-31,2025-09-28,2025-09-29T13:00:00Z,,0.00,0.00,0.00,0.00,0.00,0.00,0.00
STM-DDA-00025-202510,ACC-DDA-00025,2025-09-29,2025-10-28,2025-10-29T13:00:00Z,,0.00,248.32,0.00,0.00,0.00,248.32,0.00
STM-DDA-00025-202511,ACC-DDA-00025,2025-10-29,2025-11-28,2025-11-29T14:00:00Z,,248.32,1395.95,0.00,0.00,0.00,1644.27,0.00
STM-DDA-00025-202512,ACC-DDA-00025,2025-11-29,2025-12-28,2025-12-29T14:00:00Z,,1644.27,293.37,0.00,0.00,0.00,1937.64,0.00
STM-DDA-00025-202601,ACC-DDA-00025,2025-12-29,2026-01-28,2026-01-29T14:00:00Z,,1937.64,206.93,0.00,0.00,0.00,2144.57,0.00
STM-DDA-00025-202602,ACC-DDA-00025,2026-01-29,2026-02-28,2026-03-01T14:00:00Z,,2144.57,317.44,0.00,0.00,0.00,2462.01,0.00
STM-DDA-00025-202603,ACC-DDA-00025,2026-03-01,2026-03-28,2026-03-29T13:00:00Z,,2462.01,181.54,0.00,0.00,0.00,2643.55,0.00
STM-DDA-00025-202604,ACC-DDA-00025,2026-03-29,2026-04-28,2026-04-29T13:00:00Z,,2643.55,609.37,0.00,0.00,0.00,3252.92,0.00
STM-DDA-00025-202605,ACC-DDA-00025,2026-04-29,2026-05-28,2026-05-29T13:00:00Z,,3252.92,285.11,0.00,0.00,0.00,3538.03,0.00
STM-DDA-00025-202606,ACC-DDA-00025,2026-05-29,2026-06-28,2026-06-29T13:00:00Z,,3538.03,237.62,0.00,0.00,0.00,3775.65,0.00
STM-DDA-00025-202607,ACC-DDA-00025,2026-06-29,2026-07-28,2026-07-29T13:00:00Z,,3775.65,433.66,0.00,0.00,0.00,4209.31,0.00
STM-DDA-00025-202608,ACC-DDA-00025,2026-07-29,2026-08-28,2026-08-29T13:00:00Z,,4209.31,534.88,0.00,0.00,0.00,4744.19,0.00
STM-DDA-00025-202609,ACC-DDA-00025,2026-08-29,2026-09-28,2026-09-29T13:00:00Z,,4744.19,186.30,0.00,0.00,0.00,4930.49,0.00
STM-DDA-00026-202509,ACC-DDA-00026,2025-08-31,2025-09-28,2025-09-29T13:00:00Z,,0.00,0.00,0.00,0.00,0.00,0.00,0.00
STM-DDA-00026-202510,ACC-DDA-00026,2025-09-29,2025-10-28,2025-10-29T13:00:00Z,,0.00,156.31,0.00,0.00,0.00,156.31,0.00
STM-DDA-00026-202511,ACC-DDA-00026,2025-10-29,2025-11-28,2025-11-29T14:00:00Z,,156.31,84.05,0.00,0.00,0.00,240.36,0.00
STM-DDA-00026-202512,ACC-DDA-00026,2025-11-29,2025-12-28,2025-12-29T14:00:00Z,,240.36,127.61,0.00,0.00,0.00,367.97,0.00
STM-DDA-00026-202601,ACC-DDA-00026,2025-12-29,2026-01-28,2026-01-29T14:00:00Z,,367.97,24.70,0.00,0.00,0.00,392.67,0.00
STM-DDA-00026-202602,ACC-DDA-00026,2026-01-29,2026-02-28,2026-03-01T14:00:00Z,,392.67,157.54,0.00,0.00,0.00,550.21,0.00
STM-DDA-00026-202603,ACC-DDA-00026,2026-03-01,2026-03-28,2026-03-29T13:00:00Z,,550.21,0.00,0.00,0.00,0.00,550.21,0.00
STM-DDA-00026-202604,ACC-DDA-00026,2026-03-29,2026-04-28,2026-04-29T13:00:00Z,,550.21,9.68,0.00,0.00,0.00,559.89,0.00
STM-DDA-00026-202605,ACC-DDA-00026,2026-04-29,2026-05-28,2026-05-29T13:00:00Z,,559.89,0.00,0.00,0.00,0.00,559.89,0.00
STM-DDA-00026-202606,ACC-DDA-00026,2026-05-29,2026-06-28,2026-06-29T13:00:00Z,,559.89,206.39,0.00,0.00,0.00,766.28,0.00
STM-DDA-00026-202607,ACC-DDA-00026,2026-06-29,2026-07-28,2026-07-29T13:00:00Z,,766.28,67.55,0.00,0.00,0.00,833.83,0.00
STM-DDA-00026-202608,ACC-DDA-00026,2026-07-29,2026-08-28,2026-08-29T13:00:00Z,,833.83,53.61,0.00,0.00,0.00,887.44,0.00
STM-DDA-00026-202609,ACC-DDA-00026,2026-08-29,2026-09-28,2026-09-29T13:00:00Z,,887.44,314.96,0.00,0.00,0.00,1202.40,0.00
STM-DDA-00027-202509,ACC-DDA-00027,2025-08-31,2025-09-28,2025-09-29T13:00:00Z,,0.00,0.00,0.00,0.00,0.00,0.00,0.00
STM-DDA-00027-202510,ACC-DDA-00027,2025-09-29,2025-10-28,2025-10-29T13:00:00Z,,0.00,333.30,0.00,0.00,0.00,333.30,0.00
STM-DDA-00027-202511,ACC-DDA-00027,2025-10-29,2025-11-28,2025-11-29T14:00:00Z,,333.30,363.08,0.00,0.00,0.00,696.38,0.00
STM-DDA-00027-202512,ACC-DDA-00027,2025-11-29,2025-12-28,2025-12-29T14:00:00Z,,696.38,506.96,0.00,0.00,0.00,1203.34,0.00
STM-DDA-00027-202601,ACC-DDA-00027,2025-12-29,2026-01-28,2026-01-29T14:00:00Z,,1203.34,484.76,0.00,0.00,0.00,1688.10,0.00
STM-DDA-00027-202602,ACC-DDA-00027,2026-01-29,2026-02-28,2026-03-01T14:00:00Z,,1688.10,286.30,0.00,0.00,0.00,1974.40,0.00
STM-DDA-00027-202603,ACC-DDA-00027,2026-03-01,2026-03-28,2026-03-29T13:00:00Z,,1974.40,748.14,0.00,0.00,0.00,2722.54,0.00
STM-DDA-00027-202604,ACC-DDA-00027,2026-03-29,2026-04-28,2026-04-29T13:00:00Z,,2722.54,395.49,0.00,0.00,0.00,3118.03,0.00
STM-DDA-00027-202605,ACC-DDA-00027,2026-04-29,2026-05-28,2026-05-29T13:00:00Z,,3118.03,593.57,0.00,0.00,0.00,3711.60,0.00
STM-DDA-00027-202606,ACC-DDA-00027,2026-05-29,2026-06-28,2026-06-29T13:00:00Z,,3711.60,433.08,0.00,0.00,0.00,4144.68,0.00
STM-DDA-00027-202607,ACC-DDA-00027,2026-06-29,2026-07-28,2026-07-29T13:00:00Z,,4144.68,261.54,0.00,0.00,0.00,4406.22,0.00
STM-DDA-00027-202608,ACC-DDA-00027,2026-07-29,2026-08-28,2026-08-29T13:00:00Z,,4406.22,344.30,0.00,0.00,0.00,4750.52,0.00
STM-DDA-00027-202609,ACC-DDA-00027,2026-08-29,2026-09-28,2026-09-29T13:00:00Z,,4750.52,410.60,0.00,0.00,0.00,5161.12,0.00
STM-DDA-00028-202509,ACC-DDA-00028,2025-08-31,2025-09-28,2025-09-29T13:00:00Z,,0.00,0.00,0.00,0.00,0.00,0.00,0.00
STM-DDA-00028-202510,ACC-DDA-00028,2025-09-29,2025-10-28,2025-10-29T13:00:00Z,,0.00,461.77,0.00,0.00,0.00,461.77,0.00
STM-DDA-00028-202511,ACC-DDA-00028,2025-10-29,2025-11-28,2025-11-29T14:00:00Z,,461.77,432.39,0.00,0.00,0.00,894.16,0.00
STM-DDA-00028-202512,ACC-DDA-00028,2025-11-29,2025-12-28,2025-12-29T14:00:00Z,,894.16,401.49,0.00,0.00,0.00,1295.65,0.00
STM-DDA-00028-202601,ACC-DDA-00028,2025-12-29,2026-01-28,2026-01-29T14:00:00Z,,1295.65,390.54,0.00,0.00,0.00,1686.19,0.00
STM-DDA-00028-202602,ACC-DDA-00028,2026-01-29,2026-02-28,2026-03-01T14:00:00Z,,1686.19,365.80,0.00,0.00,0.00,2051.99,0.00
STM-DDA-00028-202603,ACC-DDA-00028,2026-03-01,2026-03-28,2026-03-29T13:00:00Z,,2051.99,508.52,0.00,0.00,0.00,2560.51,0.00
STM-DDA-00028-202604,ACC-DDA-00028,2026-03-29,2026-04-28,2026-04-29T13:00:00Z,,2560.51,365.88,0.00,0.00,0.00,2926.39,0.00
STM-DDA-00028-202605,ACC-DDA-00028,2026-04-29,2026-05-28,2026-05-29T13:00:00Z,,2926.39,431.63,0.00,0.00,0.00,3358.02,0.00
STM-DDA-00028-202606,ACC-DDA-00028,2026-05-29,2026-06-28,2026-06-29T13:00:00Z,,3358.02,369.86,0.00,0.00,0.00,3727.88,0.00
STM-DDA-00028-202607,ACC-DDA-00028,2026-06-29,2026-07-28,2026-07-29T13:00:00Z,,3727.88,1299.69,0.00,0.00,0.00,5027.57,0.00
STM-DDA-00028-202608,ACC-DDA-00028,2026-07-29,2026-08-28,2026-08-29T13:00:00Z,,5027.57,1095.92,0.00,0.00,0.00,6123.49,0.00
STM-DDA-00028-202609,ACC-DDA-00028,2026-08-29,2026-09-28,2026-09-29T13:00:00Z,,6123.49,486.00,0.00,0.00,0.00,6609.49,0.00
STM-DDA-00029-202509,ACC-DDA-00029,2025-08-31,2025-09-28,2025-09-29T13:00:00Z,,0.00,0.00,0.00,0.00,0.00,0.00,0.00
STM-DDA-00029-202510,ACC-DDA-00029,2025-09-29,2025-10-28,2025-10-29T13:00:00Z,,0.00,176.18,0.00,0.00,0.00,176.18,0.00
STM-DDA-00029-202511,ACC-DDA-00029,2025-10-29,2025-11-28,2025-11-29T14:00:00Z,,176.18,0.00,0.00,0.00,0.00,176.18,0.00
STM-DDA-00029-202512,ACC-DDA-00029,2025-11-29,2025-12-28,2025-12-29T14:00:00Z,,176.18,120.07,0.00,0.00,0.00,296.25,0.00
STM-DDA-00029-202601,ACC-DDA-00029,2025-12-29,2026-01-28,2026-01-29T14:00:00Z,,296.25,253.44,0.00,0.00,0.00,549.69,0.00
STM-DDA-00029-202602,ACC-DDA-00029,2026-01-29,2026-02-28,2026-03-01T14:00:00Z,,549.69,86.80,0.00,0.00,0.00,636.49,0.00
STM-DDA-00029-202603,ACC-DDA-00029,2026-03-01,2026-03-28,2026-03-29T13:00:00Z,,636.49,51.77,0.00,0.00,0.00,688.26,0.00
STM-DDA-00029-202604,ACC-DDA-00029,2026-03-29,2026-04-28,2026-04-29T13:00:00Z,,688.26,318.56,0.00,0.00,0.00,1006.82,0.00
STM-DDA-00029-202605,ACC-DDA-00029,2026-04-29,2026-05-28,2026-05-29T13:00:00Z,,1006.82,547.97,0.00,0.00,0.00,1554.79,0.00
STM-DDA-00029-202606,ACC-DDA-00029,2026-05-29,2026-06-28,2026-06-29T13:00:00Z,,1554.79,0.00,0.00,0.00,0.00,1554.79,0.00
STM-DDA-00029-202607,ACC-DDA-00029,2026-06-29,2026-07-28,2026-07-29T13:00:00Z,,1554.79,10.13,0.00,0.00,0.00,1564.92,0.00
STM-DDA-00029-202608,ACC-DDA-00029,2026-07-29,2026-08-28,2026-08-29T13:00:00Z,,1564.92,0.00,0.00,0.00,0.00,1564.92,0.00
STM-DDA-00029-202609,ACC-DDA-00029,2026-08-29,2026-09-28,2026-09-29T13:00:00Z,,1564.92,19.45,0.00,0.00,0.00,1584.37,0.00
STM-DDA-00030-202509,ACC-DDA-00030,2025-08-31,2025-09-28,2025-09-29T13:00:00Z,,0.00,0.00,0.00,0.00,0.00,0.00,0.00
STM-DDA-00030-202510,ACC-DDA-00030,2025-09-29,2025-10-28,2025-10-29T13:00:00Z,,0.00,205.52,0.00,0.00,0.00,205.52,0.00
STM-DDA-00030-202511,ACC-DDA-00030,2025-10-29,2025-11-28,2025-11-29T14:00:00Z,,205.52,971.29,0.00,0.00,0.00,1176.81,0.00
STM-DDA-00030-202512,ACC-DDA-00030,2025-11-29,2025-12-28,2025-12-29T14:00:00Z,,1176.81,408.63,0.00,0.00,0.00,1585.44,0.00
STM-DDA-00030-202601,ACC-DDA-00030,2025-12-29,2026-01-28,2026-01-29T14:00:00Z,,1585.44,379.44,0.00,0.00,0.00,1964.88,0.00
STM-DDA-00030-202602,ACC-DDA-00030,2026-01-29,2026-02-28,2026-03-01T14:00:00Z,,1964.88,300.92,0.00,0.00,0.00,2265.80,0.00
STM-DDA-00030-202603,ACC-DDA-00030,2026-03-01,2026-03-28,2026-03-29T13:00:00Z,,2265.80,1357.54,0.00,0.00,0.00,3623.34,0.00
STM-DDA-00030-202604,ACC-DDA-00030,2026-03-29,2026-04-28,2026-04-29T13:00:00Z,,3623.34,412.51,0.00,0.00,0.00,4035.85,0.00
STM-DDA-00030-202605,ACC-DDA-00030,2026-04-29,2026-05-28,2026-05-29T13:00:00Z,,4035.85,276.44,0.00,0.00,0.00,4312.29,0.00
STM-DDA-00030-202606,ACC-DDA-00030,2026-05-29,2026-06-28,2026-06-29T13:00:00Z,,4312.29,161.19,0.00,0.00,0.00,4473.48,0.00
STM-DDA-00030-202607,ACC-DDA-00030,2026-06-29,2026-07-28,2026-07-29T13:00:00Z,,4473.48,396.45,0.00,0.00,0.00,4869.93,0.00
STM-DDA-00030-202608,ACC-DDA-00030,2026-07-29,2026-08-28,2026-08-29T13:00:00Z,,4869.93,1293.35,0.00,0.00,0.00,6163.28,0.00
STM-DDA-00030-202609,ACC-DDA-00030,2026-08-29,2026-09-28,2026-09-29T13:00:00Z,,6163.28,265.95,0.00,0.00,0.00,6429.23,0.00
STM-DDA-00031-202509,ACC-DDA-00031,2025-08-31,2025-09-28,2025-09-29T13:00:00Z,,0.00,0.00,0.00,0.00,0.00,0.00,0.00
STM-DDA-00031-202510,ACC-DDA-00031,2025-09-29,2025-10-28,2025-10-29T13:00:00Z,,0.00,48.72,0.00,0.00,0.00,48.72,0.00
STM-DDA-00031-202511,ACC-DDA-00031,2025-10-29,2025-11-28,2025-11-29T14:00:00Z,,48.72,0.00,0.00,0.00,0.00,48.72,0.00
STM-DDA-00031-202512,ACC-DDA-00031,2025-11-29,2025-12-28,2025-12-29T14:00:00Z,,48.72,74.58,0.00,0.00,0.00,123.30,0.00
STM-DDA-00031-202601,ACC-DDA-00031,2025-12-29,2026-01-28,2026-01-29T14:00:00Z,,123.30,135.01,0.00,0.00,0.00,258.31,0.00
STM-DDA-00031-202602,ACC-DDA-00031,2026-01-29,2026-02-28,2026-03-01T14:00:00Z,,258.31,71.33,0.00,0.00,0.00,329.64,0.00
STM-DDA-00031-202603,ACC-DDA-00031,2026-03-01,2026-03-28,2026-03-29T13:00:00Z,,329.64,0.00,0.00,0.00,0.00,329.64,0.00
STM-DDA-00031-202604,ACC-DDA-00031,2026-03-29,2026-04-28,2026-04-29T13:00:00Z,,329.64,176.07,0.00,0.00,0.00,505.71,0.00
STM-DDA-00031-202605,ACC-DDA-00031,2026-04-29,2026-05-28,2026-05-29T13:00:00Z,,505.71,202.36,0.00,0.00,0.00,708.07,0.00
STM-DDA-00031-202606,ACC-DDA-00031,2026-05-29,2026-06-28,2026-06-29T13:00:00Z,,708.07,109.87,0.00,0.00,0.00,817.94,0.00
STM-DDA-00031-202607,ACC-DDA-00031,2026-06-29,2026-07-28,2026-07-29T13:00:00Z,,817.94,94.13,0.00,0.00,0.00,912.07,0.00
STM-DDA-00031-202608,ACC-DDA-00031,2026-07-29,2026-08-28,2026-08-29T13:00:00Z,,912.07,34.50,0.00,0.00,0.00,946.57,0.00
STM-DDA-00031-202609,ACC-DDA-00031,2026-08-29,2026-09-28,2026-09-29T13:00:00Z,,946.57,16.33,0.00,0.00,0.00,962.90,0.00
STM-DDA-00032-202509,ACC-DDA-00032,2025-08-31,2025-09-28,2025-09-29T13:00:00Z,,0.00,0.00,0.00,0.00,0.00,0.00,0.00
STM-DDA-00032-202510,ACC-DDA-00032,2025-09-29,2025-10-28,2025-10-29T13:00:00Z,,0.00,311.44,0.00,0.00,0.00,311.44,0.00
STM-DDA-00032-202511,ACC-DDA-00032,2025-10-29,2025-11-28,2025-11-29T14:00:00Z,,311.44,180.01,0.00,0.00,0.00,491.45,0.00
STM-DDA-00032-202512,ACC-DDA-00032,2025-11-29,2025-12-28,2025-12-29T14:00:00Z,,491.45,308.00,0.00,0.00,0.00,799.45,0.00
STM-DDA-00032-202601,ACC-DDA-00032,2025-12-29,2026-01-28,2026-01-29T14:00:00Z,,799.45,145.71,0.00,0.00,0.00,945.16,0.00
STM-DDA-00032-202602,ACC-DDA-00032,2026-01-29,2026-02-28,2026-03-01T14:00:00Z,,945.16,981.35,0.00,0.00,0.00,1926.51,0.00
STM-DDA-00032-202603,ACC-DDA-00032,2026-03-01,2026-03-28,2026-03-29T13:00:00Z,,1926.51,460.98,0.00,0.00,0.00,2387.49,0.00
STM-DDA-00032-202604,ACC-DDA-00032,2026-03-29,2026-04-28,2026-04-29T13:00:00Z,,2387.49,784.42,0.00,0.00,0.00,3171.91,0.00
STM-DDA-00032-202605,ACC-DDA-00032,2026-04-29,2026-05-28,2026-05-29T13:00:00Z,,3171.91,260.55,0.00,0.00,0.00,3432.46,0.00
STM-DDA-00032-202606,ACC-DDA-00032,2026-05-29,2026-06-28,2026-06-29T13:00:00Z,,3432.46,194.34,0.00,0.00,0.00,3626.80,0.00
STM-DDA-00032-202607,ACC-DDA-00032,2026-06-29,2026-07-28,2026-07-29T13:00:00Z,,3626.80,263.56,0.00,0.00,0.00,3890.36,0.00
STM-DDA-00032-202608,ACC-DDA-00032,2026-07-29,2026-08-28,2026-08-29T13:00:00Z,,3890.36,437.93,0.00,0.00,0.00,4328.29,0.00
STM-DDA-00032-202609,ACC-DDA-00032,2026-08-29,2026-09-28,2026-09-29T13:00:00Z,,4328.29,261.77,0.00,0.00,0.00,4590.06,0.00
STM-DDA-00033-202509,ACC-DDA-00033,2025-08-31,2025-09-28,2025-09-29T13:00:00Z,,0.00,0.00,0.00,0.00,0.00,0.00,0.00
STM-DDA-00033-202510,ACC-DDA-00033,2025-09-29,2025-10-28,2025-10-29T13:00:00Z,,0.00,162.44,0.00,0.00,0.00,162.44,0.00
STM-DDA-00033-202511,ACC-DDA-00033,2025-10-29,2025-11-28,2025-11-29T14:00:00Z,,162.44,117.71,0.00,0.00,0.00,280.15,0.00
STM-DDA-00033-202512,ACC-DDA-00033,2025-11-29,2025-12-28,2025-12-29T14:00:00Z,,280.15,37.10,0.00,0.00,0.00,317.25,0.00
STM-DDA-00033-202601,ACC-DDA-00033,2025-12-29,2026-01-28,2026-01-29T14:00:00Z,,317.25,103.13,0.00,0.00,0.00,420.38,0.00
STM-DDA-00033-202602,ACC-DDA-00033,2026-01-29,2026-02-28,2026-03-01T14:00:00Z,,420.38,46.78,0.00,0.00,0.00,467.16,0.00
STM-DDA-00033-202603,ACC-DDA-00033,2026-03-01,2026-03-28,2026-03-29T13:00:00Z,,467.16,0.00,0.00,0.00,0.00,467.16,0.00
STM-DDA-00033-202604,ACC-DDA-00033,2026-03-29,2026-04-28,2026-04-29T13:00:00Z,,467.16,22.04,0.00,0.00,0.00,489.20,0.00
STM-DDA-00033-202605,ACC-DDA-00033,2026-04-29,2026-05-28,2026-05-29T13:00:00Z,,489.20,108.31,0.00,0.00,0.00,597.51,0.00
STM-DDA-00033-202606,ACC-DDA-00033,2026-05-29,2026-06-28,2026-06-29T13:00:00Z,,597.51,125.50,0.00,0.00,0.00,723.01,0.00
STM-DDA-00033-202607,ACC-DDA-00033,2026-06-29,2026-07-28,2026-07-29T13:00:00Z,,723.01,272.96,0.00,0.00,0.00,995.97,0.00
STM-DDA-00033-202608,ACC-DDA-00033,2026-07-29,2026-08-28,2026-08-29T13:00:00Z,,995.97,186.94,0.00,0.00,0.00,1182.91,0.00
STM-DDA-00033-202609,ACC-DDA-00033,2026-08-29,2026-09-28,2026-09-29T13:00:00Z,,1182.91,44.28,0.00,0.00,0.00,1227.19,0.00
STM-DDA-00034-202509,ACC-DDA-00034,2025-08-31,2025-09-28,2025-09-29T13:00:00Z,,0.00,0.00,0.00,0.00,0.00,0.00,0.00
STM-DDA-00034-202510,ACC-DDA-00034,2025-09-29,2025-10-28,2025-10-29T13:00:00Z,,0.00,89.18,0.00,0.00,0.00,89.18,0.00
STM-DDA-00034-202511,ACC-DDA-00034,2025-10-29,2025-11-28,2025-11-29T14:00:00Z,,89.18,229.94,0.00,0.00,0.00,319.12,0.00
STM-DDA-00034-202512,ACC-DDA-00034,2025-11-29,2025-12-28,2025-12-29T14:00:00Z,,319.12,179.62,0.00,0.00,0.00,498.74,0.00
STM-DDA-00034-202601,ACC-DDA-00034,2025-12-29,2026-01-28,2026-01-29T14:00:00Z,,498.74,0.00,0.00,0.00,0.00,498.74,0.00
STM-DDA-00034-202602,ACC-DDA-00034,2026-01-29,2026-02-28,2026-03-01T14:00:00Z,,498.74,0.00,0.00,0.00,0.00,498.74,0.00
STM-DDA-00034-202603,ACC-DDA-00034,2026-03-01,2026-03-28,2026-03-29T13:00:00Z,,498.74,624.73,0.00,0.00,0.00,1123.47,0.00
STM-DDA-00034-202604,ACC-DDA-00034,2026-03-29,2026-04-28,2026-04-29T13:00:00Z,,1123.47,6.70,0.00,0.00,0.00,1130.17,0.00
STM-DDA-00034-202605,ACC-DDA-00034,2026-04-29,2026-05-28,2026-05-29T13:00:00Z,,1130.17,200.96,0.00,0.00,0.00,1331.13,0.00
STM-DDA-00034-202606,ACC-DDA-00034,2026-05-29,2026-06-28,2026-06-29T13:00:00Z,,1331.13,0.00,0.00,0.00,0.00,1331.13,0.00
STM-DDA-00034-202607,ACC-DDA-00034,2026-06-29,2026-07-28,2026-07-29T13:00:00Z,,1331.13,0.00,0.00,0.00,0.00,1331.13,0.00
STM-DDA-00034-202608,ACC-DDA-00034,2026-07-29,2026-08-28,2026-08-29T13:00:00Z,,1331.13,86.08,0.00,0.00,0.00,1417.21,0.00
STM-DDA-00034-202609,ACC-DDA-00034,2026-08-29,2026-09-28,2026-09-29T13:00:00Z,,1417.21,83.62,0.00,0.00,0.00,1500.83,0.00
STM-DDA-00035-202509,ACC-DDA-00035,2025-08-31,2025-09-28,2025-09-29T13:00:00Z,,0.00,0.00,0.00,0.00,0.00,0.00,0.00
STM-DDA-00035-202510,ACC-DDA-00035,2025-09-29,2025-10-28,2025-10-29T13:00:00Z,,0.00,119.13,0.00,0.00,0.00,119.13,0.00
STM-DDA-00035-202511,ACC-DDA-00035,2025-10-29,2025-11-28,2025-11-29T14:00:00Z,,119.13,0.00,0.00,0.00,0.00,119.13,0.00
STM-DDA-00035-202512,ACC-DDA-00035,2025-11-29,2025-12-28,2025-12-29T14:00:00Z,,119.13,142.59,0.00,0.00,0.00,261.72,0.00
STM-DDA-00035-202601,ACC-DDA-00035,2025-12-29,2026-01-28,2026-01-29T14:00:00Z,,261.72,49.59,0.00,0.00,0.00,311.31,0.00
STM-DDA-00035-202602,ACC-DDA-00035,2026-01-29,2026-02-28,2026-03-01T14:00:00Z,,311.31,64.07,0.00,0.00,0.00,375.38,0.00
STM-DDA-00035-202603,ACC-DDA-00035,2026-03-01,2026-03-28,2026-03-29T13:00:00Z,,375.38,0.00,0.00,0.00,0.00,375.38,0.00
STM-DDA-00035-202604,ACC-DDA-00035,2026-03-29,2026-04-28,2026-04-29T13:00:00Z,,375.38,0.00,0.00,0.00,0.00,375.38,0.00
STM-DDA-00035-202605,ACC-DDA-00035,2026-04-29,2026-05-28,2026-05-29T13:00:00Z,,375.38,20.30,0.00,0.00,0.00,395.68,0.00
STM-DDA-00035-202606,ACC-DDA-00035,2026-05-29,2026-06-28,2026-06-29T13:00:00Z,,395.68,180.85,0.00,0.00,0.00,576.53,0.00
STM-DDA-00035-202607,ACC-DDA-00035,2026-06-29,2026-07-28,2026-07-29T13:00:00Z,,576.53,90.39,0.00,0.00,0.00,666.92,0.00
STM-DDA-00035-202608,ACC-DDA-00035,2026-07-29,2026-08-28,2026-08-29T13:00:00Z,,666.92,57.31,0.00,0.00,0.00,724.23,0.00
STM-DDA-00035-202609,ACC-DDA-00035,2026-08-29,2026-09-28,2026-09-29T13:00:00Z,,724.23,28.28,0.00,0.00,0.00,752.51,0.00
STM-DDA-00036-202509,ACC-DDA-00036,2025-08-31,2025-09-28,2025-09-29T13:00:00Z,,0.00,0.00,0.00,0.00,0.00,0.00,0.00
STM-DDA-00036-202510,ACC-DDA-00036,2025-09-29,2025-10-28,2025-10-29T13:00:00Z,,0.00,154.98,0.00,0.00,0.00,154.98,0.00
STM-DDA-00036-202511,ACC-DDA-00036,2025-10-29,2025-11-28,2025-11-29T14:00:00Z,,154.98,16.29,0.00,0.00,0.00,171.27,0.00
STM-DDA-00036-202512,ACC-DDA-00036,2025-11-29,2025-12-28,2025-12-29T14:00:00Z,,171.27,140.69,0.00,0.00,0.00,311.96,0.00
STM-DDA-00036-202601,ACC-DDA-00036,2025-12-29,2026-01-28,2026-01-29T14:00:00Z,,311.96,0.00,0.00,0.00,0.00,311.96,0.00
STM-DDA-00036-202602,ACC-DDA-00036,2026-01-29,2026-02-28,2026-03-01T14:00:00Z,,311.96,107.29,0.00,0.00,0.00,419.25,0.00
STM-DDA-00036-202603,ACC-DDA-00036,2026-03-01,2026-03-28,2026-03-29T13:00:00Z,,419.25,153.54,0.00,0.00,0.00,572.79,0.00
STM-DDA-00036-202604,ACC-DDA-00036,2026-03-29,2026-04-28,2026-04-29T13:00:00Z,,572.79,152.15,0.00,0.00,0.00,724.94,0.00
STM-DDA-00036-202605,ACC-DDA-00036,2026-04-29,2026-05-28,2026-05-29T13:00:00Z,,724.94,0.00,0.00,0.00,0.00,724.94,0.00
STM-DDA-00036-202606,ACC-DDA-00036,2026-05-29,2026-06-28,2026-06-29T13:00:00Z,,724.94,29.25,0.00,0.00,0.00,754.19,0.00
STM-DDA-00036-202607,ACC-DDA-00036,2026-06-29,2026-07-28,2026-07-29T13:00:00Z,,754.19,148.91,0.00,0.00,0.00,903.10,0.00
STM-DDA-00036-202608,ACC-DDA-00036,2026-07-29,2026-08-28,2026-08-29T13:00:00Z,,903.10,0.00,0.00,0.00,0.00,903.10,0.00
STM-DDA-00036-202609,ACC-DDA-00036,2026-08-29,2026-09-28,2026-09-29T13:00:00Z,,903.10,194.65,0.00,0.00,0.00,1097.75,0.00
STM-DDA-00037-202509,ACC-DDA-00037,2025-08-31,2025-09-28,2025-09-29T13:00:00Z,,0.00,0.00,0.00,0.00,0.00,0.00,0.00
STM-DDA-00037-202510,ACC-DDA-00037,2025-09-29,2025-10-28,2025-10-29T13:00:00Z,,0.00,13.82,0.00,0.00,0.00,13.82,0.00
STM-DDA-00037-202511,ACC-DDA-00037,2025-10-29,2025-11-28,2025-11-29T14:00:00Z,,13.82,105.60,0.00,0.00,0.00,119.42,0.00
STM-DDA-00037-202512,ACC-DDA-00037,2025-11-29,2025-12-28,2025-12-29T14:00:00Z,,119.42,0.00,0.00,0.00,0.00,119.42,0.00
STM-DDA-00037-202601,ACC-DDA-00037,2025-12-29,2026-01-28,2026-01-29T14:00:00Z,,119.42,0.00,0.00,0.00,0.00,119.42,0.00
STM-DDA-00037-202602,ACC-DDA-00037,2026-01-29,2026-02-28,2026-03-01T14:00:00Z,,119.42,128.10,0.00,0.00,0.00,247.52,0.00
STM-DDA-00037-202603,ACC-DDA-00037,2026-03-01,2026-03-28,2026-03-29T13:00:00Z,,247.52,120.78,0.00,0.00,0.00,368.30,0.00
STM-DDA-00037-202604,ACC-DDA-00037,2026-03-29,2026-04-28,2026-04-29T13:00:00Z,,368.30,0.00,0.00,0.00,0.00,368.30,0.00
STM-DDA-00037-202605,ACC-DDA-00037,2026-04-29,2026-05-28,2026-05-29T13:00:00Z,,368.30,0.00,0.00,0.00,0.00,368.30,0.00
STM-DDA-00037-202606,ACC-DDA-00037,2026-05-29,2026-06-28,2026-06-29T13:00:00Z,,368.30,82.76,0.00,0.00,0.00,451.06,0.00
STM-DDA-00037-202607,ACC-DDA-00037,2026-06-29,2026-07-28,2026-07-29T13:00:00Z,,451.06,57.35,0.00,0.00,0.00,508.41,0.00
STM-DDA-00037-202608,ACC-DDA-00037,2026-07-29,2026-08-28,2026-08-29T13:00:00Z,,508.41,122.72,0.00,0.00,0.00,631.13,0.00
STM-DDA-00037-202609,ACC-DDA-00037,2026-08-29,2026-09-28,2026-09-29T13:00:00Z,,631.13,0.00,0.00,0.00,0.00,631.13,0.00
STM-DDA-00038-202509,ACC-DDA-00038,2025-08-31,2025-09-28,2025-09-29T13:00:00Z,,0.00,0.00,0.00,0.00,0.00,0.00,0.00
STM-DDA-00038-202510,ACC-DDA-00038,2025-09-29,2025-10-28,2025-10-29T13:00:00Z,,0.00,0.00,0.00,0.00,0.00,0.00,0.00
STM-DDA-00038-202511,ACC-DDA-00038,2025-10-29,2025-11-28,2025-11-29T14:00:00Z,,0.00,78.82,0.00,0.00,0.00,78.82,0.00
STM-DDA-00038-202512,ACC-DDA-00038,2025-11-29,2025-12-28,2025-12-29T14:00:00Z,,78.82,0.00,0.00,0.00,0.00,78.82,0.00
STM-DDA-00038-202601,ACC-DDA-00038,2025-12-29,2026-01-28,2026-01-29T14:00:00Z,,78.82,20.51,0.00,0.00,0.00,99.33,0.00
STM-DDA-00038-202602,ACC-DDA-00038,2026-01-29,2026-02-28,2026-03-01T14:00:00Z,,99.33,153.16,0.00,0.00,0.00,252.49,0.00
STM-DDA-00038-202603,ACC-DDA-00038,2026-03-01,2026-03-28,2026-03-29T13:00:00Z,,252.49,235.02,0.00,0.00,0.00,487.51,0.00
STM-DDA-00038-202604,ACC-DDA-00038,2026-03-29,2026-04-28,2026-04-29T13:00:00Z,,487.51,144.15,0.00,0.00,0.00,631.66,0.00
STM-DDA-00038-202605,ACC-DDA-00038,2026-04-29,2026-05-28,2026-05-29T13:00:00Z,,631.66,125.21,0.00,0.00,0.00,756.87,0.00
STM-DDA-00038-202606,ACC-DDA-00038,2026-05-29,2026-06-28,2026-06-29T13:00:00Z,,756.87,53.00,0.00,0.00,0.00,809.87,0.00
STM-DDA-00038-202607,ACC-DDA-00038,2026-06-29,2026-07-28,2026-07-29T13:00:00Z,,809.87,0.00,0.00,0.00,0.00,809.87,0.00
STM-DDA-00038-202608,ACC-DDA-00038,2026-07-29,2026-08-28,2026-08-29T13:00:00Z,,809.87,15.85,0.00,0.00,0.00,825.72,0.00
STM-DDA-00038-202609,ACC-DDA-00038,2026-08-29,2026-09-28,2026-09-29T13:00:00Z,,825.72,37.27,0.00,0.00,0.00,862.99,0.00
STM-DDA-00039-202509,ACC-DDA-00039,2025-08-31,2025-09-28,2025-09-29T13:00:00Z,,0.00,0.00,0.00,0.00,0.00,0.00,0.00
STM-DDA-00039-202510,ACC-DDA-00039,2025-09-29,2025-10-28,2025-10-29T13:00:00Z,,0.00,0.00,0.00,0.00,0.00,0.00,0.00
STM-DDA-00039-202511,ACC-DDA-00039,2025-10-29,2025-11-28,2025-11-29T14:00:00Z,,0.00,240.76,0.00,0.00,0.00,240.76,0.00
STM-DDA-00039-202512,ACC-DDA-00039,2025-11-29,2025-12-28,2025-12-29T14:00:00Z,,240.76,108.35,0.00,0.00,0.00,349.11,0.00
STM-DDA-00039-202601,ACC-DDA-00039,2025-12-29,2026-01-28,2026-01-29T14:00:00Z,,349.11,113.56,0.00,0.00,0.00,462.67,0.00
STM-DDA-00039-202602,ACC-DDA-00039,2026-01-29,2026-02-28,2026-03-01T14:00:00Z,,462.67,57.83,0.00,0.00,0.00,520.50,0.00
STM-DDA-00039-202603,ACC-DDA-00039,2026-03-01,2026-03-28,2026-03-29T13:00:00Z,,520.50,18.76,57.83,0.00,0.00,481.43,0.00
STM-DDA-00039-202604,ACC-DDA-00039,2026-03-29,2026-04-28,2026-04-29T13:00:00Z,,481.43,0.00,0.00,0.00,0.00,481.43,0.00
STM-DDA-00039-202605,ACC-DDA-00039,2026-04-29,2026-05-28,2026-05-29T13:00:00Z,,481.43,216.87,0.00,0.00,0.00,698.30,0.00
STM-DDA-00039-202606,ACC-DDA-00039,2026-05-29,2026-06-28,2026-06-29T13:00:00Z,,698.30,89.65,0.00,0.00,0.00,787.95,0.00
STM-DDA-00039-202607,ACC-DDA-00039,2026-06-29,2026-07-28,2026-07-29T13:00:00Z,,787.95,0.00,0.00,0.00,0.00,787.95,0.00
STM-DDA-00039-202608,ACC-DDA-00039,2026-07-29,2026-08-28,2026-08-29T13:00:00Z,,787.95,29.55,0.00,0.00,0.00,817.50,0.00
STM-DDA-00039-202609,ACC-DDA-00039,2026-08-29,2026-09-28,2026-09-29T13:00:00Z,,817.50,96.99,0.00,0.00,0.00,914.49,0.00
STM-DDA-00040-202509,ACC-DDA-00040,2025-08-31,2025-09-28,2025-09-29T13:00:00Z,,0.00,0.00,0.00,0.00,0.00,0.00,0.00
STM-DDA-00040-202510,ACC-DDA-00040,2025-09-29,2025-10-28,2025-10-29T13:00:00Z,,0.00,110.71,0.00,0.00,0.00,110.71,0.00
STM-DDA-00040-202511,ACC-DDA-00040,2025-10-29,2025-11-28,2025-11-29T14:00:00Z,,110.71,158.98,0.00,0.00,0.00,269.69,0.00
STM-DDA-00040-202512,ACC-DDA-00040,2025-11-29,2025-12-28,2025-12-29T14:00:00Z,,269.69,149.10,0.00,0.00,0.00,418.79,0.00
STM-DDA-00040-202601,ACC-DDA-00040,2025-12-29,2026-01-28,2026-01-29T14:00:00Z,,418.79,75.78,0.00,0.00,0.00,494.57,0.00
STM-DDA-00040-202602,ACC-DDA-00040,2026-01-29,2026-02-28,2026-03-01T14:00:00Z,,494.57,137.29,0.00,0.00,0.00,631.86,0.00
STM-DDA-00040-202603,ACC-DDA-00040,2026-03-01,2026-03-28,2026-03-29T13:00:00Z,,631.86,237.18,0.00,0.00,0.00,869.04,0.00
STM-DDA-00040-202604,ACC-DDA-00040,2026-03-29,2026-04-28,2026-04-29T13:00:00Z,,869.04,364.09,0.00,0.00,0.00,1233.13,0.00
STM-DDA-00040-202605,ACC-DDA-00040,2026-04-29,2026-05-28,2026-05-29T13:00:00Z,,1233.13,225.61,0.00,0.00,0.00,1458.74,0.00
STM-DDA-00040-202606,ACC-DDA-00040,2026-05-29,2026-06-28,2026-06-29T13:00:00Z,,1458.74,89.35,0.00,0.00,0.00,1548.09,0.00
STM-DDA-00040-202607,ACC-DDA-00040,2026-06-29,2026-07-28,2026-07-29T13:00:00Z,,1548.09,86.07,0.00,0.00,0.00,1634.16,0.00
STM-DDA-00040-202608,ACC-DDA-00040,2026-07-29,2026-08-28,2026-08-29T13:00:00Z,,1634.16,170.39,0.00,0.00,0.00,1804.55,0.00
STM-DDA-00040-202609,ACC-DDA-00040,2026-08-29,2026-09-28,2026-09-29T13:00:00Z,,1804.55,163.18,0.00,0.00,0.00,1967.73,0.00
STM-DDA-00041-202509,ACC-DDA-00041,2025-08-31,2025-09-28,2025-09-29T13:00:00Z,,0.00,0.00,0.00,0.00,0.00,0.00,0.00
STM-DDA-00041-202510,ACC-DDA-00041,2025-09-29,2025-10-28,2025-10-29T13:00:00Z,,0.00,294.27,0.00,0.00,0.00,294.27,0.00
STM-DDA-00041-202511,ACC-DDA-00041,2025-10-29,2025-11-28,2025-11-29T14:00:00Z,,294.27,79.20,0.00,0.00,0.00,373.47,0.00
STM-DDA-00041-202512,ACC-DDA-00041,2025-11-29,2025-12-28,2025-12-29T14:00:00Z,,373.47,125.89,0.00,0.00,0.00,499.36,0.00
STM-DDA-00041-202601,ACC-DDA-00041,2025-12-29,2026-01-28,2026-01-29T14:00:00Z,,499.36,163.09,38.84,0.00,0.00,623.61,0.00
STM-DDA-00041-202602,ACC-DDA-00041,2026-01-29,2026-02-28,2026-03-01T14:00:00Z,,623.61,287.76,0.00,0.00,0.00,911.37,0.00
STM-DDA-00041-202603,ACC-DDA-00041,2026-03-01,2026-03-28,2026-03-29T13:00:00Z,,911.37,202.66,0.00,0.00,0.00,1114.03,0.00
STM-DDA-00041-202604,ACC-DDA-00041,2026-03-29,2026-04-28,2026-04-29T13:00:00Z,,1114.03,288.16,0.00,0.00,0.00,1402.19,0.00
STM-DDA-00041-202605,ACC-DDA-00041,2026-04-29,2026-05-28,2026-05-29T13:00:00Z,,1402.19,297.78,0.00,0.00,0.00,1699.97,0.00
STM-DDA-00041-202606,ACC-DDA-00041,2026-05-29,2026-06-28,2026-06-29T13:00:00Z,,1699.97,265.81,0.00,0.00,0.00,1965.78,0.00
STM-DDA-00041-202607,ACC-DDA-00041,2026-06-29,2026-07-28,2026-07-29T13:00:00Z,,1965.78,301.88,0.00,0.00,0.00,2267.66,0.00
STM-DDA-00041-202608,ACC-DDA-00041,2026-07-29,2026-08-28,2026-08-29T13:00:00Z,,2267.66,219.16,0.00,0.00,0.00,2486.82,0.00
STM-DDA-00041-202609,ACC-DDA-00041,2026-08-29,2026-09-28,2026-09-29T13:00:00Z,,2486.82,284.65,0.00,0.00,0.00,2771.47,0.00
STM-DDA-00042-202509,ACC-DDA-00042,2025-08-31,2025-09-28,2025-09-29T13:00:00Z,,0.00,0.00,0.00,0.00,0.00,0.00,0.00
STM-DDA-00042-202510,ACC-DDA-00042,2025-09-29,2025-10-28,2025-10-29T13:00:00Z,,0.00,178.42,0.00,0.00,0.00,178.42,0.00
STM-DDA-00042-202511,ACC-DDA-00042,2025-10-29,2025-11-28,2025-11-29T14:00:00Z,,178.42,25.31,0.00,0.00,0.00,203.73,0.00
STM-DDA-00042-202512,ACC-DDA-00042,2025-11-29,2025-12-28,2025-12-29T14:00:00Z,,203.73,258.86,0.00,0.00,0.00,462.59,0.00
STM-DDA-00042-202601,ACC-DDA-00042,2025-12-29,2026-01-28,2026-01-29T14:00:00Z,,462.59,0.00,0.00,0.00,0.00,462.59,0.00
STM-DDA-00042-202602,ACC-DDA-00042,2026-01-29,2026-02-28,2026-03-01T14:00:00Z,,462.59,99.71,0.00,0.00,0.00,562.30,0.00
STM-DDA-00042-202603,ACC-DDA-00042,2026-03-01,2026-03-28,2026-03-29T13:00:00Z,,562.30,13.05,0.00,0.00,0.00,575.35,0.00
STM-DDA-00042-202604,ACC-DDA-00042,2026-03-29,2026-04-28,2026-04-29T13:00:00Z,,575.35,119.89,0.00,0.00,0.00,695.24,0.00
STM-DDA-00042-202605,ACC-DDA-00042,2026-04-29,2026-05-28,2026-05-29T13:00:00Z,,695.24,19.49,0.00,0.00,0.00,714.73,0.00
STM-DDA-00042-202606,ACC-DDA-00042,2026-05-29,2026-06-28,2026-06-29T13:00:00Z,,714.73,0.00,0.00,0.00,0.00,714.73,0.00
STM-DDA-00042-202607,ACC-DDA-00042,2026-06-29,2026-07-28,2026-07-29T13:00:00Z,,714.73,175.29,0.00,0.00,0.00,890.02,0.00
STM-DDA-00042-202608,ACC-DDA-00042,2026-07-29,2026-08-28,2026-08-29T13:00:00Z,,890.02,6.95,0.00,0.00,0.00,896.97,0.00
STM-DDA-00042-202609,ACC-DDA-00042,2026-08-29,2026-09-28,2026-09-29T13:00:00Z,,896.97,0.00,0.00,0.00,0.00,896.97,0.00
STM-DDA-00043-202509,ACC-DDA-00043,2025-08-31,2025-09-28,2025-09-29T13:00:00Z,,0.00,0.00,0.00,0.00,0.00,0.00,0.00
STM-DDA-00043-202510,ACC-DDA-00043,2025-09-29,2025-10-28,2025-10-29T13:00:00Z,,0.00,166.73,0.00,0.00,0.00,166.73,0.00
STM-DDA-00043-202511,ACC-DDA-00043,2025-10-29,2025-11-28,2025-11-29T14:00:00Z,,166.73,0.00,0.00,0.00,0.00,166.73,0.00
STM-DDA-00043-202512,ACC-DDA-00043,2025-11-29,2025-12-28,2025-12-29T14:00:00Z,,166.73,53.17,0.00,0.00,0.00,219.90,0.00
STM-DDA-00043-202601,ACC-DDA-00043,2025-12-29,2026-01-28,2026-01-29T14:00:00Z,,219.90,0.00,0.00,0.00,0.00,219.90,0.00
STM-DDA-00043-202602,ACC-DDA-00043,2026-01-29,2026-02-28,2026-03-01T14:00:00Z,,219.90,66.93,0.00,0.00,0.00,286.83,0.00
STM-DDA-00043-202603,ACC-DDA-00043,2026-03-01,2026-03-28,2026-03-29T13:00:00Z,,286.83,239.60,0.00,0.00,0.00,526.43,0.00
STM-DDA-00043-202604,ACC-DDA-00043,2026-03-29,2026-04-28,2026-04-29T13:00:00Z,,526.43,149.10,0.00,0.00,0.00,675.53,0.00
STM-DDA-00043-202605,ACC-DDA-00043,2026-04-29,2026-05-28,2026-05-29T13:00:00Z,,675.53,136.93,0.00,0.00,0.00,812.46,0.00
STM-DDA-00043-202606,ACC-DDA-00043,2026-05-29,2026-06-28,2026-06-29T13:00:00Z,,812.46,64.15,0.00,0.00,0.00,876.61,0.00
STM-DDA-00043-202607,ACC-DDA-00043,2026-06-29,2026-07-28,2026-07-29T13:00:00Z,,876.61,0.00,0.00,0.00,0.00,876.61,0.00
STM-DDA-00043-202608,ACC-DDA-00043,2026-07-29,2026-08-28,2026-08-29T13:00:00Z,,876.61,0.00,0.00,0.00,0.00,876.61,0.00
STM-DDA-00043-202609,ACC-DDA-00043,2026-08-29,2026-09-28,2026-09-29T13:00:00Z,,876.61,0.00,0.00,0.00,0.00,876.61,0.00
STM-DDA-00044-202509,ACC-DDA-00044,2025-08-31,2025-09-28,2025-09-29T13:00:00Z,,0.00,0.00,0.00,0.00,0.00,0.00,0.00
STM-DDA-00044-202510,ACC-DDA-00044,2025-09-29,2025-10-28,2025-10-29T13:00:00Z,,0.00,304.31,0.00,0.00,0.00,304.31,0.00
STM-DDA-00044-202511,ACC-DDA-00044,2025-10-29,2025-11-28,2025-11-29T14:00:00Z,,304.31,454.96,0.00,0.00,0.00,759.27,0.00
STM-DDA-00044-202512,ACC-DDA-00044,2025-11-29,2025-12-28,2025-12-29T14:00:00Z,,759.27,422.22,0.00,0.00,0.00,1181.49,0.00
STM-DDA-00044-202601,ACC-DDA-00044,2025-12-29,2026-01-28,2026-01-29T14:00:00Z,,1181.49,1545.04,0.00,0.00,0.00,2726.53,0.00
STM-DDA-00044-202602,ACC-DDA-00044,2026-01-29,2026-02-28,2026-03-01T14:00:00Z,,2726.53,400.97,0.00,0.00,0.00,3127.50,0.00
STM-DDA-00044-202603,ACC-DDA-00044,2026-03-01,2026-03-28,2026-03-29T13:00:00Z,,3127.50,638.86,0.00,0.00,0.00,3766.36,0.00
STM-DDA-00044-202604,ACC-DDA-00044,2026-03-29,2026-04-28,2026-04-29T13:00:00Z,,3766.36,1418.81,0.00,0.00,0.00,5185.17,0.00
STM-DDA-00044-202605,ACC-DDA-00044,2026-04-29,2026-05-28,2026-05-29T13:00:00Z,,5185.17,277.84,0.00,0.00,0.00,5463.01,0.00
STM-DDA-00044-202606,ACC-DDA-00044,2026-05-29,2026-06-28,2026-06-29T13:00:00Z,,5463.01,369.32,0.00,0.00,0.00,5832.33,0.00
STM-DDA-00044-202607,ACC-DDA-00044,2026-06-29,2026-07-28,2026-07-29T13:00:00Z,,5832.33,660.95,23.89,0.00,0.00,6469.39,0.00
STM-DDA-00044-202608,ACC-DDA-00044,2026-07-29,2026-08-28,2026-08-29T13:00:00Z,,6469.39,1612.63,0.00,0.00,0.00,8082.02,0.00
STM-DDA-00044-202609,ACC-DDA-00044,2026-08-29,2026-09-28,2026-09-29T13:00:00Z,,8082.02,370.43,158.28,0.00,0.00,8294.17,0.00
STM-DDA-00045-202509,ACC-DDA-00045,2025-08-31,2025-09-28,2025-09-29T13:00:00Z,,0.00,0.00,0.00,0.00,0.00,0.00,0.00
STM-DDA-00045-202510,ACC-DDA-00045,2025-09-29,2025-10-28,2025-10-29T13:00:00Z,,0.00,37.92,0.00,0.00,0.00,37.92,0.00
STM-DDA-00045-202511,ACC-DDA-00045,2025-10-29,2025-11-28,2025-11-29T14:00:00Z,,37.92,50.60,0.00,0.00,0.00,88.52,0.00
STM-DDA-00045-202512,ACC-DDA-00045,2025-11-29,2025-12-28,2025-12-29T14:00:00Z,,88.52,0.00,0.00,0.00,0.00,88.52,0.00
STM-DDA-00045-202601,ACC-DDA-00045,2025-12-29,2026-01-28,2026-01-29T14:00:00Z,,88.52,129.40,0.00,0.00,0.00,217.92,0.00
STM-DDA-00045-202602,ACC-DDA-00045,2026-01-29,2026-02-28,2026-03-01T14:00:00Z,,217.92,57.51,0.00,0.00,0.00,275.43,0.00
STM-DDA-00045-202603,ACC-DDA-00045,2026-03-01,2026-03-28,2026-03-29T13:00:00Z,,275.43,459.54,0.00,0.00,0.00,734.97,0.00
STM-DDA-00045-202604,ACC-DDA-00045,2026-03-29,2026-04-28,2026-04-29T13:00:00Z,,734.97,148.39,0.00,0.00,0.00,883.36,0.00
STM-DDA-00045-202605,ACC-DDA-00045,2026-04-29,2026-05-28,2026-05-29T13:00:00Z,,883.36,90.36,0.00,0.00,0.00,973.72,0.00
STM-DDA-00045-202606,ACC-DDA-00045,2026-05-29,2026-06-28,2026-06-29T13:00:00Z,,973.72,695.53,0.00,0.00,0.00,1669.25,0.00
STM-DDA-00045-202607,ACC-DDA-00045,2026-06-29,2026-07-28,2026-07-29T13:00:00Z,,1669.25,53.13,0.00,0.00,0.00,1722.38,0.00
STM-DDA-00045-202608,ACC-DDA-00045,2026-07-29,2026-08-28,2026-08-29T13:00:00Z,,1722.38,0.00,0.00,0.00,0.00,1722.38,0.00
STM-DDA-00045-202609,ACC-DDA-00045,2026-08-29,2026-09-28,2026-09-29T13:00:00Z,,1722.38,225.46,0.00,0.00,0.00,1947.84,0.00
STM-DDA-00046-202509,ACC-DDA-00046,2025-08-31,2025-09-28,2025-09-29T13:00:00Z,,0.00,0.00,0.00,0.00,0.00,0.00,0.00
STM-DDA-00046-202510,ACC-DDA-00046,2025-09-29,2025-10-28,2025-10-29T13:00:00Z,,0.00,90.77,0.00,0.00,0.00,90.77,0.00
STM-DDA-00046-202511,ACC-DDA-00046,2025-10-29,2025-11-28,2025-11-29T14:00:00Z,,90.77,178.35,0.00,0.00,0.00,269.12,0.00
STM-DDA-00046-202512,ACC-DDA-00046,2025-11-29,2025-12-28,2025-12-29T14:00:00Z,,269.12,0.00,0.00,0.00,0.00,269.12,0.00
STM-DDA-00046-202601,ACC-DDA-00046,2025-12-29,2026-01-28,2026-01-29T14:00:00Z,,269.12,109.24,0.00,0.00,0.00,378.36,0.00
STM-DDA-00046-202602,ACC-DDA-00046,2026-01-29,2026-02-28,2026-03-01T14:00:00Z,,378.36,56.71,0.00,0.00,0.00,435.07,0.00
STM-DDA-00046-202603,ACC-DDA-00046,2026-03-01,2026-03-28,2026-03-29T13:00:00Z,,435.07,7.17,0.00,0.00,0.00,442.24,0.00
STM-DDA-00046-202604,ACC-DDA-00046,2026-03-29,2026-04-28,2026-04-29T13:00:00Z,,442.24,0.00,0.00,0.00,0.00,442.24,0.00
STM-DDA-00046-202605,ACC-DDA-00046,2026-04-29,2026-05-28,2026-05-29T13:00:00Z,,442.24,24.51,0.00,0.00,0.00,466.75,0.00
STM-DDA-00046-202606,ACC-DDA-00046,2026-05-29,2026-06-28,2026-06-29T13:00:00Z,,466.75,74.41,0.00,0.00,0.00,541.16,0.00
STM-DDA-00046-202607,ACC-DDA-00046,2026-06-29,2026-07-28,2026-07-29T13:00:00Z,,541.16,0.00,0.00,0.00,0.00,541.16,0.00
STM-DDA-00046-202608,ACC-DDA-00046,2026-07-29,2026-08-28,2026-08-29T13:00:00Z,,541.16,108.06,0.00,0.00,0.00,649.22,0.00
STM-DDA-00046-202609,ACC-DDA-00046,2026-08-29,2026-09-28,2026-09-29T13:00:00Z,,649.22,93.51,0.00,0.00,0.00,742.73,0.00
STM-DDA-00047-202509,ACC-DDA-00047,2025-08-31,2025-09-28,2025-09-29T13:00:00Z,,0.00,0.00,0.00,0.00,0.00,0.00,0.00
STM-DDA-00047-202510,ACC-DDA-00047,2025-09-29,2025-10-28,2025-10-29T13:00:00Z,,0.00,195.86,0.00,0.00,0.00,195.86,0.00
STM-DDA-00047-202511,ACC-DDA-00047,2025-10-29,2025-11-28,2025-11-29T14:00:00Z,,195.86,319.74,0.00,0.00,0.00,515.60,0.00
STM-DDA-00047-202512,ACC-DDA-00047,2025-11-29,2025-12-28,2025-12-29T14:00:00Z,,515.60,442.55,0.00,0.00,0.00,958.15,0.00
STM-DDA-00047-202601,ACC-DDA-00047,2025-12-29,2026-01-28,2026-01-29T14:00:00Z,,958.15,243.47,0.00,0.00,0.00,1201.62,0.00
STM-DDA-00047-202602,ACC-DDA-00047,2026-01-29,2026-02-28,2026-03-01T14:00:00Z,,1201.62,508.89,0.00,0.00,0.00,1710.51,0.00
STM-DDA-00047-202603,ACC-DDA-00047,2026-03-01,2026-03-28,2026-03-29T13:00:00Z,,1710.51,489.59,0.00,0.00,0.00,2200.10,0.00
STM-DDA-00047-202604,ACC-DDA-00047,2026-03-29,2026-04-28,2026-04-29T13:00:00Z,,2200.10,396.19,0.00,0.00,0.00,2596.29,0.00
STM-DDA-00047-202605,ACC-DDA-00047,2026-04-29,2026-05-28,2026-05-29T13:00:00Z,,2596.29,306.06,0.00,0.00,0.00,2902.35,0.00
STM-DDA-00047-202606,ACC-DDA-00047,2026-05-29,2026-06-28,2026-06-29T13:00:00Z,,2902.35,309.32,0.00,0.00,0.00,3211.67,0.00
STM-DDA-00047-202607,ACC-DDA-00047,2026-06-29,2026-07-28,2026-07-29T13:00:00Z,,3211.67,344.20,0.00,0.00,0.00,3555.87,0.00
STM-DDA-00047-202608,ACC-DDA-00047,2026-07-29,2026-08-28,2026-08-29T13:00:00Z,,3555.87,187.37,0.00,0.00,0.00,3743.24,0.00
STM-DDA-00047-202609,ACC-DDA-00047,2026-08-29,2026-09-28,2026-09-29T13:00:00Z,,3743.24,304.31,0.00,0.00,0.00,4047.55,0.00
STM-DDA-00048-202509,ACC-DDA-00048,2025-08-31,2025-09-28,2025-09-29T13:00:00Z,,0.00,0.00,0.00,0.00,0.00,0.00,0.00
STM-DDA-00048-202510,ACC-DDA-00048,2025-09-29,2025-10-28,2025-10-29T13:00:00Z,,0.00,40.53,0.00,0.00,0.00,40.53,0.00
STM-DDA-00048-202511,ACC-DDA-00048,2025-10-29,2025-11-28,2025-11-29T14:00:00Z,,40.53,134.86,0.00,0.00,0.00,175.39,0.00
STM-DDA-00048-202512,ACC-DDA-00048,2025-11-29,2025-12-28,2025-12-29T14:00:00Z,,175.39,0.00,0.00,0.00,0.00,175.39,0.00
STM-DDA-00048-202601,ACC-DDA-00048,2025-12-29,2026-01-28,2026-01-29T14:00:00Z,,175.39,0.00,0.00,0.00,0.00,175.39,0.00
STM-DDA-00048-202602,ACC-DDA-00048,2026-01-29,2026-02-28,2026-03-01T14:00:00Z,,175.39,67.22,0.00,0.00,0.00,242.61,0.00
STM-DDA-00048-202603,ACC-DDA-00048,2026-03-01,2026-03-28,2026-03-29T13:00:00Z,,242.61,125.72,0.00,0.00,0.00,368.33,0.00
STM-DDA-00048-202604,ACC-DDA-00048,2026-03-29,2026-04-28,2026-04-29T13:00:00Z,,368.33,0.00,0.00,0.00,0.00,368.33,0.00
STM-DDA-00048-202605,ACC-DDA-00048,2026-04-29,2026-05-28,2026-05-29T13:00:00Z,,368.33,90.94,0.00,0.00,0.00,459.27,0.00
STM-DDA-00048-202606,ACC-DDA-00048,2026-05-29,2026-06-28,2026-06-29T13:00:00Z,,459.27,0.00,0.00,0.00,0.00,459.27,0.00
STM-DDA-00048-202607,ACC-DDA-00048,2026-06-29,2026-07-28,2026-07-29T13:00:00Z,,459.27,173.64,0.00,0.00,0.00,632.91,0.00
STM-DDA-00048-202608,ACC-DDA-00048,2026-07-29,2026-08-28,2026-08-29T13:00:00Z,,632.91,254.39,0.00,0.00,0.00,887.30,0.00
STM-DDA-00048-202609,ACC-DDA-00048,2026-08-29,2026-09-28,2026-09-29T13:00:00Z,,887.30,0.00,0.00,0.00,0.00,887.30,0.00
STM-DDA-00049-202509,ACC-DDA-00049,2025-08-31,2025-09-28,2025-09-29T13:00:00Z,,0.00,0.00,0.00,0.00,0.00,0.00,0.00
STM-DDA-00049-202510,ACC-DDA-00049,2025-09-29,2025-10-28,2025-10-29T13:00:00Z,,0.00,0.00,0.00,0.00,0.00,0.00,0.00
STM-DDA-00049-202511,ACC-DDA-00049,2025-10-29,2025-11-28,2025-11-29T14:00:00Z,,0.00,97.21,0.00,0.00,0.00,97.21,0.00
STM-DDA-00049-202512,ACC-DDA-00049,2025-11-29,2025-12-28,2025-12-29T14:00:00Z,,97.21,45.33,0.00,0.00,0.00,142.54,0.00
STM-DDA-00049-202601,ACC-DDA-00049,2025-12-29,2026-01-28,2026-01-29T14:00:00Z,,142.54,254.23,0.00,0.00,0.00,396.77,0.00
STM-DDA-00049-202602,ACC-DDA-00049,2026-01-29,2026-02-28,2026-03-01T14:00:00Z,,396.77,66.51,0.00,0.00,0.00,463.28,0.00
STM-DDA-00049-202603,ACC-DDA-00049,2026-03-01,2026-03-28,2026-03-29T13:00:00Z,,463.28,27.44,0.00,0.00,0.00,490.72,0.00
STM-DDA-00049-202604,ACC-DDA-00049,2026-03-29,2026-04-28,2026-04-29T13:00:00Z,,490.72,172.19,0.00,0.00,0.00,662.91,0.00
STM-DDA-00049-202605,ACC-DDA-00049,2026-04-29,2026-05-28,2026-05-29T13:00:00Z,,662.91,153.61,0.00,0.00,0.00,816.52,0.00
STM-DDA-00049-202606,ACC-DDA-00049,2026-05-29,2026-06-28,2026-06-29T13:00:00Z,,816.52,94.25,0.00,0.00,0.00,910.77,0.00
STM-DDA-00049-202607,ACC-DDA-00049,2026-06-29,2026-07-28,2026-07-29T13:00:00Z,,910.77,96.98,0.00,0.00,0.00,1007.75,0.00
STM-DDA-00049-202608,ACC-DDA-00049,2026-07-29,2026-08-28,2026-08-29T13:00:00Z,,1007.75,0.00,0.00,0.00,0.00,1007.75,0.00
STM-DDA-00049-202609,ACC-DDA-00049,2026-08-29,2026-09-28,2026-09-29T13:00:00Z,,1007.75,157.55,0.00,0.00,0.00,1165.30,0.00
STM-DDA-00050-202509,ACC-DDA-00050,2025-08-31,2025-09-28,2025-09-29T13:00:00Z,,0.00,0.00,0.00,0.00,0.00,0.00,0.00
STM-DDA-00050-202510,ACC-DDA-00050,2025-09-29,2025-10-28,2025-10-29T13:00:00Z,,0.00,618.67,0.00,0.00,0.00,618.67,0.00
STM-DDA-00050-202511,ACC-DDA-00050,2025-10-29,2025-11-28,2025-11-29T14:00:00Z,,618.67,1061.80,0.00,0.00,0.00,1680.47,0.00
STM-DDA-00050-202512,ACC-DDA-00050,2025-11-29,2025-12-28,2025-12-29T14:00:00Z,,1680.47,401.93,0.00,0.00,0.00,2082.40,0.00
STM-DDA-00050-202601,ACC-DDA-00050,2025-12-29,2026-01-28,2026-01-29T14:00:00Z,,2082.40,287.20,0.00,0.00,0.00,2369.60,0.00
STM-DDA-00050-202602,ACC-DDA-00050,2026-01-29,2026-02-28,2026-03-01T14:00:00Z,,2369.60,415.47,0.00,0.00,0.00,2785.07,0.00
STM-DDA-00050-202603,ACC-DDA-00050,2026-03-01,2026-03-28,2026-03-29T13:00:00Z,,2785.07,380.25,0.00,0.00,0.00,3165.32,0.00
STM-DDA-00050-202604,ACC-DDA-00050,2026-03-29,2026-04-28,2026-04-29T13:00:00Z,,3165.32,439.04,0.00,0.00,0.00,3604.36,0.00
STM-DDA-00050-202605,ACC-DDA-00050,2026-04-29,2026-05-28,2026-05-29T13:00:00Z,,3604.36,416.67,0.00,0.00,0.00,4021.03,0.00
STM-DDA-00050-202606,ACC-DDA-00050,2026-05-29,2026-06-28,2026-06-29T13:00:00Z,,4021.03,569.30,0.00,0.00,0.00,4590.33,0.00
STM-DDA-00050-202607,ACC-DDA-00050,2026-06-29,2026-07-28,2026-07-29T13:00:00Z,,4590.33,420.80,0.00,0.00,0.00,5011.13,0.00
STM-DDA-00050-202608,ACC-DDA-00050,2026-07-29,2026-08-28,2026-08-29T13:00:00Z,,5011.13,1020.17,23.69,0.00,0.00,6007.61,0.00
STM-DDA-00050-202609,ACC-DDA-00050,2026-08-29,2026-09-28,2026-09-29T13:00:00Z,,6007.61,428.45,60.74,0.00,0.00,6375.32,0.00
STM-DDA-00051-202509,ACC-DDA-00051,2025-08-31,2025-09-28,2025-09-29T13:00:00Z,,0.00,0.00,0.00,0.00,0.00,0.00,0.00
STM-DDA-00051-202510,ACC-DDA-00051,2025-09-29,2025-10-28,2025-10-29T13:00:00Z,,0.00,649.20,0.00,0.00,0.00,649.20,0.00
STM-DDA-00051-202511,ACC-DDA-00051,2025-10-29,2025-11-28,2025-11-29T14:00:00Z,,649.20,443.47,0.00,0.00,0.00,1092.67,0.00
STM-DDA-00051-202512,ACC-DDA-00051,2025-11-29,2025-12-28,2025-12-29T14:00:00Z,,1092.67,549.30,0.00,0.00,0.00,1641.97,0.00
STM-DDA-00051-202601,ACC-DDA-00051,2025-12-29,2026-01-28,2026-01-29T14:00:00Z,,1641.97,586.16,0.00,0.00,0.00,2228.13,0.00
STM-DDA-00051-202602,ACC-DDA-00051,2026-01-29,2026-02-28,2026-03-01T14:00:00Z,,2228.13,522.27,0.00,0.00,0.00,2750.40,0.00
STM-DDA-00051-202603,ACC-DDA-00051,2026-03-01,2026-03-28,2026-03-29T13:00:00Z,,2750.40,643.71,0.00,0.00,0.00,3394.11,0.00
STM-DDA-00051-202604,ACC-DDA-00051,2026-03-29,2026-04-28,2026-04-29T13:00:00Z,,3394.11,323.98,0.00,0.00,0.00,3718.09,0.00
STM-DDA-00051-202605,ACC-DDA-00051,2026-04-29,2026-05-28,2026-05-29T13:00:00Z,,3718.09,327.09,0.00,0.00,0.00,4045.18,0.00
STM-DDA-00051-202606,ACC-DDA-00051,2026-05-29,2026-06-28,2026-06-29T13:00:00Z,,4045.18,373.60,0.00,0.00,0.00,4418.78,0.00
STM-DDA-00051-202607,ACC-DDA-00051,2026-06-29,2026-07-28,2026-07-29T13:00:00Z,,4418.78,497.51,64.28,0.00,0.00,4852.01,0.00
STM-DDA-00051-202608,ACC-DDA-00051,2026-07-29,2026-08-28,2026-08-29T13:00:00Z,,4852.01,969.85,0.00,0.00,0.00,5821.86,0.00
STM-DDA-00051-202609,ACC-DDA-00051,2026-08-29,2026-09-28,2026-09-29T13:00:00Z,,5821.86,781.31,0.00,0.00,0.00,6603.17,0.00
STM-DDA-00052-202509,ACC-DDA-00052,2025-08-31,2025-09-28,2025-09-29T13:00:00Z,,0.00,0.00,0.00,0.00,0.00,0.00,0.00
STM-DDA-00052-202510,ACC-DDA-00052,2025-09-29,2025-10-28,2025-10-29T13:00:00Z,,0.00,192.55,0.00,0.00,0.00,192.55,0.00
STM-DDA-00052-202511,ACC-DDA-00052,2025-10-29,2025-11-28,2025-11-29T14:00:00Z,,192.55,426.80,0.00,0.00,0.00,619.35,0.00
STM-DDA-00052-202512,ACC-DDA-00052,2025-11-29,2025-12-28,2025-12-29T14:00:00Z,,619.35,321.02,0.00,0.00,0.00,940.37,0.00
STM-DDA-00052-202601,ACC-DDA-00052,2025-12-29,2026-01-28,2026-01-29T14:00:00Z,,940.37,289.96,18.58,0.00,0.00,1211.75,0.00
STM-DDA-00052-202602,ACC-DDA-00052,2026-01-29,2026-02-28,2026-03-01T14:00:00Z,,1211.75,248.93,0.00,0.00,0.00,1460.68,0.00
STM-DDA-00052-202603,ACC-DDA-00052,2026-03-01,2026-03-28,2026-03-29T13:00:00Z,,1460.68,144.95,0.00,0.00,0.00,1605.63,0.00
STM-DDA-00052-202604,ACC-DDA-00052,2026-03-29,2026-04-28,2026-04-29T13:00:00Z,,1605.63,603.28,0.00,0.00,0.00,2208.91,0.00
STM-DDA-00052-202605,ACC-DDA-00052,2026-04-29,2026-05-28,2026-05-29T13:00:00Z,,2208.91,353.08,0.00,0.00,0.00,2561.99,0.00
STM-DDA-00052-202606,ACC-DDA-00052,2026-05-29,2026-06-28,2026-06-29T13:00:00Z,,2561.99,175.79,0.00,0.00,0.00,2737.78,0.00
STM-DDA-00052-202607,ACC-DDA-00052,2026-06-29,2026-07-28,2026-07-29T13:00:00Z,,2737.78,477.23,41.38,0.00,0.00,3173.63,0.00
STM-DDA-00052-202608,ACC-DDA-00052,2026-07-29,2026-08-28,2026-08-29T13:00:00Z,,3173.63,468.90,0.00,0.00,0.00,3642.53,0.00
STM-DDA-00052-202609,ACC-DDA-00052,2026-08-29,2026-09-28,2026-09-29T13:00:00Z,,3642.53,488.32,0.00,0.00,0.00,4130.85,0.00
STM-DDA-00053-202509,ACC-DDA-00053,2025-08-31,2025-09-28,2025-09-29T13:00:00Z,,0.00,0.00,0.00,0.00,0.00,0.00,0.00
STM-DDA-00053-202510,ACC-DDA-00053,2025-09-29,2025-10-28,2025-10-29T13:00:00Z,,0.00,211.25,0.00,0.00,0.00,211.25,0.00
STM-DDA-00053-202511,ACC-DDA-00053,2025-10-29,2025-11-28,2025-11-29T14:00:00Z,,211.25,40.41,0.00,0.00,0.00,251.66,0.00
STM-DDA-00053-202512,ACC-DDA-00053,2025-11-29,2025-12-28,2025-12-29T14:00:00Z,,251.66,1111.12,0.00,0.00,0.00,1362.78,0.00
STM-DDA-00053-202601,ACC-DDA-00053,2025-12-29,2026-01-28,2026-01-29T14:00:00Z,,1362.78,156.44,0.00,0.00,0.00,1519.22,0.00
STM-DDA-00053-202602,ACC-DDA-00053,2026-01-29,2026-02-28,2026-03-01T14:00:00Z,,1519.22,293.93,0.00,0.00,0.00,1813.15,0.00
STM-DDA-00053-202603,ACC-DDA-00053,2026-03-01,2026-03-28,2026-03-29T13:00:00Z,,1813.15,453.85,37.80,0.00,0.00,2229.20,0.00
STM-DDA-00053-202604,ACC-DDA-00053,2026-03-29,2026-04-28,2026-04-29T13:00:00Z,,2229.20,159.76,0.00,0.00,0.00,2388.96,0.00
STM-DDA-00053-202605,ACC-DDA-00053,2026-04-29,2026-05-28,2026-05-29T13:00:00Z,,2388.96,131.55,0.00,0.00,0.00,2520.51,0.00
STM-DDA-00053-202606,ACC-DDA-00053,2026-05-29,2026-06-28,2026-06-29T13:00:00Z,,2520.51,375.11,0.00,0.00,0.00,2895.62,0.00
STM-DDA-00053-202607,ACC-DDA-00053,2026-06-29,2026-07-28,2026-07-29T13:00:00Z,,2895.62,40.44,0.00,0.00,0.00,2936.06,0.00
STM-DDA-00053-202608,ACC-DDA-00053,2026-07-29,2026-08-28,2026-08-29T13:00:00Z,,2936.06,459.16,0.00,0.00,0.00,3395.22,0.00
STM-DDA-00053-202609,ACC-DDA-00053,2026-08-29,2026-09-28,2026-09-29T13:00:00Z,,3395.22,28.78,0.00,0.00,0.00,3424.00,0.00
STM-DDA-00054-202509,ACC-DDA-00054,2025-08-31,2025-09-28,2025-09-29T13:00:00Z,,0.00,0.00,0.00,0.00,0.00,0.00,0.00
STM-DDA-00054-202510,ACC-DDA-00054,2025-09-29,2025-10-28,2025-10-29T13:00:00Z,,0.00,50.95,0.00,0.00,0.00,50.95,0.00
STM-DDA-00054-202511,ACC-DDA-00054,2025-10-29,2025-11-28,2025-11-29T14:00:00Z,,50.95,54.73,0.00,0.00,0.00,105.68,0.00
STM-DDA-00054-202512,ACC-DDA-00054,2025-11-29,2025-12-28,2025-12-29T14:00:00Z,,105.68,163.00,0.00,0.00,0.00,268.68,0.00
STM-DDA-00054-202601,ACC-DDA-00054,2025-12-29,2026-01-28,2026-01-29T14:00:00Z,,268.68,0.00,0.00,0.00,0.00,268.68,0.00
STM-DDA-00054-202602,ACC-DDA-00054,2026-01-29,2026-02-28,2026-03-01T14:00:00Z,,268.68,209.53,0.00,0.00,0.00,478.21,0.00
STM-DDA-00054-202603,ACC-DDA-00054,2026-03-01,2026-03-28,2026-03-29T13:00:00Z,,478.21,135.68,0.00,0.00,0.00,613.89,0.00
STM-DDA-00054-202604,ACC-DDA-00054,2026-03-29,2026-04-28,2026-04-29T13:00:00Z,,613.89,157.78,0.00,0.00,0.00,771.67,0.00
STM-DDA-00054-202605,ACC-DDA-00054,2026-04-29,2026-05-28,2026-05-29T13:00:00Z,,771.67,182.66,0.00,0.00,0.00,954.33,0.00
STM-DDA-00054-202606,ACC-DDA-00054,2026-05-29,2026-06-28,2026-06-29T13:00:00Z,,954.33,262.59,0.00,0.00,0.00,1216.92,0.00
STM-DDA-00054-202607,ACC-DDA-00054,2026-06-29,2026-07-28,2026-07-29T13:00:00Z,,1216.92,78.27,0.00,0.00,0.00,1295.19,0.00
STM-DDA-00054-202608,ACC-DDA-00054,2026-07-29,2026-08-28,2026-08-29T13:00:00Z,,1295.19,0.00,0.00,0.00,0.00,1295.19,0.00
STM-DDA-00054-202609,ACC-DDA-00054,2026-08-29,2026-09-28,2026-09-29T13:00:00Z,,1295.19,0.00,0.00,0.00,0.00,1295.19,0.00
STM-DDA-00055-202606,ACC-DDA-00055,2026-06-09,2026-06-28,2026-06-29T13:00:00Z,,0.00,0.00,0.00,0.00,0.00,0.00,0.00
STM-DDA-00055-202607,ACC-DDA-00055,2026-06-29,2026-07-28,2026-07-29T13:00:00Z,,0.00,0.00,0.00,0.00,0.00,0.00,0.00
STM-DDA-00055-202608,ACC-DDA-00055,2026-07-29,2026-08-28,2026-08-29T13:00:00Z,,0.00,0.00,0.00,0.00,0.00,0.00,0.00
STM-DDA-00055-202609,ACC-DDA-00055,2026-08-29,2026-09-28,2026-09-29T13:00:00Z,,0.00,0.00,0.00,0.00,0.00,0.00,0.00
STM-DDA-00056-202509,ACC-DDA-00056,2025-08-31,2025-09-28,2025-09-29T13:00:00Z,,0.00,0.00,0.00,0.00,0.00,0.00,0.00
STM-DDA-00056-202510,ACC-DDA-00056,2025-09-29,2025-10-28,2025-10-29T13:00:00Z,,0.00,307.68,0.00,0.00,0.00,307.68,0.00
STM-DDA-00056-202511,ACC-DDA-00056,2025-10-29,2025-11-28,2025-11-29T14:00:00Z,,307.68,459.13,0.00,0.00,0.00,766.81,0.00
STM-DDA-00056-202512,ACC-DDA-00056,2025-11-29,2025-12-28,2025-12-29T14:00:00Z,,766.81,548.14,0.00,0.00,0.00,1314.95,0.00
STM-DDA-00056-202601,ACC-DDA-00056,2025-12-29,2026-01-28,2026-01-29T14:00:00Z,,1314.95,390.97,0.00,0.00,0.00,1705.92,0.00
STM-DDA-00056-202602,ACC-DDA-00056,2026-01-29,2026-02-28,2026-03-01T14:00:00Z,,1705.92,124.43,0.00,0.00,0.00,1830.35,0.00
STM-DDA-00056-202603,ACC-DDA-00056,2026-03-01,2026-03-28,2026-03-29T13:00:00Z,,1830.35,664.66,0.00,0.00,0.00,2495.01,0.00
STM-DDA-00056-202604,ACC-DDA-00056,2026-03-29,2026-04-28,2026-04-29T13:00:00Z,,2495.01,855.46,0.00,0.00,0.00,3350.47,0.00
STM-DDA-00056-202605,ACC-DDA-00056,2026-04-29,2026-05-28,2026-05-29T13:00:00Z,,3350.47,195.54,0.00,0.00,0.00,3546.01,0.00
STM-DDA-00056-202606,ACC-DDA-00056,2026-05-29,2026-06-28,2026-06-29T13:00:00Z,,3546.01,211.71,0.00,0.00,0.00,3757.72,0.00
STM-DDA-00056-202607,ACC-DDA-00056,2026-06-29,2026-07-28,2026-07-29T13:00:00Z,,3757.72,33.50,0.00,0.00,0.00,3791.22,0.00
STM-DDA-00056-202608,ACC-DDA-00056,2026-07-29,2026-08-28,2026-08-29T13:00:00Z,,3791.22,445.88,0.00,0.00,0.00,4237.10,0.00
STM-DDA-00056-202609,ACC-DDA-00056,2026-08-29,2026-09-28,2026-09-29T13:00:00Z,,4237.10,72.73,0.00,0.00,0.00,4309.83,0.00
STM-DDA-00057-202509,ACC-DDA-00057,2025-08-31,2025-09-28,2025-09-29T13:00:00Z,,0.00,0.00,0.00,0.00,0.00,0.00,0.00
STM-DDA-00057-202510,ACC-DDA-00057,2025-09-29,2025-10-28,2025-10-29T13:00:00Z,,0.00,82.69,0.00,0.00,0.00,82.69,0.00
STM-DDA-00057-202511,ACC-DDA-00057,2025-10-29,2025-11-28,2025-11-29T14:00:00Z,,82.69,149.16,0.00,0.00,0.00,231.85,0.00
STM-DDA-00057-202512,ACC-DDA-00057,2025-11-29,2025-12-28,2025-12-29T14:00:00Z,,231.85,0.00,0.00,0.00,0.00,231.85,0.00
STM-DDA-00057-202601,ACC-DDA-00057,2025-12-29,2026-01-28,2026-01-29T14:00:00Z,,231.85,0.00,0.00,0.00,0.00,231.85,0.00
STM-DDA-00057-202602,ACC-DDA-00057,2026-01-29,2026-02-28,2026-03-01T14:00:00Z,,231.85,165.91,0.00,0.00,0.00,397.76,0.00
STM-DDA-00057-202603,ACC-DDA-00057,2026-03-01,2026-03-28,2026-03-29T13:00:00Z,,397.76,364.00,0.00,0.00,0.00,761.76,0.00
STM-DDA-00057-202604,ACC-DDA-00057,2026-03-29,2026-04-28,2026-04-29T13:00:00Z,,761.76,23.11,0.00,0.00,0.00,784.87,0.00
STM-DDA-00057-202605,ACC-DDA-00057,2026-04-29,2026-05-28,2026-05-29T13:00:00Z,,784.87,138.65,0.00,0.00,0.00,923.52,0.00
STM-DDA-00057-202606,ACC-DDA-00057,2026-05-29,2026-06-28,2026-06-29T13:00:00Z,,923.52,292.04,0.00,0.00,0.00,1215.56,0.00
STM-DDA-00057-202607,ACC-DDA-00057,2026-06-29,2026-07-28,2026-07-29T13:00:00Z,,1215.56,0.00,0.00,0.00,0.00,1215.56,0.00
STM-DDA-00057-202608,ACC-DDA-00057,2026-07-29,2026-08-28,2026-08-29T13:00:00Z,,1215.56,580.47,0.00,0.00,0.00,1796.03,0.00
STM-DDA-00057-202609,ACC-DDA-00057,2026-08-29,2026-09-28,2026-09-29T13:00:00Z,,1796.03,0.00,0.00,0.00,0.00,1796.03,0.00
STM-DDA-00058-202509,ACC-DDA-00058,2025-08-31,2025-09-28,2025-09-29T13:00:00Z,,0.00,0.00,0.00,0.00,0.00,0.00,0.00
STM-DDA-00058-202510,ACC-DDA-00058,2025-09-29,2025-10-28,2025-10-29T13:00:00Z,,0.00,116.12,0.00,0.00,0.00,116.12,0.00
STM-DDA-00058-202511,ACC-DDA-00058,2025-10-29,2025-11-28,2025-11-29T14:00:00Z,,116.12,53.24,0.00,0.00,0.00,169.36,0.00
STM-DDA-00058-202512,ACC-DDA-00058,2025-11-29,2025-12-28,2025-12-29T14:00:00Z,,169.36,97.86,0.00,0.00,0.00,267.22,0.00
STM-DDA-00058-202601,ACC-DDA-00058,2025-12-29,2026-01-28,2026-01-29T14:00:00Z,,267.22,253.33,0.00,0.00,0.00,520.55,0.00
STM-DDA-00058-202602,ACC-DDA-00058,2026-01-29,2026-02-28,2026-03-01T14:00:00Z,,520.55,56.20,0.00,0.00,0.00,576.75,0.00
STM-DDA-00058-202603,ACC-DDA-00058,2026-03-01,2026-03-28,2026-03-29T13:00:00Z,,576.75,0.00,0.00,0.00,0.00,576.75,0.00
STM-DDA-00058-202604,ACC-DDA-00058,2026-03-29,2026-04-28,2026-04-29T13:00:00Z,,576.75,9.81,0.00,0.00,0.00,586.56,0.00
STM-DDA-00058-202605,ACC-DDA-00058,2026-04-29,2026-05-28,2026-05-29T13:00:00Z,,586.56,125.12,0.00,0.00,0.00,711.68,0.00
STM-DDA-00058-202606,ACC-DDA-00058,2026-05-29,2026-06-28,2026-06-29T13:00:00Z,,711.68,224.42,0.00,0.00,0.00,936.10,0.00
STM-DDA-00058-202607,ACC-DDA-00058,2026-06-29,2026-07-28,2026-07-29T13:00:00Z,,936.10,157.76,0.00,0.00,0.00,1093.86,0.00
STM-DDA-00058-202608,ACC-DDA-00058,2026-07-29,2026-08-28,2026-08-29T13:00:00Z,,1093.86,287.81,0.00,0.00,0.00,1381.67,0.00
STM-DDA-00058-202609,ACC-DDA-00058,2026-08-29,2026-09-28,2026-09-29T13:00:00Z,,1381.67,0.00,0.00,0.00,0.00,1381.67,0.00
STM-DDA-00059-202509,ACC-DDA-00059,2025-08-31,2025-09-28,2025-09-29T13:00:00Z,,0.00,0.00,0.00,0.00,0.00,0.00,0.00
STM-DDA-00059-202510,ACC-DDA-00059,2025-09-29,2025-10-28,2025-10-29T13:00:00Z,,0.00,0.00,0.00,0.00,0.00,0.00,0.00
STM-DDA-00059-202511,ACC-DDA-00059,2025-10-29,2025-11-28,2025-11-29T14:00:00Z,,0.00,35.58,0.00,0.00,0.00,35.58,0.00
STM-DDA-00059-202512,ACC-DDA-00059,2025-11-29,2025-12-28,2025-12-29T14:00:00Z,,35.58,85.92,0.00,0.00,0.00,121.50,0.00
STM-DDA-00059-202601,ACC-DDA-00059,2025-12-29,2026-01-28,2026-01-29T14:00:00Z,,121.50,265.42,0.00,0.00,0.00,386.92,0.00
STM-DDA-00059-202602,ACC-DDA-00059,2026-01-29,2026-02-28,2026-03-01T14:00:00Z,,386.92,0.00,0.00,0.00,0.00,386.92,0.00
STM-DDA-00059-202603,ACC-DDA-00059,2026-03-01,2026-03-28,2026-03-29T13:00:00Z,,386.92,129.90,0.00,0.00,0.00,516.82,0.00
STM-DDA-00059-202604,ACC-DDA-00059,2026-03-29,2026-04-28,2026-04-29T13:00:00Z,,516.82,155.33,0.00,0.00,0.00,672.15,0.00
STM-DDA-00059-202605,ACC-DDA-00059,2026-04-29,2026-05-28,2026-05-29T13:00:00Z,,672.15,137.55,0.00,0.00,0.00,809.70,0.00
STM-DDA-00059-202606,ACC-DDA-00059,2026-05-29,2026-06-28,2026-06-29T13:00:00Z,,809.70,126.87,0.00,0.00,0.00,936.57,0.00
STM-DDA-00059-202607,ACC-DDA-00059,2026-06-29,2026-07-28,2026-07-29T13:00:00Z,,936.57,0.00,0.00,0.00,0.00,936.57,0.00
STM-DDA-00059-202608,ACC-DDA-00059,2026-07-29,2026-08-28,2026-08-29T13:00:00Z,,936.57,163.07,0.00,0.00,0.00,1099.64,0.00
STM-DDA-00059-202609,ACC-DDA-00059,2026-08-29,2026-09-28,2026-09-29T13:00:00Z,,1099.64,113.54,0.00,0.00,0.00,1213.18,0.00
STM-DDA-00060-202509,ACC-DDA-00060,2025-08-31,2025-09-28,2025-09-29T13:00:00Z,,0.00,0.00,0.00,0.00,0.00,0.00,0.00
STM-DDA-00060-202510,ACC-DDA-00060,2025-09-29,2025-10-28,2025-10-29T13:00:00Z,,0.00,155.52,0.00,0.00,0.00,155.52,0.00
STM-DDA-00060-202511,ACC-DDA-00060,2025-10-29,2025-11-28,2025-11-29T14:00:00Z,,155.52,130.24,0.00,0.00,0.00,285.76,0.00
STM-DDA-00060-202512,ACC-DDA-00060,2025-11-29,2025-12-28,2025-12-29T14:00:00Z,,285.76,27.35,0.00,0.00,0.00,313.11,0.00
STM-DDA-00060-202601,ACC-DDA-00060,2025-12-29,2026-01-28,2026-01-29T14:00:00Z,,313.11,147.17,0.00,0.00,0.00,460.28,0.00
STM-DDA-00060-202602,ACC-DDA-00060,2026-01-29,2026-02-28,2026-03-01T14:00:00Z,,460.28,0.00,0.00,0.00,0.00,460.28,0.00
STM-DDA-00060-202603,ACC-DDA-00060,2026-03-01,2026-03-28,2026-03-29T13:00:00Z,,460.28,107.74,0.00,0.00,0.00,568.02,0.00
STM-DDA-00060-202604,ACC-DDA-00060,2026-03-29,2026-04-28,2026-04-29T13:00:00Z,,568.02,911.63,0.00,0.00,0.00,1479.65,0.00
STM-DDA-00060-202605,ACC-DDA-00060,2026-04-29,2026-05-28,2026-05-29T13:00:00Z,,1479.65,185.47,0.00,0.00,0.00,1665.12,0.00
STM-DDA-00060-202606,ACC-DDA-00060,2026-05-29,2026-06-28,2026-06-29T13:00:00Z,,1665.12,193.49,0.00,0.00,0.00,1858.61,0.00
STM-DDA-00060-202607,ACC-DDA-00060,2026-06-29,2026-07-28,2026-07-29T13:00:00Z,,1858.61,0.00,0.00,0.00,0.00,1858.61,0.00
STM-DDA-00060-202608,ACC-DDA-00060,2026-07-29,2026-08-28,2026-08-29T13:00:00Z,,1858.61,162.88,0.00,0.00,0.00,2021.49,0.00
STM-DDA-00060-202609,ACC-DDA-00060,2026-08-29,2026-09-28,2026-09-29T13:00:00Z,,2021.49,0.00,0.00,0.00,0.00,2021.49,0.00
STM-DDA-00061-202509,ACC-DDA-00061,2025-08-31,2025-09-28,2025-09-29T13:00:00Z,,0.00,0.00,0.00,0.00,0.00,0.00,0.00
STM-DDA-00061-202510,ACC-DDA-00061,2025-09-29,2025-10-28,2025-10-29T13:00:00Z,,0.00,63.01,0.00,0.00,0.00,63.01,0.00
STM-DDA-00061-202511,ACC-DDA-00061,2025-10-29,2025-11-28,2025-11-29T14:00:00Z,,63.01,76.94,0.00,0.00,0.00,139.95,0.00
STM-DDA-00061-202512,ACC-DDA-00061,2025-11-29,2025-12-28,2025-12-29T14:00:00Z,,139.95,7.59,0.00,0.00,0.00,147.54,0.00
STM-DDA-00061-202601,ACC-DDA-00061,2025-12-29,2026-01-28,2026-01-29T14:00:00Z,,147.54,0.00,0.00,0.00,0.00,147.54,0.00
STM-DDA-00061-202602,ACC-DDA-00061,2026-01-29,2026-02-28,2026-03-01T14:00:00Z,,147.54,0.00,0.00,0.00,0.00,147.54,0.00
STM-DDA-00061-202603,ACC-DDA-00061,2026-03-01,2026-03-28,2026-03-29T13:00:00Z,,147.54,65.85,0.00,0.00,0.00,213.39,0.00
STM-DDA-00061-202604,ACC-DDA-00061,2026-03-29,2026-04-28,2026-04-29T13:00:00Z,,213.39,118.37,0.00,0.00,0.00,331.76,0.00
STM-DDA-00061-202605,ACC-DDA-00061,2026-04-29,2026-05-28,2026-05-29T13:00:00Z,,331.76,37.07,0.00,0.00,0.00,368.83,0.00
STM-DDA-00061-202606,ACC-DDA-00061,2026-05-29,2026-06-28,2026-06-29T13:00:00Z,,368.83,19.19,0.00,0.00,0.00,388.02,0.00
STM-DDA-00061-202607,ACC-DDA-00061,2026-06-29,2026-07-28,2026-07-29T13:00:00Z,,388.02,298.86,0.00,0.00,0.00,686.88,0.00
STM-DDA-00061-202608,ACC-DDA-00061,2026-07-29,2026-08-28,2026-08-29T13:00:00Z,,686.88,0.00,0.00,0.00,0.00,686.88,0.00
STM-DDA-00061-202609,ACC-DDA-00061,2026-08-29,2026-09-28,2026-09-29T13:00:00Z,,686.88,245.32,0.00,0.00,0.00,932.20,0.00
STM-DDA-00062-202509,ACC-DDA-00062,2025-08-31,2025-09-28,2025-09-29T13:00:00Z,,0.00,0.00,0.00,0.00,0.00,0.00,0.00
STM-DDA-00062-202510,ACC-DDA-00062,2025-09-29,2025-10-28,2025-10-29T13:00:00Z,,0.00,172.87,0.00,0.00,0.00,172.87,0.00
STM-DDA-00062-202511,ACC-DDA-00062,2025-10-29,2025-11-28,2025-11-29T14:00:00Z,,172.87,171.39,0.00,0.00,0.00,344.26,0.00
STM-DDA-00062-202512,ACC-DDA-00062,2025-11-29,2025-12-28,2025-12-29T14:00:00Z,,344.26,59.72,0.00,0.00,0.00,403.98,0.00
STM-DDA-00062-202601,ACC-DDA-00062,2025-12-29,2026-01-28,2026-01-29T14:00:00Z,,403.98,62.93,0.00,0.00,0.00,466.91,0.00
STM-DDA-00062-202602,ACC-DDA-00062,2026-01-29,2026-02-28,2026-03-01T14:00:00Z,,466.91,69.95,0.00,0.00,0.00,536.86,0.00
STM-DDA-00062-202603,ACC-DDA-00062,2026-03-01,2026-03-28,2026-03-29T13:00:00Z,,536.86,170.08,0.00,0.00,0.00,706.94,0.00
STM-DDA-00062-202604,ACC-DDA-00062,2026-03-29,2026-04-28,2026-04-29T13:00:00Z,,706.94,0.00,0.00,0.00,0.00,706.94,0.00
STM-DDA-00062-202605,ACC-DDA-00062,2026-04-29,2026-05-28,2026-05-29T13:00:00Z,,706.94,135.87,0.00,0.00,0.00,842.81,0.00
STM-DDA-00062-202606,ACC-DDA-00062,2026-05-29,2026-06-28,2026-06-29T13:00:00Z,,842.81,49.79,0.00,0.00,0.00,892.60,0.00
STM-DDA-00062-202607,ACC-DDA-00062,2026-06-29,2026-07-28,2026-07-29T13:00:00Z,,892.60,91.17,0.00,0.00,0.00,983.77,0.00
STM-DDA-00062-202608,ACC-DDA-00062,2026-07-29,2026-08-28,2026-08-29T13:00:00Z,,983.77,65.08,0.00,0.00,0.00,1048.85,0.00
STM-DDA-00062-202609,ACC-DDA-00062,2026-08-29,2026-09-28,2026-09-29T13:00:00Z,,1048.85,0.00,0.00,0.00,0.00,1048.85,0.00
STM-DDA-00063-202509,ACC-DDA-00063,2025-08-31,2025-09-28,2025-09-29T13:00:00Z,,0.00,0.00,0.00,0.00,0.00,0.00,0.00
STM-DDA-00063-202510,ACC-DDA-00063,2025-09-29,2025-10-28,2025-10-29T13:00:00Z,,0.00,9.04,0.00,0.00,0.00,9.04,0.00
STM-DDA-00063-202511,ACC-DDA-00063,2025-10-29,2025-11-28,2025-11-29T14:00:00Z,,9.04,7.71,0.00,0.00,0.00,16.75,0.00
STM-DDA-00063-202512,ACC-DDA-00063,2025-11-29,2025-12-28,2025-12-29T14:00:00Z,,16.75,12.75,0.00,0.00,0.00,29.50,0.00
STM-DDA-00063-202601,ACC-DDA-00063,2025-12-29,2026-01-28,2026-01-29T14:00:00Z,,29.50,0.00,0.00,0.00,0.00,29.50,0.00
STM-DDA-00063-202602,ACC-DDA-00063,2026-01-29,2026-02-28,2026-03-01T14:00:00Z,,29.50,108.18,0.00,0.00,0.00,137.68,0.00
STM-DDA-00063-202603,ACC-DDA-00063,2026-03-01,2026-03-28,2026-03-29T13:00:00Z,,137.68,23.45,0.00,0.00,0.00,161.13,0.00
STM-DDA-00063-202604,ACC-DDA-00063,2026-03-29,2026-04-28,2026-04-29T13:00:00Z,,161.13,136.70,0.00,0.00,0.00,297.83,0.00
STM-DDA-00063-202605,ACC-DDA-00063,2026-04-29,2026-05-28,2026-05-29T13:00:00Z,,297.83,147.28,0.00,0.00,0.00,445.11,0.00
STM-DDA-00063-202606,ACC-DDA-00063,2026-05-29,2026-06-28,2026-06-29T13:00:00Z,,445.11,133.54,0.00,0.00,0.00,578.65,0.00
STM-DDA-00063-202607,ACC-DDA-00063,2026-06-29,2026-07-28,2026-07-29T13:00:00Z,,578.65,128.93,0.00,0.00,0.00,707.58,0.00
STM-DDA-00063-202608,ACC-DDA-00063,2026-07-29,2026-08-28,2026-08-29T13:00:00Z,,707.58,0.00,0.00,0.00,0.00,707.58,0.00
STM-DDA-00063-202609,ACC-DDA-00063,2026-08-29,2026-09-28,2026-09-29T13:00:00Z,,707.58,0.00,0.00,0.00,0.00,707.58,0.00
STM-DDA-00064-202509,ACC-DDA-00064,2025-08-31,2025-09-28,2025-09-29T13:00:00Z,,0.00,0.00,0.00,0.00,0.00,0.00,0.00
STM-DDA-00064-202510,ACC-DDA-00064,2025-09-29,2025-10-28,2025-10-29T13:00:00Z,,0.00,108.67,0.00,0.00,0.00,108.67,0.00
STM-DDA-00064-202511,ACC-DDA-00064,2025-10-29,2025-11-28,2025-11-29T14:00:00Z,,108.67,122.46,0.00,0.00,0.00,231.13,0.00
STM-DDA-00064-202512,ACC-DDA-00064,2025-11-29,2025-12-28,2025-12-29T14:00:00Z,,231.13,230.40,0.00,0.00,0.00,461.53,0.00
STM-DDA-00064-202601,ACC-DDA-00064,2025-12-29,2026-01-28,2026-01-29T14:00:00Z,,461.53,172.41,0.00,0.00,0.00,633.94,0.00
STM-DDA-00064-202602,ACC-DDA-00064,2026-01-29,2026-02-28,2026-03-01T14:00:00Z,,633.94,28.16,0.00,0.00,0.00,662.10,0.00
STM-DDA-00064-202603,ACC-DDA-00064,2026-03-01,2026-03-28,2026-03-29T13:00:00Z,,662.10,57.91,0.00,0.00,0.00,720.01,0.00
STM-DDA-00064-202604,ACC-DDA-00064,2026-03-29,2026-04-28,2026-04-29T13:00:00Z,,720.01,61.93,0.00,0.00,0.00,781.94,0.00
STM-DDA-00064-202605,ACC-DDA-00064,2026-04-29,2026-05-28,2026-05-29T13:00:00Z,,781.94,121.80,0.00,0.00,0.00,903.74,0.00
STM-DDA-00064-202606,ACC-DDA-00064,2026-05-29,2026-06-28,2026-06-29T13:00:00Z,,903.74,69.61,0.00,0.00,0.00,973.35,0.00
STM-DDA-00064-202607,ACC-DDA-00064,2026-06-29,2026-07-28,2026-07-29T13:00:00Z,,973.35,154.10,0.00,0.00,0.00,1127.45,0.00
STM-DDA-00064-202608,ACC-DDA-00064,2026-07-29,2026-08-28,2026-08-29T13:00:00Z,,1127.45,221.50,0.00,0.00,0.00,1348.95,0.00
STM-DDA-00064-202609,ACC-DDA-00064,2026-08-29,2026-09-28,2026-09-29T13:00:00Z,,1348.95,216.48,0.00,0.00,0.00,1565.43,0.00
STM-DDA-00065-202509,ACC-DDA-00065,2025-08-31,2025-09-28,2025-09-29T13:00:00Z,,0.00,0.00,0.00,0.00,0.00,0.00,0.00
STM-DDA-00065-202510,ACC-DDA-00065,2025-09-29,2025-10-28,2025-10-29T13:00:00Z,,0.00,0.00,0.00,0.00,0.00,0.00,0.00
STM-DDA-00065-202511,ACC-DDA-00065,2025-10-29,2025-11-28,2025-11-29T14:00:00Z,,0.00,160.20,0.00,0.00,0.00,160.20,0.00
STM-DDA-00065-202512,ACC-DDA-00065,2025-11-29,2025-12-28,2025-12-29T14:00:00Z,,160.20,9.94,0.00,0.00,0.00,170.14,0.00
STM-DDA-00065-202601,ACC-DDA-00065,2025-12-29,2026-01-28,2026-01-29T14:00:00Z,,170.14,0.00,0.00,0.00,0.00,170.14,0.00
STM-DDA-00065-202602,ACC-DDA-00065,2026-01-29,2026-02-28,2026-03-01T14:00:00Z,,170.14,18.55,0.00,0.00,0.00,188.69,0.00
STM-DDA-00065-202603,ACC-DDA-00065,2026-03-01,2026-03-28,2026-03-29T13:00:00Z,,188.69,0.00,0.00,0.00,0.00,188.69,0.00
STM-DDA-00065-202604,ACC-DDA-00065,2026-03-29,2026-04-28,2026-04-29T13:00:00Z,,188.69,0.00,0.00,0.00,0.00,188.69,0.00
STM-DDA-00065-202605,ACC-DDA-00065,2026-04-29,2026-05-28,2026-05-29T13:00:00Z,,188.69,110.50,0.00,0.00,0.00,299.19,0.00
STM-DDA-00065-202606,ACC-DDA-00065,2026-05-29,2026-06-28,2026-06-29T13:00:00Z,,299.19,0.00,0.00,0.00,0.00,299.19,0.00
STM-DDA-00065-202607,ACC-DDA-00065,2026-06-29,2026-07-28,2026-07-29T13:00:00Z,,299.19,0.00,0.00,0.00,0.00,299.19,0.00
STM-DDA-00065-202608,ACC-DDA-00065,2026-07-29,2026-08-28,2026-08-29T13:00:00Z,,299.19,46.18,0.00,0.00,0.00,345.37,0.00
STM-DDA-00065-202609,ACC-DDA-00065,2026-08-29,2026-09-28,2026-09-29T13:00:00Z,,345.37,132.10,0.00,0.00,0.00,477.47,0.00
STM-DDA-00066-202509,ACC-DDA-00066,2025-08-31,2025-09-28,2025-09-29T13:00:00Z,,0.00,0.00,0.00,0.00,0.00,0.00,0.00
STM-DDA-00066-202510,ACC-DDA-00066,2025-09-29,2025-10-28,2025-10-29T13:00:00Z,,0.00,143.36,0.00,0.00,0.00,143.36,0.00
STM-DDA-00066-202511,ACC-DDA-00066,2025-10-29,2025-11-28,2025-11-29T14:00:00Z,,143.36,262.94,0.00,0.00,0.00,406.30,0.00
STM-DDA-00066-202512,ACC-DDA-00066,2025-11-29,2025-12-28,2025-12-29T14:00:00Z,,406.30,153.96,0.00,0.00,0.00,560.26,0.00
STM-DDA-00066-202601,ACC-DDA-00066,2025-12-29,2026-01-28,2026-01-29T14:00:00Z,,560.26,513.17,0.00,0.00,0.00,1073.43,0.00
STM-DDA-00066-202602,ACC-DDA-00066,2026-01-29,2026-02-28,2026-03-01T14:00:00Z,,1073.43,148.77,0.00,0.00,0.00,1222.20,0.00
STM-DDA-00066-202603,ACC-DDA-00066,2026-03-01,2026-03-28,2026-03-29T13:00:00Z,,1222.20,303.24,0.00,0.00,0.00,1525.44,0.00
STM-DDA-00066-202604,ACC-DDA-00066,2026-03-29,2026-04-28,2026-04-29T13:00:00Z,,1525.44,94.50,0.00,0.00,0.00,1619.94,0.00
STM-DDA-00066-202605,ACC-DDA-00066,2026-04-29,2026-05-28,2026-05-29T13:00:00Z,,1619.94,166.76,0.00,0.00,0.00,1786.70,0.00
STM-DDA-00066-202606,ACC-DDA-00066,2026-05-29,2026-06-28,2026-06-29T13:00:00Z,,1786.70,77.60,0.00,0.00,0.00,1864.30,0.00
STM-DDA-00066-202607,ACC-DDA-00066,2026-06-29,2026-07-28,2026-07-29T13:00:00Z,,1864.30,103.69,0.00,0.00,0.00,1967.99,0.00
STM-DDA-00066-202608,ACC-DDA-00066,2026-07-29,2026-08-28,2026-08-29T13:00:00Z,,1967.99,267.34,0.00,0.00,0.00,2235.33,0.00
STM-DDA-00066-202609,ACC-DDA-00066,2026-08-29,2026-09-28,2026-09-29T13:00:00Z,,2235.33,515.79,0.00,0.00,0.00,2751.12,0.00
STM-DDA-00067-202509,ACC-DDA-00067,2025-08-31,2025-09-28,2025-09-29T13:00:00Z,,0.00,0.00,0.00,0.00,0.00,0.00,0.00
STM-DDA-00067-202510,ACC-DDA-00067,2025-09-29,2025-10-28,2025-10-29T13:00:00Z,,0.00,278.69,0.00,0.00,0.00,278.69,0.00
STM-DDA-00067-202511,ACC-DDA-00067,2025-10-29,2025-11-28,2025-11-29T14:00:00Z,,278.69,137.39,0.00,0.00,0.00,416.08,0.00
STM-DDA-00067-202512,ACC-DDA-00067,2025-11-29,2025-12-28,2025-12-29T14:00:00Z,,416.08,244.20,0.00,0.00,0.00,660.28,0.00
STM-DDA-00067-202601,ACC-DDA-00067,2025-12-29,2026-01-28,2026-01-29T14:00:00Z,,660.28,444.67,38.21,0.00,0.00,1066.74,0.00
STM-DDA-00067-202602,ACC-DDA-00067,2026-01-29,2026-02-28,2026-03-01T14:00:00Z,,1066.74,196.23,0.00,0.00,0.00,1262.97,0.00
STM-DDA-00067-202603,ACC-DDA-00067,2026-03-01,2026-03-28,2026-03-29T13:00:00Z,,1262.97,246.10,0.00,0.00,0.00,1509.07,0.00
STM-DDA-00067-202604,ACC-DDA-00067,2026-03-29,2026-04-28,2026-04-29T13:00:00Z,,1509.07,213.73,0.00,0.00,0.00,1722.80,0.00
STM-DDA-00067-202605,ACC-DDA-00067,2026-04-29,2026-05-28,2026-05-29T13:00:00Z,,1722.80,555.88,0.00,0.00,0.00,2278.68,0.00
STM-DDA-00067-202606,ACC-DDA-00067,2026-05-29,2026-06-28,2026-06-29T13:00:00Z,,2278.68,316.88,0.00,0.00,0.00,2595.56,0.00
STM-DDA-00067-202607,ACC-DDA-00067,2026-06-29,2026-07-28,2026-07-29T13:00:00Z,,2595.56,276.24,0.00,0.00,0.00,2871.80,0.00
STM-DDA-00067-202608,ACC-DDA-00067,2026-07-29,2026-08-28,2026-08-29T13:00:00Z,,2871.80,324.95,0.00,0.00,0.00,3196.75,0.00
STM-DDA-00067-202609,ACC-DDA-00067,2026-08-29,2026-09-28,2026-09-29T13:00:00Z,,3196.75,300.29,0.00,0.00,0.00,3497.04,0.00
STM-DDA-00068-202509,ACC-DDA-00068,2025-08-31,2025-09-28,2025-09-29T13:00:00Z,,0.00,0.00,0.00,0.00,0.00,0.00,0.00
STM-DDA-00068-202510,ACC-DDA-00068,2025-09-29,2025-10-28,2025-10-29T13:00:00Z,,0.00,0.00,0.00,0.00,0.00,0.00,0.00
STM-DDA-00068-202511,ACC-DDA-00068,2025-10-29,2025-11-28,2025-11-29T14:00:00Z,,0.00,248.72,0.00,0.00,0.00,248.72,0.00
STM-DDA-00068-202512,ACC-DDA-00068,2025-11-29,2025-12-28,2025-12-29T14:00:00Z,,248.72,211.23,0.00,0.00,0.00,459.95,0.00
STM-DDA-00068-202601,ACC-DDA-00068,2025-12-29,2026-01-28,2026-01-29T14:00:00Z,,459.95,38.28,0.00,0.00,0.00,498.23,0.00
STM-DDA-00068-202602,ACC-DDA-00068,2026-01-29,2026-02-28,2026-03-01T14:00:00Z,,498.23,0.00,0.00,0.00,0.00,498.23,0.00
STM-DDA-00068-202603,ACC-DDA-00068,2026-03-01,2026-03-28,2026-03-29T13:00:00Z,,498.23,7.26,0.00,0.00,0.00,505.49,0.00
STM-DDA-00068-202604,ACC-DDA-00068,2026-03-29,2026-04-28,2026-04-29T13:00:00Z,,505.49,32.81,0.00,0.00,0.00,538.30,0.00
STM-DDA-00068-202605,ACC-DDA-00068,2026-04-29,2026-05-28,2026-05-29T13:00:00Z,,538.30,24.62,0.00,0.00,0.00,562.92,0.00
STM-DDA-00068-202606,ACC-DDA-00068,2026-05-29,2026-06-28,2026-06-29T13:00:00Z,,562.92,141.86,0.00,0.00,0.00,704.78,0.00
STM-DDA-00068-202607,ACC-DDA-00068,2026-06-29,2026-07-28,2026-07-29T13:00:00Z,,704.78,120.37,0.00,0.00,0.00,825.15,0.00
STM-DDA-00068-202608,ACC-DDA-00068,2026-07-29,2026-08-28,2026-08-29T13:00:00Z,,825.15,81.90,0.00,0.00,0.00,907.05,0.00
STM-DDA-00068-202609,ACC-DDA-00068,2026-08-29,2026-09-28,2026-09-29T13:00:00Z,,907.05,21.51,0.00,0.00,0.00,928.56,0.00
STM-DDA-00069-202509,ACC-DDA-00069,2025-08-31,2025-09-28,2025-09-29T13:00:00Z,,0.00,0.00,0.00,0.00,0.00,0.00,0.00
STM-DDA-00069-202510,ACC-DDA-00069,2025-09-29,2025-10-28,2025-10-29T13:00:00Z,,0.00,752.67,0.00,0.00,0.00,752.67,0.00
STM-DDA-00069-202511,ACC-DDA-00069,2025-10-29,2025-11-28,2025-11-29T14:00:00Z,,752.67,465.29,0.00,0.00,0.00,1217.96,0.00
STM-DDA-00069-202512,ACC-DDA-00069,2025-11-29,2025-12-28,2025-12-29T14:00:00Z,,1217.96,445.37,0.00,0.00,0.00,1663.33,0.00
STM-DDA-00069-202601,ACC-DDA-00069,2025-12-29,2026-01-28,2026-01-29T14:00:00Z,,1663.33,774.93,0.00,0.00,0.00,2438.26,0.00
STM-DDA-00069-202602,ACC-DDA-00069,2026-01-29,2026-02-28,2026-03-01T14:00:00Z,,2438.26,604.11,0.00,0.00,0.00,3042.37,0.00
STM-DDA-00069-202603,ACC-DDA-00069,2026-03-01,2026-03-28,2026-03-29T13:00:00Z,,3042.37,435.98,0.00,0.00,0.00,3478.35,0.00
STM-DDA-00069-202604,ACC-DDA-00069,2026-03-29,2026-04-28,2026-04-29T13:00:00Z,,3478.35,698.41,0.00,0.00,0.00,4176.76,0.00
STM-DDA-00069-202605,ACC-DDA-00069,2026-04-29,2026-05-28,2026-05-29T13:00:00Z,,4176.76,484.69,0.00,0.00,0.00,4661.45,0.00
STM-DDA-00069-202606,ACC-DDA-00069,2026-05-29,2026-06-28,2026-06-29T13:00:00Z,,4661.45,614.84,0.00,0.00,0.00,5276.29,0.00
STM-DDA-00069-202607,ACC-DDA-00069,2026-06-29,2026-07-28,2026-07-29T13:00:00Z,,5276.29,416.95,0.00,0.00,0.00,5693.24,0.00
STM-DDA-00069-202608,ACC-DDA-00069,2026-07-29,2026-08-28,2026-08-29T13:00:00Z,,5693.24,537.58,0.00,0.00,0.00,6230.82,0.00
STM-DDA-00069-202609,ACC-DDA-00069,2026-08-29,2026-09-28,2026-09-29T13:00:00Z,,6230.82,412.67,0.00,0.00,0.00,6643.49,0.00
STM-DDA-00070-202509,ACC-DDA-00070,2025-08-31,2025-09-28,2025-09-29T13:00:00Z,,0.00,0.00,0.00,0.00,0.00,0.00,0.00
STM-DDA-00070-202510,ACC-DDA-00070,2025-09-29,2025-10-28,2025-10-29T13:00:00Z,,0.00,255.09,0.00,0.00,0.00,255.09,0.00
STM-DDA-00070-202511,ACC-DDA-00070,2025-10-29,2025-11-28,2025-11-29T14:00:00Z,,255.09,177.05,0.00,0.00,0.00,432.14,0.00
STM-DDA-00070-202512,ACC-DDA-00070,2025-11-29,2025-12-28,2025-12-29T14:00:00Z,,432.14,487.46,0.00,0.00,0.00,919.60,0.00
STM-DDA-00070-202601,ACC-DDA-00070,2025-12-29,2026-01-28,2026-01-29T14:00:00Z,,919.60,299.96,0.00,0.00,0.00,1219.56,0.00
STM-DDA-00070-202602,ACC-DDA-00070,2026-01-29,2026-02-28,2026-03-01T14:00:00Z,,1219.56,306.38,0.00,0.00,0.00,1525.94,0.00
STM-DDA-00070-202603,ACC-DDA-00070,2026-03-01,2026-03-28,2026-03-29T13:00:00Z,,1525.94,357.37,0.00,0.00,0.00,1883.31,0.00
STM-DDA-00070-202604,ACC-DDA-00070,2026-03-29,2026-04-28,2026-04-29T13:00:00Z,,1883.31,149.71,0.00,0.00,0.00,2033.02,0.00
STM-DDA-00070-202605,ACC-DDA-00070,2026-04-29,2026-05-28,2026-05-29T13:00:00Z,,2033.02,832.96,0.00,0.00,0.00,2865.98,0.00
STM-DDA-00070-202606,ACC-DDA-00070,2026-05-29,2026-06-28,2026-06-29T13:00:00Z,,2865.98,283.78,0.00,0.00,0.00,3149.76,0.00
STM-DDA-00070-202607,ACC-DDA-00070,2026-06-29,2026-07-28,2026-07-29T13:00:00Z,,3149.76,298.47,0.00,0.00,0.00,3448.23,0.00
STM-DDA-00070-202608,ACC-DDA-00070,2026-07-29,2026-08-28,2026-08-29T13:00:00Z,,3448.23,729.30,0.00,0.00,0.00,4177.53,0.00
STM-DDA-00070-202609,ACC-DDA-00070,2026-08-29,2026-09-28,2026-09-29T13:00:00Z,,4177.53,1739.17,0.00,0.00,0.00,5916.70,0.00
STM-DDA-00071-202509,ACC-DDA-00071,2025-08-31,2025-09-28,2025-09-29T13:00:00Z,,0.00,0.00,0.00,0.00,0.00,0.00,0.00
STM-DDA-00071-202510,ACC-DDA-00071,2025-09-29,2025-10-28,2025-10-29T13:00:00Z,,0.00,230.10,0.00,0.00,0.00,230.10,0.00
STM-DDA-00071-202511,ACC-DDA-00071,2025-10-29,2025-11-28,2025-11-29T14:00:00Z,,230.10,239.25,0.00,0.00,0.00,469.35,0.00
STM-DDA-00071-202512,ACC-DDA-00071,2025-11-29,2025-12-28,2025-12-29T14:00:00Z,,469.35,76.85,0.00,0.00,0.00,546.20,0.00
STM-DDA-00071-202601,ACC-DDA-00071,2025-12-29,2026-01-28,2026-01-29T14:00:00Z,,546.20,275.91,0.00,0.00,0.00,822.11,0.00
STM-DDA-00071-202602,ACC-DDA-00071,2026-01-29,2026-02-28,2026-03-01T14:00:00Z,,822.11,173.83,0.00,0.00,0.00,995.94,0.00
STM-DDA-00071-202603,ACC-DDA-00071,2026-03-01,2026-03-28,2026-03-29T13:00:00Z,,995.94,673.31,0.00,0.00,0.00,1669.25,0.00
STM-DDA-00071-202604,ACC-DDA-00071,2026-03-29,2026-04-28,2026-04-29T13:00:00Z,,1669.25,216.20,0.00,0.00,0.00,1885.45,0.00
STM-DDA-00071-202605,ACC-DDA-00071,2026-04-29,2026-05-28,2026-05-29T13:00:00Z,,1885.45,262.77,0.00,0.00,0.00,2148.22,0.00
STM-DDA-00071-202606,ACC-DDA-00071,2026-05-29,2026-06-28,2026-06-29T13:00:00Z,,2148.22,241.93,0.00,0.00,0.00,2390.15,0.00
STM-DDA-00071-202607,ACC-DDA-00071,2026-06-29,2026-07-28,2026-07-29T13:00:00Z,,2390.15,208.14,0.00,0.00,0.00,2598.29,0.00
STM-DDA-00071-202608,ACC-DDA-00071,2026-07-29,2026-08-28,2026-08-29T13:00:00Z,,2598.29,117.60,0.00,0.00,0.00,2715.89,0.00
STM-DDA-00071-202609,ACC-DDA-00071,2026-08-29,2026-09-28,2026-09-29T13:00:00Z,,2715.89,752.88,0.00,0.00,0.00,3468.77,0.00
STM-DDA-00072-202509,ACC-DDA-00072,2025-08-31,2025-09-28,2025-09-29T13:00:00Z,,0.00,0.00,0.00,0.00,0.00,0.00,0.00
STM-DDA-00072-202510,ACC-DDA-00072,2025-09-29,2025-10-28,2025-10-29T13:00:00Z,,0.00,7.93,0.00,0.00,0.00,7.93,0.00
STM-DDA-00072-202511,ACC-DDA-00072,2025-10-29,2025-11-28,2025-11-29T14:00:00Z,,7.93,46.25,0.00,0.00,0.00,54.18,0.00
STM-DDA-00072-202512,ACC-DDA-00072,2025-11-29,2025-12-28,2025-12-29T14:00:00Z,,54.18,117.62,0.00,0.00,0.00,171.80,0.00
STM-DDA-00072-202601,ACC-DDA-00072,2025-12-29,2026-01-28,2026-01-29T14:00:00Z,,171.80,96.50,0.00,0.00,0.00,268.30,0.00
STM-DDA-00072-202602,ACC-DDA-00072,2026-01-29,2026-02-28,2026-03-01T14:00:00Z,,268.30,0.00,0.00,0.00,0.00,268.30,0.00
STM-DDA-00072-202603,ACC-DDA-00072,2026-03-01,2026-03-28,2026-03-29T13:00:00Z,,268.30,0.00,0.00,0.00,0.00,268.30,0.00
STM-DDA-00072-202604,ACC-DDA-00072,2026-03-29,2026-04-28,2026-04-29T13:00:00Z,,268.30,0.00,0.00,0.00,0.00,268.30,0.00
STM-DDA-00072-202605,ACC-DDA-00072,2026-04-29,2026-05-28,2026-05-29T13:00:00Z,,268.30,145.68,0.00,0.00,0.00,413.98,0.00
STM-DDA-00072-202606,ACC-DDA-00072,2026-05-29,2026-06-28,2026-06-29T13:00:00Z,,413.98,77.04,0.00,0.00,0.00,491.02,0.00
STM-DDA-00072-202607,ACC-DDA-00072,2026-06-29,2026-07-28,2026-07-29T13:00:00Z,,491.02,26.18,0.00,0.00,0.00,517.20,0.00
STM-DDA-00072-202608,ACC-DDA-00072,2026-07-29,2026-08-28,2026-08-29T13:00:00Z,,517.20,0.00,0.00,0.00,0.00,517.20,0.00
STM-DDA-00072-202609,ACC-DDA-00072,2026-08-29,2026-09-28,2026-09-29T13:00:00Z,,517.20,0.00,0.00,0.00,0.00,517.20,0.00
STM-DDA-00073-202509,ACC-DDA-00073,2025-08-31,2025-09-28,2025-09-29T13:00:00Z,,0.00,0.00,0.00,0.00,0.00,0.00,0.00
STM-DDA-00073-202510,ACC-DDA-00073,2025-09-29,2025-10-28,2025-10-29T13:00:00Z,,0.00,122.82,0.00,0.00,0.00,122.82,0.00
STM-DDA-00073-202511,ACC-DDA-00073,2025-10-29,2025-11-28,2025-11-29T14:00:00Z,,122.82,604.29,0.00,0.00,0.00,727.11,0.00
STM-DDA-00073-202512,ACC-DDA-00073,2025-11-29,2025-12-28,2025-12-29T14:00:00Z,,727.11,174.55,0.00,0.00,0.00,901.66,0.00
STM-DDA-00073-202601,ACC-DDA-00073,2025-12-29,2026-01-28,2026-01-29T14:00:00Z,,901.66,155.23,0.00,0.00,0.00,1056.89,0.00
STM-DDA-00073-202602,ACC-DDA-00073,2026-01-29,2026-02-28,2026-03-01T14:00:00Z,,1056.89,207.39,0.00,0.00,0.00,1264.28,0.00
STM-DDA-00073-202603,ACC-DDA-00073,2026-03-01,2026-03-28,2026-03-29T13:00:00Z,,1264.28,194.60,0.00,0.00,0.00,1458.88,0.00
STM-DDA-00073-202604,ACC-DDA-00073,2026-03-29,2026-04-28,2026-04-29T13:00:00Z,,1458.88,298.42,0.00,0.00,0.00,1757.30,0.00
STM-DDA-00073-202605,ACC-DDA-00073,2026-04-29,2026-05-28,2026-05-29T13:00:00Z,,1757.30,254.88,0.00,0.00,0.00,2012.18,0.00
STM-DDA-00073-202606,ACC-DDA-00073,2026-05-29,2026-06-28,2026-06-29T13:00:00Z,,2012.18,411.60,0.00,0.00,0.00,2423.78,0.00
STM-DDA-00073-202607,ACC-DDA-00073,2026-06-29,2026-07-28,2026-07-29T13:00:00Z,,2423.78,313.58,0.00,0.00,0.00,2737.36,0.00
STM-DDA-00073-202608,ACC-DDA-00073,2026-07-29,2026-08-28,2026-08-29T13:00:00Z,,2737.36,255.99,0.00,0.00,0.00,2993.35,0.00
STM-DDA-00073-202609,ACC-DDA-00073,2026-08-29,2026-09-28,2026-09-29T13:00:00Z,,2993.35,76.93,0.00,0.00,0.00,3070.28,0.00
STM-DDA-00074-202509,ACC-DDA-00074,2025-08-31,2025-09-28,2025-09-29T13:00:00Z,,0.00,0.00,0.00,0.00,0.00,0.00,0.00
STM-DDA-00074-202510,ACC-DDA-00074,2025-09-29,2025-10-28,2025-10-29T13:00:00Z,,0.00,108.76,0.00,0.00,0.00,108.76,0.00
STM-DDA-00074-202511,ACC-DDA-00074,2025-10-29,2025-11-28,2025-11-29T14:00:00Z,,108.76,287.20,0.00,0.00,0.00,395.96,0.00
STM-DDA-00074-202512,ACC-DDA-00074,2025-11-29,2025-12-28,2025-12-29T14:00:00Z,,395.96,0.00,0.00,0.00,0.00,395.96,0.00
STM-DDA-00074-202601,ACC-DDA-00074,2025-12-29,2026-01-28,2026-01-29T14:00:00Z,,395.96,146.37,0.00,0.00,0.00,542.33,0.00
STM-DDA-00074-202602,ACC-DDA-00074,2026-01-29,2026-02-28,2026-03-01T14:00:00Z,,542.33,0.00,0.00,0.00,0.00,542.33,0.00
STM-DDA-00074-202603,ACC-DDA-00074,2026-03-01,2026-03-28,2026-03-29T13:00:00Z,,542.33,360.22,0.00,0.00,0.00,902.55,0.00
STM-DDA-00074-202604,ACC-DDA-00074,2026-03-29,2026-04-28,2026-04-29T13:00:00Z,,902.55,0.00,0.00,0.00,0.00,902.55,0.00
STM-DDA-00074-202605,ACC-DDA-00074,2026-04-29,2026-05-28,2026-05-29T13:00:00Z,,902.55,62.33,0.00,0.00,0.00,964.88,0.00
STM-DDA-00074-202606,ACC-DDA-00074,2026-05-29,2026-06-28,2026-06-29T13:00:00Z,,964.88,0.00,0.00,0.00,0.00,964.88,0.00
STM-DDA-00074-202607,ACC-DDA-00074,2026-06-29,2026-07-28,2026-07-29T13:00:00Z,,964.88,45.38,0.00,0.00,0.00,1010.26,0.00
STM-DDA-00074-202608,ACC-DDA-00074,2026-07-29,2026-08-28,2026-08-29T13:00:00Z,,1010.26,51.93,0.00,0.00,0.00,1062.19,0.00
STM-DDA-00074-202609,ACC-DDA-00074,2026-08-29,2026-09-28,2026-09-29T13:00:00Z,,1062.19,0.00,0.00,0.00,0.00,1062.19,0.00
STM-DDA-00075-202509,ACC-DDA-00075,2025-08-31,2025-09-28,2025-09-29T13:00:00Z,,0.00,0.00,0.00,0.00,0.00,0.00,0.00
STM-DDA-00075-202510,ACC-DDA-00075,2025-09-29,2025-10-28,2025-10-29T13:00:00Z,,0.00,96.54,0.00,0.00,0.00,96.54,0.00
STM-DDA-00075-202511,ACC-DDA-00075,2025-10-29,2025-11-28,2025-11-29T14:00:00Z,,96.54,301.83,0.00,0.00,0.00,398.37,0.00
STM-DDA-00075-202512,ACC-DDA-00075,2025-11-29,2025-12-28,2025-12-29T14:00:00Z,,398.37,420.89,0.00,0.00,0.00,819.26,0.00
STM-DDA-00075-202601,ACC-DDA-00075,2025-12-29,2026-01-28,2026-01-29T14:00:00Z,,819.26,272.34,0.00,0.00,0.00,1091.60,0.00
STM-DDA-00075-202602,ACC-DDA-00075,2026-01-29,2026-02-28,2026-03-01T14:00:00Z,,1091.60,161.80,0.00,0.00,0.00,1253.40,0.00
STM-DDA-00075-202603,ACC-DDA-00075,2026-03-01,2026-03-28,2026-03-29T13:00:00Z,,1253.40,131.50,0.00,0.00,0.00,1384.90,0.00
STM-DDA-00075-202604,ACC-DDA-00075,2026-03-29,2026-04-28,2026-04-29T13:00:00Z,,1384.90,324.29,0.00,0.00,0.00,1709.19,0.00
STM-DDA-00075-202605,ACC-DDA-00075,2026-04-29,2026-05-28,2026-05-29T13:00:00Z,,1709.19,82.68,0.00,0.00,0.00,1791.87,0.00
STM-DDA-00075-202606,ACC-DDA-00075,2026-05-29,2026-06-28,2026-06-29T13:00:00Z,,1791.87,380.30,0.00,0.00,0.00,2172.17,0.00
STM-DDA-00075-202607,ACC-DDA-00075,2026-06-29,2026-07-28,2026-07-29T13:00:00Z,,2172.17,295.26,0.00,0.00,0.00,2467.43,0.00
STM-DDA-00075-202608,ACC-DDA-00075,2026-07-29,2026-08-28,2026-08-29T13:00:00Z,,2467.43,196.81,0.00,0.00,0.00,2664.24,0.00
STM-DDA-00075-202609,ACC-DDA-00075,2026-08-29,2026-09-28,2026-09-29T13:00:00Z,,2664.24,104.22,0.00,0.00,0.00,2768.46,0.00
STM-DDA-00076-202606,ACC-DDA-00076,2026-06-11,2026-06-28,2026-06-29T13:00:00Z,,0.00,0.00,0.00,0.00,0.00,0.00,0.00
STM-DDA-00076-202607,ACC-DDA-00076,2026-06-29,2026-07-28,2026-07-29T13:00:00Z,,0.00,39.54,0.00,0.00,0.00,39.54,0.00
STM-DDA-00076-202608,ACC-DDA-00076,2026-07-29,2026-08-28,2026-08-29T13:00:00Z,,39.54,40.34,0.00,0.00,0.00,79.88,0.00
STM-DDA-00076-202609,ACC-DDA-00076,2026-08-29,2026-09-28,2026-09-29T13:00:00Z,,79.88,0.00,0.00,0.00,0.00,79.88,0.00
STM-DDA-00077-202512,ACC-DDA-00077,2025-12-23,2025-12-28,2025-12-29T14:00:00Z,,0.00,0.00,0.00,0.00,0.00,0.00,0.00
STM-DDA-00077-202601,ACC-DDA-00077,2025-12-29,2026-01-28,2026-01-29T14:00:00Z,,0.00,0.00,0.00,0.00,0.00,0.00,0.00
STM-DDA-00077-202602,ACC-DDA-00077,2026-01-29,2026-02-28,2026-03-01T14:00:00Z,,0.00,104.65,0.00,0.00,0.00,104.65,0.00
STM-DDA-00077-202603,ACC-DDA-00077,2026-03-01,2026-03-28,2026-03-29T13:00:00Z,,104.65,0.00,0.00,0.00,0.00,104.65,0.00
STM-DDA-00077-202604,ACC-DDA-00077,2026-03-29,2026-04-28,2026-04-29T13:00:00Z,,104.65,234.68,0.00,0.00,0.00,339.33,0.00
STM-DDA-00077-202605,ACC-DDA-00077,2026-04-29,2026-05-28,2026-05-29T13:00:00Z,,339.33,0.00,0.00,0.00,0.00,339.33,0.00
STM-DDA-00077-202606,ACC-DDA-00077,2026-05-29,2026-06-28,2026-06-29T13:00:00Z,,339.33,43.16,0.00,0.00,0.00,382.49,0.00
STM-DDA-00077-202607,ACC-DDA-00077,2026-06-29,2026-07-28,2026-07-29T13:00:00Z,,382.49,129.11,0.00,0.00,0.00,511.60,0.00
STM-DDA-00077-202608,ACC-DDA-00077,2026-07-29,2026-08-28,2026-08-29T13:00:00Z,,511.60,12.33,0.00,0.00,0.00,523.93,0.00
STM-DDA-00077-202609,ACC-DDA-00077,2026-08-29,2026-09-28,2026-09-29T13:00:00Z,,523.93,0.00,0.00,0.00,0.00,523.93,0.00
STM-DDA-00078-202509,ACC-DDA-00078,2025-08-31,2025-09-28,2025-09-29T13:00:00Z,,0.00,0.00,0.00,0.00,0.00,0.00,0.00
STM-DDA-00078-202510,ACC-DDA-00078,2025-09-29,2025-10-28,2025-10-29T13:00:00Z,,0.00,0.00,0.00,0.00,0.00,0.00,0.00
STM-DDA-00078-202511,ACC-DDA-00078,2025-10-29,2025-11-28,2025-11-29T14:00:00Z,,0.00,151.66,0.00,0.00,0.00,151.66,0.00
STM-DDA-00078-202512,ACC-DDA-00078,2025-11-29,2025-12-28,2025-12-29T14:00:00Z,,151.66,310.26,0.00,0.00,0.00,461.92,0.00
STM-DDA-00078-202601,ACC-DDA-00078,2025-12-29,2026-01-28,2026-01-29T14:00:00Z,,461.92,0.00,0.00,0.00,0.00,461.92,0.00
STM-DDA-00078-202602,ACC-DDA-00078,2026-01-29,2026-02-28,2026-03-01T14:00:00Z,,461.92,38.66,0.00,0.00,0.00,500.58,0.00
STM-DDA-00078-202603,ACC-DDA-00078,2026-03-01,2026-03-28,2026-03-29T13:00:00Z,,500.58,53.65,0.00,0.00,0.00,554.23,0.00
STM-DDA-00078-202604,ACC-DDA-00078,2026-03-29,2026-04-28,2026-04-29T13:00:00Z,,554.23,638.65,0.00,0.00,0.00,1192.88,0.00
STM-DDA-00078-202605,ACC-DDA-00078,2026-04-29,2026-05-28,2026-05-29T13:00:00Z,,1192.88,70.59,0.00,0.00,0.00,1263.47,0.00
STM-DDA-00078-202606,ACC-DDA-00078,2026-05-29,2026-06-28,2026-06-29T13:00:00Z,,1263.47,94.98,0.00,0.00,0.00,1358.45,0.00
STM-DDA-00078-202607,ACC-DDA-00078,2026-06-29,2026-07-28,2026-07-29T13:00:00Z,,1358.45,0.00,0.00,0.00,0.00,1358.45,0.00
STM-DDA-00078-202608,ACC-DDA-00078,2026-07-29,2026-08-28,2026-08-29T13:00:00Z,,1358.45,55.56,0.00,0.00,0.00,1414.01,0.00
STM-DDA-00078-202609,ACC-DDA-00078,2026-08-29,2026-09-28,2026-09-29T13:00:00Z,,1414.01,87.84,0.00,0.00,0.00,1501.85,0.00
STM-DDA-00079-202509,ACC-DDA-00079,2025-08-31,2025-09-28,2025-09-29T13:00:00Z,,0.00,0.00,0.00,0.00,0.00,0.00,0.00
STM-DDA-00079-202510,ACC-DDA-00079,2025-09-29,2025-10-28,2025-10-29T13:00:00Z,,0.00,139.35,0.00,0.00,0.00,139.35,0.00
STM-DDA-00079-202511,ACC-DDA-00079,2025-10-29,2025-11-28,2025-11-29T14:00:00Z,,139.35,156.47,0.00,0.00,0.00,295.82,0.00
STM-DDA-00079-202512,ACC-DDA-00079,2025-11-29,2025-12-28,2025-12-29T14:00:00Z,,295.82,206.26,0.00,0.00,0.00,502.08,0.00
STM-DDA-00079-202601,ACC-DDA-00079,2025-12-29,2026-01-28,2026-01-29T14:00:00Z,,502.08,62.45,0.00,0.00,0.00,564.53,0.00
STM-DDA-00079-202602,ACC-DDA-00079,2026-01-29,2026-02-28,2026-03-01T14:00:00Z,,564.53,162.56,0.00,0.00,0.00,727.09,0.00
STM-DDA-00079-202603,ACC-DDA-00079,2026-03-01,2026-03-28,2026-03-29T13:00:00Z,,727.09,14.93,0.00,0.00,0.00,742.02,0.00
STM-DDA-00079-202604,ACC-DDA-00079,2026-03-29,2026-04-28,2026-04-29T13:00:00Z,,742.02,122.58,0.00,0.00,0.00,864.60,0.00
STM-DDA-00079-202605,ACC-DDA-00079,2026-04-29,2026-05-28,2026-05-29T13:00:00Z,,864.60,0.00,0.00,0.00,0.00,864.60,0.00
STM-DDA-00079-202606,ACC-DDA-00079,2026-05-29,2026-06-28,2026-06-29T13:00:00Z,,864.60,160.98,0.00,0.00,0.00,1025.58,0.00
STM-DDA-00079-202607,ACC-DDA-00079,2026-06-29,2026-07-28,2026-07-29T13:00:00Z,,1025.58,101.65,0.00,0.00,0.00,1127.23,0.00
STM-DDA-00079-202608,ACC-DDA-00079,2026-07-29,2026-08-28,2026-08-29T13:00:00Z,,1127.23,115.99,0.00,0.00,0.00,1243.22,0.00
STM-DDA-00079-202609,ACC-DDA-00079,2026-08-29,2026-09-28,2026-09-29T13:00:00Z,,1243.22,0.00,0.00,0.00,0.00,1243.22,0.00
STM-DDA-90008-202609,ACC-DDA-90008,2026-09-24,2026-09-28,2026-09-29T13:00:00Z,,0.00,0.00,0.00,0.00,0.00,0.00,0.00
STM-DDA-90023-202509,ACC-DDA-90023,2025-08-31,2025-09-28,2025-09-29T13:00:00Z,,0.00,0.00,0.00,0.00,0.00,0.00,0.00
STM-DDA-90023-202510,ACC-DDA-90023,2025-09-29,2025-10-28,2025-10-29T13:00:00Z,,0.00,261.39,0.00,0.00,0.00,261.39,0.00
STM-DDA-90023-202511,ACC-DDA-90023,2025-10-29,2025-11-28,2025-11-29T14:00:00Z,,261.39,742.31,0.00,0.00,0.00,1003.70,0.00
STM-DDA-90023-202512,ACC-DDA-90023,2025-11-29,2025-12-28,2025-12-29T14:00:00Z,,1003.70,733.59,0.00,0.00,0.00,1737.29,0.00
STM-DDA-90023-202601,ACC-DDA-90023,2025-12-29,2026-01-28,2026-01-29T14:00:00Z,,1737.29,292.17,0.00,0.00,0.00,2029.46,0.00
STM-DDA-90023-202602,ACC-DDA-90023,2026-01-29,2026-02-28,2026-03-01T14:00:00Z,,2029.46,380.19,0.00,0.00,0.00,2409.65,0.00
STM-DDA-90023-202603,ACC-DDA-90023,2026-03-01,2026-03-28,2026-03-29T13:00:00Z,,2409.65,174.73,0.00,0.00,0.00,2584.38,0.00
STM-DDA-90023-202604,ACC-DDA-90023,2026-03-29,2026-04-28,2026-04-29T13:00:00Z,,2584.38,331.44,0.00,0.00,0.00,2915.82,0.00
STM-DDA-90023-202605,ACC-DDA-90023,2026-04-29,2026-05-28,2026-05-29T13:00:00Z,,2915.82,509.07,0.00,0.00,0.00,3424.89,0.00
STM-DDA-90023-202606,ACC-DDA-90023,2026-05-29,2026-06-28,2026-06-29T13:00:00Z,,3424.89,239.07,0.00,0.00,0.00,3663.96,0.00
STM-DDA-90023-202607,ACC-DDA-90023,2026-06-29,2026-07-28,2026-07-29T13:00:00Z,,3663.96,307.53,0.00,0.00,0.00,3971.49,0.00
STM-DDA-90023-202608,ACC-DDA-90023,2026-07-29,2026-08-28,2026-08-29T13:00:00Z,,3971.49,184.84,0.00,0.00,0.00,4156.33,0.00
STM-DDA-90023-202609,ACC-DDA-90023,2026-08-29,2026-09-28,2026-09-29T13:00:00Z,,4156.33,524.72,0.00,0.00,0.00,4681.05,0.00
